ISO-10303-21;
HEADER;
/* Generated by software containing ST-Developer
 * from STEP Tools, Inc. (www.steptools.com) 
 */

FILE_DESCRIPTION(
/* description */ (''),
/* implementation_level */ '2;1');

FILE_NAME(
/* name */ 'AOM-4544P-R.ipt.step',
/* time_stamp */ '2024-02-07T22:20:28-05:00',
/* author */ ('pitzer'),
/* organization */ (''),
/* preprocessor_version */ 'ST-DEVELOPER v20',
/* originating_system */ 'Autodesk Inventor 2024',
/* authorisation */ '');

FILE_SCHEMA (('AUTOMOTIVE_DESIGN { 1 0 10303 214 3 1 1 }'));
ENDSEC;

DATA;
#10=MECHANICAL_DESIGN_GEOMETRIC_PRESENTATION_REPRESENTATION('',(#37,#38,
#39,#40,#41,#42,#43,#44,#45,#46,#47,#48,#49,#50,#51,#52,#53,#54,#55,#56,
#57,#58,#59,#60,#61),#7416);
#11=SHAPE_REPRESENTATION_RELATIONSHIP('SRR','None',#7423,#12);
#12=ADVANCED_BREP_SHAPE_REPRESENTATION('',(#2689),#7415);
#13=ORIENTED_CLOSED_SHELL('',*,#2688,.F.);
#14=TOROIDAL_SURFACE('',#2822,4.51104409942824,0.15);
#15=TOROIDAL_SURFACE('',#2827,4.35,0.5);
#16=TOROIDAL_SURFACE('',#2833,4.35,0.5);
#17=FACE_BOUND('',#544,.T.);
#18=FACE_BOUND('',#545,.T.);
#19=FACE_BOUND('',#611,.T.);
#20=FACE_BOUND('',#626,.T.);
#21=FACE_BOUND('',#629,.T.);
#22=FACE_BOUND('',#630,.T.);
#23=FACE_BOUND('',#631,.T.);
#24=FACE_BOUND('',#632,.T.);
#25=FACE_BOUND('',#633,.T.);
#26=FACE_BOUND('',#634,.T.);
#27=ELLIPSE('',#2764,1.12679191566397,0.2);
#28=ELLIPSE('',#2766,1.12679191551429,0.2);
#29=ELLIPSE('',#2789,1.61597558170852,0.5);
#30=ELLIPSE('',#2790,0.58309518948453,0.5);
#31=ELLIPSE('',#2797,1.56568741474095,0.3);
#32=ELLIPSE('',#2798,0.58309518948453,0.5);
#33=ELLIPSE('',#2804,1.5656874148322,0.3);
#34=ELLIPSE('',#2805,1.61597558179693,0.5);
#35=ELLIPSE('',#2806,0.583095189490624,0.5);
#36=ELLIPSE('',#2807,0.583095189490624,0.5);
#37=STYLED_ITEM('',(#7433),#2587);
#38=STYLED_ITEM('',(#7433),#2588);
#39=STYLED_ITEM('',(#7433),#2589);
#40=STYLED_ITEM('',(#7434),#2590);
#41=STYLED_ITEM('',(#7434),#2591);
#42=STYLED_ITEM('',(#7435),#2592);
#43=STYLED_ITEM('',(#7435),#2593);
#44=STYLED_ITEM('',(#7435),#2594);
#45=STYLED_ITEM('',(#7435),#2595);
#46=STYLED_ITEM('',(#7435),#2596);
#47=STYLED_ITEM('',(#7435),#2597);
#48=STYLED_ITEM('',(#7435),#2598);
#49=STYLED_ITEM('',(#7434),#2659);
#50=STYLED_ITEM('',(#7436),#2664);
#51=STYLED_ITEM('',(#7436),#2665);
#52=STYLED_ITEM('',(#7437),#2672);
#53=STYLED_ITEM('',(#7437),#2673);
#54=STYLED_ITEM('',(#7437),#2674);
#55=STYLED_ITEM('',(#7437),#2675);
#56=STYLED_ITEM('',(#7437),#2676);
#57=STYLED_ITEM('',(#7437),#2677);
#58=STYLED_ITEM('',(#7437),#2678);
#59=STYLED_ITEM('',(#7437),#2679);
#60=STYLED_ITEM('',(#7437),#2680);
#61=STYLED_ITEM('',(#7432),#2689);
#62=CYLINDRICAL_SURFACE('',#2751,0.5);
#63=CYLINDRICAL_SURFACE('',#2767,4.14679392342648);
#64=CYLINDRICAL_SURFACE('',#2771,4.14679392342648);
#65=CYLINDRICAL_SURFACE('',#2774,0.45);
#66=CYLINDRICAL_SURFACE('',#2781,0.5);
#67=CYLINDRICAL_SURFACE('',#2788,0.5);
#68=CYLINDRICAL_SURFACE('',#2794,0.2);
#69=CYLINDRICAL_SURFACE('',#2799,0.5);
#70=CYLINDRICAL_SURFACE('',#2801,0.2);
#71=CYLINDRICAL_SURFACE('',#2808,0.5);
#72=CYLINDRICAL_SURFACE('',#2812,0.5);
#73=CYLINDRICAL_SURFACE('',#2826,4.36104409942824);
#74=CYLINDRICAL_SURFACE('',#2831,4.85);
#75=CYLINDRICAL_SURFACE('',#2840,4.3125);
#76=CYLINDRICAL_SURFACE('',#2855,3.85);
#77=CYLINDRICAL_SURFACE('',#2857,1.225);
#78=CYLINDRICAL_SURFACE('',#2860,1.225);
#79=CYLINDRICAL_SURFACE('',#2863,1.225);
#80=CYLINDRICAL_SURFACE('',#2869,1.225);
#81=CYLINDRICAL_SURFACE('',#2879,1.225);
#82=CYLINDRICAL_SURFACE('',#2880,0.225);
#83=CYLINDRICAL_SURFACE('',#2881,0.225);
#84=CYLINDRICAL_SURFACE('',#2882,0.225);
#85=CYLINDRICAL_SURFACE('',#2883,0.225);
#86=CYLINDRICAL_SURFACE('',#2884,0.225);
#87=CYLINDRICAL_SURFACE('',#2885,0.225);
#88=PLANE('',#2741);
#89=PLANE('',#2742);
#90=PLANE('',#2743);
#91=PLANE('',#2744);
#92=PLANE('',#2745);
#93=PLANE('',#2746);
#94=PLANE('',#2747);
#95=PLANE('',#2748);
#96=PLANE('',#2749);
#97=PLANE('',#2750);
#98=PLANE('',#2752);
#99=PLANE('',#2753);
#100=PLANE('',#2754);
#101=PLANE('',#2755);
#102=PLANE('',#2756);
#103=PLANE('',#2759);
#104=PLANE('',#2761);
#105=PLANE('',#2763);
#106=PLANE('',#2769);
#107=PLANE('',#2770);
#108=PLANE('',#2773);
#109=PLANE('',#2776);
#110=PLANE('',#2791);
#111=PLANE('',#2800);
#112=PLANE('',#2809);
#113=PLANE('',#2813);
#114=PLANE('',#2821);
#115=PLANE('',#2836);
#116=PLANE('',#2838);
#117=PLANE('',#2841);
#118=PLANE('',#2843);
#119=PLANE('',#2845);
#120=PLANE('',#2847);
#121=PLANE('',#2849);
#122=PLANE('',#2851);
#123=PLANE('',#2853);
#124=PLANE('',#2866);
#125=PLANE('',#2871);
#126=LINE('',#4068,#206);
#127=LINE('',#4676,#207);
#128=LINE('',#4678,#208);
#129=LINE('',#4684,#209);
#130=LINE('',#4911,#210);
#131=LINE('',#4917,#211);
#132=LINE('',#5129,#212);
#133=LINE('',#5141,#213);
#134=LINE('',#5208,#214);
#135=LINE('',#5347,#215);
#136=LINE('',#5350,#216);
#137=LINE('',#5352,#217);
#138=LINE('',#5353,#218);
#139=LINE('',#5356,#219);
#140=LINE('',#5357,#220);
#141=LINE('',#5416,#221);
#142=LINE('',#5565,#222);
#143=LINE('',#5622,#223);
#144=LINE('',#5633,#224);
#145=LINE('',#5636,#225);
#146=LINE('',#5638,#226);
#147=LINE('',#5639,#227);
#148=LINE('',#5642,#228);
#149=LINE('',#5643,#229);
#150=LINE('',#5646,#230);
#151=LINE('',#5647,#231);
#152=LINE('',#5660,#232);
#153=LINE('',#5662,#233);
#154=LINE('',#5669,#234);
#155=LINE('',#5672,#235);
#156=LINE('',#5673,#236);
#157=LINE('',#5675,#237);
#158=LINE('',#5687,#238);
#159=LINE('',#5690,#239);
#160=LINE('',#5695,#240);
#161=LINE('',#5697,#241);
#162=LINE('',#5699,#242);
#163=LINE('',#5701,#243);
#164=LINE('',#5703,#244);
#165=LINE('',#5705,#245);
#166=LINE('',#5707,#246);
#167=LINE('',#5708,#247);
#168=LINE('',#5713,#248);
#169=LINE('',#5722,#249);
#170=LINE('',#5751,#250);
#171=LINE('',#5824,#251);
#172=LINE('',#5929,#252);
#173=LINE('',#5933,#253);
#174=LINE('',#5936,#254);
#175=LINE('',#5947,#255);
#176=LINE('',#5948,#256);
#177=LINE('',#5955,#257);
#178=LINE('',#5959,#258);
#179=LINE('',#5961,#259);
#180=LINE('',#5964,#260);
#181=LINE('',#6533,#261);
#182=LINE('',#6538,#262);
#183=LINE('',#6696,#263);
#184=LINE('',#6734,#264);
#185=LINE('',#6740,#265);
#186=LINE('',#6741,#266);
#187=LINE('',#6784,#267);
#188=LINE('',#6796,#268);
#189=LINE('',#6905,#269);
#190=LINE('',#6906,#270);
#191=LINE('',#7309,#271);
#192=LINE('',#7319,#272);
#193=LINE('',#7331,#273);
#194=LINE('',#7355,#274);
#195=LINE('',#7360,#275);
#196=LINE('',#7364,#276);
#197=LINE('',#7369,#277);
#198=LINE('',#7375,#278);
#199=LINE('',#7385,#279);
#200=LINE('',#7402,#280);
#201=LINE('',#7404,#281);
#202=LINE('',#7406,#282);
#203=LINE('',#7408,#283);
#204=LINE('',#7410,#284);
#205=LINE('',#7412,#285);
#206=VECTOR('',#2918,1.22182417257763);
#207=VECTOR('',#2949,1.22182417237464);
#208=VECTOR('',#2950,10.);
#209=VECTOR('',#2951,10.);
#210=VECTOR('',#2954,10.);
#211=VECTOR('',#2955,10.);
#212=VECTOR('',#2956,10.);
#213=VECTOR('',#2957,10.);
#214=VECTOR('',#2958,10.);
#215=VECTOR('',#2959,10.);
#216=VECTOR('',#2962,10.);
#217=VECTOR('',#2963,10.);
#218=VECTOR('',#2964,10.);
#219=VECTOR('',#2967,10.);
#220=VECTOR('',#2968,10.);
#221=VECTOR('',#2969,10.);
#222=VECTOR('',#2970,10.);
#223=VECTOR('',#2971,10.);
#224=VECTOR('',#2972,10.);
#225=VECTOR('',#2975,10.);
#226=VECTOR('',#2976,10.);
#227=VECTOR('',#2977,10.);
#228=VECTOR('',#2980,10.);
#229=VECTOR('',#2981,10.);
#230=VECTOR('',#2984,10.);
#231=VECTOR('',#2985,10.);
#232=VECTOR('',#2988,10.);
#233=VECTOR('',#2989,10.);
#234=VECTOR('',#2990,10.);
#235=VECTOR('',#2993,10.);
#236=VECTOR('',#2994,10.);
#237=VECTOR('',#2997,10.);
#238=VECTOR('',#3000,10.);
#239=VECTOR('',#3005,10.);
#240=VECTOR('',#3010,10.);
#241=VECTOR('',#3011,10.);
#242=VECTOR('',#3012,10.);
#243=VECTOR('',#3013,10.);
#244=VECTOR('',#3014,10.);
#245=VECTOR('',#3015,10.);
#246=VECTOR('',#3016,10.);
#247=VECTOR('',#3017,10.);
#248=VECTOR('',#3022,10.);
#249=VECTOR('',#3033,10.);
#250=VECTOR('',#3038,10.);
#251=VECTOR('',#3039,10.);
#252=VECTOR('',#3042,10.);
#253=VECTOR('',#3047,10.);
#254=VECTOR('',#3050,10.);
#255=VECTOR('',#3053,10.);
#256=VECTOR('',#3054,10.);
#257=VECTOR('',#3057,10.);
#258=VECTOR('',#3062,10.);
#259=VECTOR('',#3065,10.);
#260=VECTOR('',#3068,0.45);
#261=VECTOR('',#3097,10.);
#262=VECTOR('',#3104,10.);
#263=VECTOR('',#3113,10.);
#264=VECTOR('',#3122,10.);
#265=VECTOR('',#3129,10.);
#266=VECTOR('',#3130,10.);
#267=VECTOR('',#3143,10.);
#268=VECTOR('',#3144,10.);
#269=VECTOR('',#3153,10.);
#270=VECTOR('',#3154,10.);
#271=VECTOR('',#3183,4.36104409942824);
#272=VECTOR('',#3196,4.85);
#273=VECTOR('',#3213,4.3125);
#274=VECTOR('',#3244,4.85);
#275=VECTOR('',#3249,10.);
#276=VECTOR('',#3252,10.);
#277=VECTOR('',#3257,10.);
#278=VECTOR('',#3264,10.);
#279=VECTOR('',#3279,10.);
#280=VECTOR('',#3300,0.225);
#281=VECTOR('',#3303,0.225);
#282=VECTOR('',#3306,0.225);
#283=VECTOR('',#3309,0.225);
#284=VECTOR('',#3312,0.225);
#285=VECTOR('',#3315,0.225);
#286=FACE_OUTER_BOUND('',#459,.T.);
#287=FACE_OUTER_BOUND('',#460,.T.);
#288=FACE_OUTER_BOUND('',#461,.T.);
#289=FACE_OUTER_BOUND('',#462,.T.);
#290=FACE_OUTER_BOUND('',#463,.T.);
#291=FACE_OUTER_BOUND('',#464,.T.);
#292=FACE_OUTER_BOUND('',#465,.T.);
#293=FACE_OUTER_BOUND('',#466,.T.);
#294=FACE_OUTER_BOUND('',#467,.T.);
#295=FACE_OUTER_BOUND('',#468,.T.);
#296=FACE_OUTER_BOUND('',#469,.T.);
#297=FACE_OUTER_BOUND('',#470,.T.);
#298=FACE_OUTER_BOUND('',#471,.T.);
#299=FACE_OUTER_BOUND('',#472,.T.);
#300=FACE_OUTER_BOUND('',#473,.T.);
#301=FACE_OUTER_BOUND('',#474,.T.);
#302=FACE_OUTER_BOUND('',#475,.T.);
#303=FACE_OUTER_BOUND('',#476,.T.);
#304=FACE_OUTER_BOUND('',#477,.T.);
#305=FACE_OUTER_BOUND('',#478,.T.);
#306=FACE_OUTER_BOUND('',#479,.T.);
#307=FACE_OUTER_BOUND('',#480,.T.);
#308=FACE_OUTER_BOUND('',#481,.T.);
#309=FACE_OUTER_BOUND('',#482,.T.);
#310=FACE_OUTER_BOUND('',#483,.T.);
#311=FACE_OUTER_BOUND('',#484,.T.);
#312=FACE_OUTER_BOUND('',#485,.T.);
#313=FACE_OUTER_BOUND('',#486,.T.);
#314=FACE_OUTER_BOUND('',#487,.T.);
#315=FACE_OUTER_BOUND('',#488,.T.);
#316=FACE_OUTER_BOUND('',#489,.T.);
#317=FACE_OUTER_BOUND('',#490,.T.);
#318=FACE_OUTER_BOUND('',#491,.T.);
#319=FACE_OUTER_BOUND('',#492,.T.);
#320=FACE_OUTER_BOUND('',#493,.T.);
#321=FACE_OUTER_BOUND('',#494,.T.);
#322=FACE_OUTER_BOUND('',#495,.T.);
#323=FACE_OUTER_BOUND('',#496,.T.);
#324=FACE_OUTER_BOUND('',#497,.T.);
#325=FACE_OUTER_BOUND('',#498,.T.);
#326=FACE_OUTER_BOUND('',#499,.T.);
#327=FACE_OUTER_BOUND('',#500,.T.);
#328=FACE_OUTER_BOUND('',#501,.T.);
#329=FACE_OUTER_BOUND('',#502,.T.);
#330=FACE_OUTER_BOUND('',#503,.T.);
#331=FACE_OUTER_BOUND('',#504,.T.);
#332=FACE_OUTER_BOUND('',#505,.T.);
#333=FACE_OUTER_BOUND('',#506,.T.);
#334=FACE_OUTER_BOUND('',#507,.T.);
#335=FACE_OUTER_BOUND('',#508,.T.);
#336=FACE_OUTER_BOUND('',#509,.T.);
#337=FACE_OUTER_BOUND('',#510,.T.);
#338=FACE_OUTER_BOUND('',#511,.T.);
#339=FACE_OUTER_BOUND('',#512,.T.);
#340=FACE_OUTER_BOUND('',#513,.T.);
#341=FACE_OUTER_BOUND('',#514,.T.);
#342=FACE_OUTER_BOUND('',#515,.T.);
#343=FACE_OUTER_BOUND('',#516,.T.);
#344=FACE_OUTER_BOUND('',#517,.T.);
#345=FACE_OUTER_BOUND('',#518,.T.);
#346=FACE_OUTER_BOUND('',#519,.T.);
#347=FACE_OUTER_BOUND('',#520,.T.);
#348=FACE_OUTER_BOUND('',#521,.T.);
#349=FACE_OUTER_BOUND('',#522,.T.);
#350=FACE_OUTER_BOUND('',#523,.T.);
#351=FACE_OUTER_BOUND('',#524,.T.);
#352=FACE_OUTER_BOUND('',#525,.T.);
#353=FACE_OUTER_BOUND('',#526,.T.);
#354=FACE_OUTER_BOUND('',#527,.T.);
#355=FACE_OUTER_BOUND('',#528,.T.);
#356=FACE_OUTER_BOUND('',#529,.T.);
#357=FACE_OUTER_BOUND('',#530,.T.);
#358=FACE_OUTER_BOUND('',#531,.T.);
#359=FACE_OUTER_BOUND('',#532,.T.);
#360=FACE_OUTER_BOUND('',#533,.T.);
#361=FACE_OUTER_BOUND('',#534,.T.);
#362=FACE_OUTER_BOUND('',#535,.T.);
#363=FACE_OUTER_BOUND('',#536,.T.);
#364=FACE_OUTER_BOUND('',#537,.T.);
#365=FACE_OUTER_BOUND('',#538,.T.);
#366=FACE_OUTER_BOUND('',#539,.T.);
#367=FACE_OUTER_BOUND('',#540,.T.);
#368=FACE_OUTER_BOUND('',#541,.T.);
#369=FACE_OUTER_BOUND('',#542,.T.);
#370=FACE_OUTER_BOUND('',#543,.T.);
#371=FACE_OUTER_BOUND('',#546,.T.);
#372=FACE_OUTER_BOUND('',#547,.T.);
#373=FACE_OUTER_BOUND('',#548,.T.);
#374=FACE_OUTER_BOUND('',#549,.T.);
#375=FACE_OUTER_BOUND('',#550,.T.);
#376=FACE_OUTER_BOUND('',#551,.T.);
#377=FACE_OUTER_BOUND('',#552,.T.);
#378=FACE_OUTER_BOUND('',#553,.T.);
#379=FACE_OUTER_BOUND('',#554,.T.);
#380=FACE_OUTER_BOUND('',#555,.T.);
#381=FACE_OUTER_BOUND('',#556,.T.);
#382=FACE_OUTER_BOUND('',#557,.T.);
#383=FACE_OUTER_BOUND('',#558,.T.);
#384=FACE_OUTER_BOUND('',#559,.T.);
#385=FACE_OUTER_BOUND('',#560,.T.);
#386=FACE_OUTER_BOUND('',#561,.T.);
#387=FACE_OUTER_BOUND('',#562,.T.);
#388=FACE_OUTER_BOUND('',#563,.T.);
#389=FACE_OUTER_BOUND('',#564,.T.);
#390=FACE_OUTER_BOUND('',#565,.T.);
#391=FACE_OUTER_BOUND('',#566,.T.);
#392=FACE_OUTER_BOUND('',#567,.T.);
#393=FACE_OUTER_BOUND('',#568,.T.);
#394=FACE_OUTER_BOUND('',#569,.T.);
#395=FACE_OUTER_BOUND('',#570,.T.);
#396=FACE_OUTER_BOUND('',#571,.T.);
#397=FACE_OUTER_BOUND('',#572,.T.);
#398=FACE_OUTER_BOUND('',#573,.T.);
#399=FACE_OUTER_BOUND('',#574,.T.);
#400=FACE_OUTER_BOUND('',#575,.T.);
#401=FACE_OUTER_BOUND('',#576,.T.);
#402=FACE_OUTER_BOUND('',#577,.T.);
#403=FACE_OUTER_BOUND('',#578,.T.);
#404=FACE_OUTER_BOUND('',#579,.T.);
#405=FACE_OUTER_BOUND('',#580,.T.);
#406=FACE_OUTER_BOUND('',#581,.T.);
#407=FACE_OUTER_BOUND('',#582,.T.);
#408=FACE_OUTER_BOUND('',#583,.T.);
#409=FACE_OUTER_BOUND('',#584,.T.);
#410=FACE_OUTER_BOUND('',#585,.T.);
#411=FACE_OUTER_BOUND('',#586,.T.);
#412=FACE_OUTER_BOUND('',#587,.T.);
#413=FACE_OUTER_BOUND('',#588,.T.);
#414=FACE_OUTER_BOUND('',#589,.T.);
#415=FACE_OUTER_BOUND('',#590,.T.);
#416=FACE_OUTER_BOUND('',#591,.T.);
#417=FACE_OUTER_BOUND('',#592,.T.);
#418=FACE_OUTER_BOUND('',#593,.T.);
#419=FACE_OUTER_BOUND('',#594,.T.);
#420=FACE_OUTER_BOUND('',#595,.T.);
#421=FACE_OUTER_BOUND('',#596,.T.);
#422=FACE_OUTER_BOUND('',#597,.T.);
#423=FACE_OUTER_BOUND('',#598,.T.);
#424=FACE_OUTER_BOUND('',#599,.T.);
#425=FACE_OUTER_BOUND('',#600,.T.);
#426=FACE_OUTER_BOUND('',#601,.T.);
#427=FACE_OUTER_BOUND('',#602,.T.);
#428=FACE_OUTER_BOUND('',#603,.T.);
#429=FACE_OUTER_BOUND('',#604,.T.);
#430=FACE_OUTER_BOUND('',#605,.T.);
#431=FACE_OUTER_BOUND('',#606,.T.);
#432=FACE_OUTER_BOUND('',#607,.T.);
#433=FACE_OUTER_BOUND('',#608,.T.);
#434=FACE_OUTER_BOUND('',#609,.T.);
#435=FACE_OUTER_BOUND('',#610,.T.);
#436=FACE_OUTER_BOUND('',#612,.T.);
#437=FACE_OUTER_BOUND('',#613,.T.);
#438=FACE_OUTER_BOUND('',#614,.T.);
#439=FACE_OUTER_BOUND('',#615,.T.);
#440=FACE_OUTER_BOUND('',#616,.T.);
#441=FACE_OUTER_BOUND('',#617,.T.);
#442=FACE_OUTER_BOUND('',#618,.T.);
#443=FACE_OUTER_BOUND('',#619,.T.);
#444=FACE_OUTER_BOUND('',#620,.T.);
#445=FACE_OUTER_BOUND('',#621,.T.);
#446=FACE_OUTER_BOUND('',#622,.T.);
#447=FACE_OUTER_BOUND('',#623,.T.);
#448=FACE_OUTER_BOUND('',#624,.T.);
#449=FACE_OUTER_BOUND('',#625,.T.);
#450=FACE_OUTER_BOUND('',#627,.T.);
#451=FACE_OUTER_BOUND('',#628,.T.);
#452=FACE_OUTER_BOUND('',#635,.T.);
#453=FACE_OUTER_BOUND('',#636,.T.);
#454=FACE_OUTER_BOUND('',#637,.T.);
#455=FACE_OUTER_BOUND('',#638,.T.);
#456=FACE_OUTER_BOUND('',#639,.T.);
#457=FACE_OUTER_BOUND('',#640,.T.);
#458=FACE_OUTER_BOUND('',#641,.T.);
#459=EDGE_LOOP('',(#1602,#1603,#1604,#1605));
#460=EDGE_LOOP('',(#1606,#1607,#1608,#1609));
#461=EDGE_LOOP('',(#1610,#1611,#1612,#1613));
#462=EDGE_LOOP('',(#1614,#1615,#1616,#1617));
#463=EDGE_LOOP('',(#1618,#1619,#1620,#1621));
#464=EDGE_LOOP('',(#1622,#1623,#1624,#1625));
#465=EDGE_LOOP('',(#1626,#1627,#1628,#1629));
#466=EDGE_LOOP('',(#1630,#1631,#1632,#1633));
#467=EDGE_LOOP('',(#1634,#1635,#1636,#1637));
#468=EDGE_LOOP('',(#1638,#1639,#1640,#1641));
#469=EDGE_LOOP('',(#1642,#1643,#1644,#1645));
#470=EDGE_LOOP('',(#1646,#1647,#1648,#1649));
#471=EDGE_LOOP('',(#1650,#1651,#1652,#1653));
#472=EDGE_LOOP('',(#1654,#1655,#1656,#1657));
#473=EDGE_LOOP('',(#1658,#1659,#1660,#1661));
#474=EDGE_LOOP('',(#1662,#1663,#1664,#1665,#1666,#1667,#1668,#1669,#1670));
#475=EDGE_LOOP('',(#1671,#1672,#1673));
#476=EDGE_LOOP('',(#1674,#1675,#1676,#1677,#1678,#1679));
#477=EDGE_LOOP('',(#1680,#1681,#1682,#1683));
#478=EDGE_LOOP('',(#1684,#1685,#1686,#1687,#1688,#1689));
#479=EDGE_LOOP('',(#1690,#1691,#1692,#1693,#1694,#1695,#1696));
#480=EDGE_LOOP('',(#1697,#1698,#1699));
#481=EDGE_LOOP('',(#1700,#1701,#1702,#1703,#1704));
#482=EDGE_LOOP('',(#1705,#1706,#1707,#1708));
#483=EDGE_LOOP('',(#1709,#1710,#1711,#1712));
#484=EDGE_LOOP('',(#1713,#1714,#1715,#1716));
#485=EDGE_LOOP('',(#1717,#1718,#1719,#1720));
#486=EDGE_LOOP('',(#1721,#1722,#1723,#1724));
#487=EDGE_LOOP('',(#1725,#1726,#1727,#1728));
#488=EDGE_LOOP('',(#1729,#1730,#1731,#1732));
#489=EDGE_LOOP('',(#1733,#1734,#1735,#1736));
#490=EDGE_LOOP('',(#1737,#1738,#1739,#1740));
#491=EDGE_LOOP('',(#1741,#1742,#1743,#1744));
#492=EDGE_LOOP('',(#1745,#1746,#1747,#1748));
#493=EDGE_LOOP('',(#1749,#1750,#1751,#1752));
#494=EDGE_LOOP('',(#1753,#1754,#1755,#1756));
#495=EDGE_LOOP('',(#1757,#1758,#1759,#1760));
#496=EDGE_LOOP('',(#1761,#1762,#1763,#1764,#1765,#1766,#1767,#1768));
#497=EDGE_LOOP('',(#1769,#1770,#1771,#1772,#1773,#1774,#1775));
#498=EDGE_LOOP('',(#1776,#1777,#1778));
#499=EDGE_LOOP('',(#1779,#1780,#1781,#1782,#1783,#1784,#1785,#1786));
#500=EDGE_LOOP('',(#1787,#1788,#1789,#1790,#1791));
#501=EDGE_LOOP('',(#1792,#1793,#1794));
#502=EDGE_LOOP('',(#1795,#1796,#1797,#1798,#1799,#1800,#1801));
#503=EDGE_LOOP('',(#1802,#1803,#1804,#1805));
#504=EDGE_LOOP('',(#1806,#1807,#1808,#1809,#1810,#1811,#1812,#1813,#1814));
#505=EDGE_LOOP('',(#1815,#1816,#1817));
#506=EDGE_LOOP('',(#1818,#1819,#1820,#1821,#1822,#1823,#1824,#1825,#1826));
#507=EDGE_LOOP('',(#1827,#1828,#1829,#1830,#1831,#1832,#1833,#1834));
#508=EDGE_LOOP('',(#1835,#1836,#1837));
#509=EDGE_LOOP('',(#1838,#1839,#1840,#1841,#1842,#1843,#1844,#1845));
#510=EDGE_LOOP('',(#1846,#1847,#1848,#1849));
#511=EDGE_LOOP('',(#1850,#1851,#1852,#1853,#1854,#1855,#1856,#1857,#1858));
#512=EDGE_LOOP('',(#1859,#1860,#1861,#1862,#1863,#1864));
#513=EDGE_LOOP('',(#1865,#1866,#1867,#1868,#1869,#1870));
#514=EDGE_LOOP('',(#1871,#1872,#1873,#1874,#1875,#1876));
#515=EDGE_LOOP('',(#1877,#1878,#1879,#1880,#1881,#1882));
#516=EDGE_LOOP('',(#1883,#1884,#1885,#1886,#1887,#1888));
#517=EDGE_LOOP('',(#1889,#1890,#1891,#1892,#1893));
#518=EDGE_LOOP('',(#1894,#1895,#1896,#1897,#1898,#1899));
#519=EDGE_LOOP('',(#1900,#1901,#1902,#1903,#1904,#1905));
#520=EDGE_LOOP('',(#1906,#1907,#1908,#1909,#1910,#1911));
#521=EDGE_LOOP('',(#1912,#1913,#1914,#1915,#1916,#1917));
#522=EDGE_LOOP('',(#1918,#1919,#1920,#1921));
#523=EDGE_LOOP('',(#1922,#1923,#1924,#1925,#1926));
#524=EDGE_LOOP('',(#1927,#1928,#1929,#1930,#1931));
#525=EDGE_LOOP('',(#1932,#1933,#1934,#1935,#1936,#1937,#1938,#1939,#1940));
#526=EDGE_LOOP('',(#1941,#1942,#1943,#1944,#1945,#1946));
#527=EDGE_LOOP('',(#1947,#1948,#1949,#1950,#1951));
#528=EDGE_LOOP('',(#1952,#1953,#1954,#1955,#1956));
#529=EDGE_LOOP('',(#1957,#1958,#1959,#1960));
#530=EDGE_LOOP('',(#1961,#1962,#1963,#1964));
#531=EDGE_LOOP('',(#1965,#1966,#1967,#1968));
#532=EDGE_LOOP('',(#1969,#1970,#1971,#1972,#1973,#1974,#1975,#1976));
#533=EDGE_LOOP('',(#1977,#1978,#1979,#1980));
#534=EDGE_LOOP('',(#1981));
#535=EDGE_LOOP('',(#1982,#1983,#1984,#1985,#1986));
#536=EDGE_LOOP('',(#1987,#1988,#1989,#1990,#1991,#1992,#1993,#1994,#1995,
#1996,#1997,#1998,#1999,#2000,#2001,#2002,#2003,#2004,#2005,#2006,#2007,
#2008,#2009,#2010,#2011,#2012,#2013,#2014));
#537=EDGE_LOOP('',(#2015,#2016,#2017,#2018,#2019,#2020));
#538=EDGE_LOOP('',(#2021,#2022,#2023,#2024));
#539=EDGE_LOOP('',(#2025,#2026,#2027,#2028));
#540=EDGE_LOOP('',(#2029,#2030,#2031,#2032,#2033,#2034));
#541=EDGE_LOOP('',(#2035,#2036,#2037,#2038));
#542=EDGE_LOOP('',(#2039,#2040,#2041,#2042));
#543=EDGE_LOOP('',(#2043));
#544=EDGE_LOOP('',(#2044,#2045,#2046,#2047,#2048,#2049,#2050));
#545=EDGE_LOOP('',(#2051));
#546=EDGE_LOOP('',(#2052,#2053,#2054,#2055,#2056,#2057,#2058,#2059));
#547=EDGE_LOOP('',(#2060,#2061,#2062,#2063,#2064,#2065));
#548=EDGE_LOOP('',(#2066,#2067,#2068,#2069));
#549=EDGE_LOOP('',(#2070,#2071,#2072,#2073));
#550=EDGE_LOOP('',(#2074,#2075,#2076));
#551=EDGE_LOOP('',(#2077,#2078,#2079,#2080,#2081));
#552=EDGE_LOOP('',(#2082,#2083,#2084,#2085));
#553=EDGE_LOOP('',(#2086,#2087,#2088,#2089));
#554=EDGE_LOOP('',(#2090,#2091,#2092));
#555=EDGE_LOOP('',(#2093,#2094,#2095,#2096,#2097));
#556=EDGE_LOOP('',(#2098,#2099,#2100,#2101,#2102));
#557=EDGE_LOOP('',(#2103,#2104,#2105,#2106));
#558=EDGE_LOOP('',(#2107,#2108,#2109,#2110));
#559=EDGE_LOOP('',(#2111,#2112,#2113));
#560=EDGE_LOOP('',(#2114,#2115,#2116,#2117));
#561=EDGE_LOOP('',(#2118,#2119,#2120,#2121,#2122,#2123));
#562=EDGE_LOOP('',(#2124,#2125,#2126,#2127));
#563=EDGE_LOOP('',(#2128,#2129,#2130,#2131));
#564=EDGE_LOOP('',(#2132,#2133,#2134));
#565=EDGE_LOOP('',(#2135,#2136,#2137,#2138,#2139,#2140));
#566=EDGE_LOOP('',(#2141,#2142,#2143,#2144));
#567=EDGE_LOOP('',(#2145,#2146,#2147,#2148));
#568=EDGE_LOOP('',(#2149,#2150,#2151,#2152));
#569=EDGE_LOOP('',(#2153,#2154,#2155));
#570=EDGE_LOOP('',(#2156,#2157,#2158,#2159,#2160));
#571=EDGE_LOOP('',(#2161,#2162,#2163,#2164,#2165));
#572=EDGE_LOOP('',(#2166,#2167,#2168,#2169));
#573=EDGE_LOOP('',(#2170,#2171,#2172,#2173));
#574=EDGE_LOOP('',(#2174,#2175,#2176));
#575=EDGE_LOOP('',(#2177,#2178,#2179,#2180));
#576=EDGE_LOOP('',(#2181,#2182,#2183,#2184,#2185,#2186));
#577=EDGE_LOOP('',(#2187,#2188,#2189,#2190));
#578=EDGE_LOOP('',(#2191,#2192,#2193,#2194));
#579=EDGE_LOOP('',(#2195,#2196,#2197));
#580=EDGE_LOOP('',(#2198,#2199,#2200,#2201,#2202,#2203));
#581=EDGE_LOOP('',(#2204,#2205,#2206,#2207));
#582=EDGE_LOOP('',(#2208,#2209,#2210,#2211));
#583=EDGE_LOOP('',(#2212,#2213,#2214,#2215));
#584=EDGE_LOOP('',(#2216,#2217,#2218));
#585=EDGE_LOOP('',(#2219,#2220,#2221,#2222));
#586=EDGE_LOOP('',(#2223,#2224,#2225,#2226,#2227,#2228));
#587=EDGE_LOOP('',(#2229,#2230,#2231,#2232));
#588=EDGE_LOOP('',(#2233,#2234,#2235,#2236));
#589=EDGE_LOOP('',(#2237,#2238,#2239));
#590=EDGE_LOOP('',(#2240,#2241,#2242,#2243,#2244));
#591=EDGE_LOOP('',(#2245,#2246,#2247,#2248,#2249));
#592=EDGE_LOOP('',(#2250,#2251,#2252,#2253));
#593=EDGE_LOOP('',(#2254,#2255,#2256,#2257));
#594=EDGE_LOOP('',(#2258,#2259,#2260));
#595=EDGE_LOOP('',(#2261,#2262,#2263,#2264,#2265));
#596=EDGE_LOOP('',(#2266,#2267,#2268,#2269));
#597=EDGE_LOOP('',(#2270,#2271,#2272));
#598=EDGE_LOOP('',(#2273,#2274,#2275,#2276,#2277));
#599=EDGE_LOOP('',(#2278,#2279,#2280,#2281,#2282));
#600=EDGE_LOOP('',(#2283,#2284,#2285,#2286));
#601=EDGE_LOOP('',(#2287,#2288,#2289,#2290));
#602=EDGE_LOOP('',(#2291,#2292,#2293));
#603=EDGE_LOOP('',(#2294,#2295,#2296,#2297));
#604=EDGE_LOOP('',(#2298,#2299,#2300,#2301,#2302,#2303,#2304,#2305,#2306));
#605=EDGE_LOOP('',(#2307,#2308,#2309,#2310));
#606=EDGE_LOOP('',(#2311,#2312,#2313,#2314));
#607=EDGE_LOOP('',(#2315,#2316,#2317,#2318,#2319));
#608=EDGE_LOOP('',(#2320,#2321,#2322,#2323,#2324));
#609=EDGE_LOOP('',(#2325,#2326,#2327,#2328));
#610=EDGE_LOOP('',(#2329));
#611=EDGE_LOOP('',(#2330));
#612=EDGE_LOOP('',(#2331));
#613=EDGE_LOOP('',(#2332,#2333,#2334,#2335));
#614=EDGE_LOOP('',(#2336));
#615=EDGE_LOOP('',(#2337));
#616=EDGE_LOOP('',(#2338));
#617=EDGE_LOOP('',(#2339));
#618=EDGE_LOOP('',(#2340));
#619=EDGE_LOOP('',(#2341));
#620=EDGE_LOOP('',(#2342));
#621=EDGE_LOOP('',(#2343,#2344,#2345,#2346));
#622=EDGE_LOOP('',(#2347,#2348,#2349,#2350));
#623=EDGE_LOOP('',(#2351,#2352,#2353,#2354));
#624=EDGE_LOOP('',(#2355,#2356,#2357,#2358));
#625=EDGE_LOOP('',(#2359));
#626=EDGE_LOOP('',(#2360,#2361,#2362,#2363,#2364));
#627=EDGE_LOOP('',(#2365,#2366,#2367,#2368));
#628=EDGE_LOOP('',(#2369,#2370,#2371,#2372,#2373));
#629=EDGE_LOOP('',(#2374));
#630=EDGE_LOOP('',(#2375));
#631=EDGE_LOOP('',(#2376));
#632=EDGE_LOOP('',(#2377));
#633=EDGE_LOOP('',(#2378));
#634=EDGE_LOOP('',(#2379));
#635=EDGE_LOOP('',(#2380,#2381,#2382,#2383));
#636=EDGE_LOOP('',(#2384,#2385,#2386,#2387));
#637=EDGE_LOOP('',(#2388,#2389,#2390,#2391));
#638=EDGE_LOOP('',(#2392,#2393,#2394,#2395));
#639=EDGE_LOOP('',(#2396,#2397,#2398,#2399));
#640=EDGE_LOOP('',(#2400,#2401,#2402,#2403));
#641=EDGE_LOOP('',(#2404,#2405,#2406,#2407));
#642=B_SPLINE_CURVE_WITH_KNOTS('',3,(#3341,#3342,#3343,#3344),
 .UNSPECIFIED.,.F.,.F.,(4,4),(-0.00326896008576459,0.),.UNSPECIFIED.);
#643=B_SPLINE_CURVE_WITH_KNOTS('',3,(#3347,#3348,#3349,#3350),
 .UNSPECIFIED.,.F.,.F.,(4,4),(0.,0.00326896008576459),.UNSPECIFIED.);
#644=B_SPLINE_CURVE_WITH_KNOTS('',3,(#3374,#3375,#3376,#3377),
 .UNSPECIFIED.,.F.,.F.,(4,4),(-0.00414326791825184,0.),.UNSPECIFIED.);
#645=B_SPLINE_CURVE_WITH_KNOTS('',3,(#3378,#3379,#3380,#3381),
 .UNSPECIFIED.,.F.,.F.,(4,4),(0.,0.00414326791825184),.UNSPECIFIED.);
#646=B_SPLINE_CURVE_WITH_KNOTS('',3,(#3415,#3416,#3417,#3418,#3419,#3420),
 .UNSPECIFIED.,.F.,.F.,(4,1,1,4),(-0.0702743874547278,-0.0501959910390913,
-0.0301175946234548,0.),.UNSPECIFIED.);
#647=B_SPLINE_CURVE_WITH_KNOTS('',3,(#3421,#3422,#3423,#3424,#3425,#3426),
 .UNSPECIFIED.,.F.,.F.,(4,1,1,4),(0.,0.0301175946234548,0.0501959910390913,
0.0702743874547278),.UNSPECIFIED.);
#648=B_SPLINE_CURVE_WITH_KNOTS('',3,(#3450,#3451,#3452,#3453),
 .UNSPECIFIED.,.F.,.F.,(4,4),(-0.00741913740508034,-1.69871206909517E-16),
 .UNSPECIFIED.);
#649=B_SPLINE_CURVE_WITH_KNOTS('',3,(#3454,#3455,#3456,#3457),
 .UNSPECIFIED.,.F.,.F.,(4,4),(1.69871206909517E-16,0.00741913740508034),
 .UNSPECIFIED.);
#650=B_SPLINE_CURVE_WITH_KNOTS('',3,(#3486,#3487,#3488,#3489,#3490),
 .UNSPECIFIED.,.F.,.F.,(4,1,4),(-0.0407564008531057,-0.0232893719160604,
-9.45488080118366E-17),.UNSPECIFIED.);
#651=B_SPLINE_CURVE_WITH_KNOTS('',3,(#3491,#3492,#3493,#3494,#3495),
 .UNSPECIFIED.,.F.,.F.,(4,1,4),(9.45488080118366E-17,0.0232893719160604,
0.0407564008531057),.UNSPECIFIED.);
#652=B_SPLINE_CURVE_WITH_KNOTS('',3,(#3519,#3520,#3521,#3522),
 .UNSPECIFIED.,.F.,.F.,(4,4),(-0.0177498669997996,-3.34403249126642E-14),
 .UNSPECIFIED.);
#653=B_SPLINE_CURVE_WITH_KNOTS('',3,(#3523,#3524,#3525,#3526),
 .UNSPECIFIED.,.F.,.F.,(4,4),(3.34403249126642E-14,0.0177498669997996),
 .UNSPECIFIED.);
#654=B_SPLINE_CURVE_WITH_KNOTS('',3,(#3550,#3551,#3552,#3553),
 .UNSPECIFIED.,.F.,.F.,(4,4),(-0.0105823895449913,0.),.UNSPECIFIED.);
#655=B_SPLINE_CURVE_WITH_KNOTS('',3,(#3554,#3555,#3556,#3557),
 .UNSPECIFIED.,.F.,.F.,(4,4),(0.,0.0105823895449913),.UNSPECIFIED.);
#656=B_SPLINE_CURVE_WITH_KNOTS('',3,(#3581,#3582,#3583,#3584),
 .UNSPECIFIED.,.F.,.F.,(4,4),(-0.00330879465339134,0.),.UNSPECIFIED.);
#657=B_SPLINE_CURVE_WITH_KNOTS('',3,(#3585,#3586,#3587,#3588),
 .UNSPECIFIED.,.F.,.F.,(4,4),(0.,0.00330879465339134),.UNSPECIFIED.);
#658=B_SPLINE_CURVE_WITH_KNOTS('',3,(#3612,#3613,#3614,#3615),
 .UNSPECIFIED.,.F.,.F.,(4,4),(-0.00181786881145613,0.),.UNSPECIFIED.);
#659=B_SPLINE_CURVE_WITH_KNOTS('',3,(#3616,#3617,#3618,#3619),
 .UNSPECIFIED.,.F.,.F.,(4,4),(0.,0.00181786881145613),.UNSPECIFIED.);
#660=B_SPLINE_CURVE_WITH_KNOTS('',3,(#3643,#3644,#3645,#3646),
 .UNSPECIFIED.,.F.,.F.,(4,4),(-0.0151051837967907,-1.6702754516842E-17),
 .UNSPECIFIED.);
#661=B_SPLINE_CURVE_WITH_KNOTS('',3,(#3647,#3648,#3649,#3650),
 .UNSPECIFIED.,.F.,.F.,(4,4),(1.6702754516842E-17,0.0151051837967907),
 .UNSPECIFIED.);
#662=B_SPLINE_CURVE_WITH_KNOTS('',3,(#3679,#3680,#3681,#3682,#3683),
 .UNSPECIFIED.,.F.,.F.,(4,1,4),(-0.054687409453638,-0.0273437047268522,
-6.63531060786748E-14),.UNSPECIFIED.);
#663=B_SPLINE_CURVE_WITH_KNOTS('',3,(#3684,#3685,#3686,#3687,#3688),
 .UNSPECIFIED.,.F.,.F.,(4,1,4),(6.63531060786748E-14,0.0273437047268522,
0.054687409453638),.UNSPECIFIED.);
#664=B_SPLINE_CURVE_WITH_KNOTS('',3,(#3712,#3713,#3714,#3715),
 .UNSPECIFIED.,.F.,.F.,(4,4),(-0.0073676377609659,-1.33144907847506E-16),
 .UNSPECIFIED.);
#665=B_SPLINE_CURVE_WITH_KNOTS('',3,(#3716,#3717,#3718,#3719),
 .UNSPECIFIED.,.F.,.F.,(4,4),(1.33144907847506E-16,0.0073676377609659),
 .UNSPECIFIED.);
#666=B_SPLINE_CURVE_WITH_KNOTS('',3,(#3743,#3744,#3745,#3746),
 .UNSPECIFIED.,.F.,.F.,(4,4),(-0.0389905783697824,0.),.UNSPECIFIED.);
#667=B_SPLINE_CURVE_WITH_KNOTS('',3,(#3747,#3748,#3749,#3750),
 .UNSPECIFIED.,.F.,.F.,(4,4),(0.,0.0389905783697824),.UNSPECIFIED.);
#668=B_SPLINE_CURVE_WITH_KNOTS('',3,(#3772,#3773,#3774,#3775),
 .UNSPECIFIED.,.F.,.F.,(4,4),(-0.0261901853547121,0.),.UNSPECIFIED.);
#669=B_SPLINE_CURVE_WITH_KNOTS('',3,(#3778,#3779,#3780,#3781),
 .UNSPECIFIED.,.F.,.F.,(4,4),(0.,0.0261901853547121),.UNSPECIFIED.);
#670=B_SPLINE_CURVE_WITH_KNOTS('',3,(#3802,#3803,#3804,#3805),
 .UNSPECIFIED.,.F.,.F.,(4,4),(0.,0.00416727850607801),.UNSPECIFIED.);
#671=B_SPLINE_CURVE_WITH_KNOTS('',3,(#3806,#3807,#3808,#3809),
 .UNSPECIFIED.,.F.,.F.,(4,4),(-0.00416727850607801,0.),.UNSPECIFIED.);
#672=B_SPLINE_CURVE_WITH_KNOTS('',3,(#3831,#3832,#3833,#3834),
 .UNSPECIFIED.,.F.,.F.,(4,4),(-5.1738588368939E-5,0.0301085345332774),
 .UNSPECIFIED.);
#673=B_SPLINE_CURVE_WITH_KNOTS('',3,(#3836,#3837,#3838,#3839),
 .UNSPECIFIED.,.F.,.F.,(4,4),(0.721122546127651,0.901540755116837),
 .UNSPECIFIED.);
#674=B_SPLINE_CURVE_WITH_KNOTS('',3,(#3841,#3842,#3843,#3844),
 .UNSPECIFIED.,.F.,.F.,(4,4),(0.901540755116837,0.901971516702111),
 .UNSPECIFIED.);
#675=B_SPLINE_CURVE_WITH_KNOTS('',3,(#3846,#3847,#3848,#3849,#3850,#3851,
#3852,#3853,#3854,#3855),.UNSPECIFIED.,.F.,.F.,(4,1,1,1,1,1,1,4),(3.46944695195361E-18,
0.00342792526257651,0.00685585087727487,0.0205675533360683,0.0342792557948617,
0.0411351070242585,0.0445630326389568,0.0479909582536552),.UNSPECIFIED.);
#676=B_SPLINE_CURVE_WITH_KNOTS('',3,(#3857,#3858,#3859,#3860),
 .UNSPECIFIED.,.F.,.F.,(4,4),(0.721122546127651,0.901607813456333),
 .UNSPECIFIED.);
#677=B_SPLINE_CURVE_WITH_KNOTS('',3,(#3861,#3862,#3863,#3864),
 .UNSPECIFIED.,.F.,.F.,(4,4),(-0.00880427186600978,5.33548728876312E-5),
 .UNSPECIFIED.);
#678=B_SPLINE_CURVE_WITH_KNOTS('',3,(#3881,#3882,#3883,#3884),
 .UNSPECIFIED.,.F.,.F.,(4,4),(-0.0322741627986102,5.1738588368939E-5),
 .UNSPECIFIED.);
#679=B_SPLINE_CURVE_WITH_KNOTS('',3,(#3906,#3907,#3908,#3909),
 .UNSPECIFIED.,.F.,.F.,(4,4),(-0.043453802613754,-0.0109536575373321),
 .UNSPECIFIED.);
#680=B_SPLINE_CURVE_WITH_KNOTS('',3,(#3911,#3912,#3913,#3914),
 .UNSPECIFIED.,.F.,.F.,(4,4),(0.721122546127651,0.901320855601543),
 .UNSPECIFIED.);
#681=B_SPLINE_CURVE_WITH_KNOTS('',3,(#3915,#3916,#3917,#3918,#3919,#3920,
#3921,#3922,#3923,#3924),.UNSPECIFIED.,.F.,.F.,(4,1,1,1,1,1,1,4),(-1.62188224909448E-12,
0.00342999818208179,0.00685999636578547,0.0205799891006002,0.0342999818354149,
0.0411599782028222,0.0445899763865259,0.0480199741936561),.UNSPECIFIED.);
#682=B_SPLINE_CURVE_WITH_KNOTS('',3,(#3941,#3942,#3943,#3944),
 .UNSPECIFIED.,.F.,.F.,(4,4),(0.0130044649884639,0.043453802613754),
 .UNSPECIFIED.);
#683=B_SPLINE_CURVE_WITH_KNOTS('',3,(#3962,#3963,#3964,#3965),
 .UNSPECIFIED.,.F.,.F.,(4,4),(-0.12977000162764,-0.00314358184962658),
 .UNSPECIFIED.);
#684=B_SPLINE_CURVE_WITH_KNOTS('',3,(#3967,#3968,#3969,#3970),
 .UNSPECIFIED.,.F.,.F.,(4,4),(0.,0.00130811697392089),.UNSPECIFIED.);
#685=B_SPLINE_CURVE_WITH_KNOTS('',3,(#3972,#3973,#3974,#3975),
 .UNSPECIFIED.,.F.,.F.,(4,4),(-0.00832220733312736,-4.75830315943664E-14),
 .UNSPECIFIED.);
#686=B_SPLINE_CURVE_WITH_KNOTS('',3,(#3976,#3977,#3978,#3979),
 .UNSPECIFIED.,.F.,.F.,(4,4),(0.00777503346840518,0.129884139510511),
 .UNSPECIFIED.);
#687=B_SPLINE_CURVE_WITH_KNOTS('',3,(#4001,#4002,#4003,#4004,#4005,#4006),
 .UNSPECIFIED.,.F.,.F.,(4,2,4),(-0.00050348318042213,0.,0.0506227464637535),
 .UNSPECIFIED.);
#688=B_SPLINE_CURVE_WITH_KNOTS('',3,(#4008,#4009,#4010,#4011,#4012),
 .UNSPECIFIED.,.F.,.F.,(4,1,4),(-0.984031035216973,-0.42197331649622,0.),
 .UNSPECIFIED.);
#689=B_SPLINE_CURVE_WITH_KNOTS('',3,(#4013,#4014,#4015,#4016),
 .UNSPECIFIED.,.F.,.F.,(4,4),(0.,0.0807210502223209),.UNSPECIFIED.);
#690=B_SPLINE_CURVE_WITH_KNOTS('',3,(#4041,#4042,#4043,#4044,#4045,#4046),
 .UNSPECIFIED.,.F.,.F.,(4,2,4),(-0.0497952479808705,0.,0.00050348318042213),
 .UNSPECIFIED.);
#691=B_SPLINE_CURVE_WITH_KNOTS('',3,(#4069,#4070,#4071,#4072,#4073),
 .UNSPECIFIED.,.F.,.F.,(4,1,4),(-1.,-0.5,0.),.UNSPECIFIED.);
#692=B_SPLINE_CURVE_WITH_KNOTS('',3,(#4108,#4109,#4110,#4111,#4112,#4113),
 .UNSPECIFIED.,.F.,.F.,(4,1,1,4),(-0.0183989658841095,-0.00919948294205473,
-0.00525684739545985,0.),.UNSPECIFIED.);
#693=B_SPLINE_CURVE_WITH_KNOTS('',3,(#4116,#4117,#4118,#4119,#4120,#4121),
 .UNSPECIFIED.,.F.,.F.,(4,1,1,4),(3.89420736008652E-5,0.00525684739545985,
0.00919948294205473,0.0183989658841095),.UNSPECIFIED.);
#694=B_SPLINE_CURVE_WITH_KNOTS('',3,(#4145,#4146,#4147,#4148),
 .UNSPECIFIED.,.F.,.F.,(4,4),(-0.0200035070468094,-1.12626222474889E-13),
 .UNSPECIFIED.);
#695=B_SPLINE_CURVE_WITH_KNOTS('',3,(#4149,#4150,#4151,#4152),
 .UNSPECIFIED.,.F.,.F.,(4,4),(1.12626222474889E-13,0.0200035070468094),
 .UNSPECIFIED.);
#696=B_SPLINE_CURVE_WITH_KNOTS('',3,(#4176,#4177,#4178,#4179),
 .UNSPECIFIED.,.F.,.F.,(4,4),(-0.0451604513062736,-4.78009913149772E-13),
 .UNSPECIFIED.);
#697=B_SPLINE_CURVE_WITH_KNOTS('',3,(#4180,#4181,#4182,#4183),
 .UNSPECIFIED.,.F.,.F.,(4,4),(4.78009913149772E-13,0.0451604513062736),
 .UNSPECIFIED.);
#698=B_SPLINE_CURVE_WITH_KNOTS('',3,(#4207,#4208,#4209,#4210),
 .UNSPECIFIED.,.F.,.F.,(4,4),(-0.0058965885906604,-5.25419740651802E-12),
 .UNSPECIFIED.);
#699=B_SPLINE_CURVE_WITH_KNOTS('',3,(#4211,#4212,#4213,#4214),
 .UNSPECIFIED.,.F.,.F.,(4,4),(5.25419740651802E-12,0.0058965885906604),
 .UNSPECIFIED.);
#700=B_SPLINE_CURVE_WITH_KNOTS('',3,(#4248,#4249,#4250,#4251,#4252,#4253),
 .UNSPECIFIED.,.F.,.F.,(4,1,1,4),(-0.0874701336490333,-0.0624786668921666,
-0.0374872001353,0.),.UNSPECIFIED.);
#701=B_SPLINE_CURVE_WITH_KNOTS('',3,(#4254,#4255,#4256,#4257,#4258,#4259),
 .UNSPECIFIED.,.F.,.F.,(4,1,1,4),(0.,0.0374872001353,0.0624786668921666,
0.0874701334944966),.UNSPECIFIED.);
#702=B_SPLINE_CURVE_WITH_KNOTS('',3,(#4283,#4284,#4285,#4286),
 .UNSPECIFIED.,.F.,.F.,(4,4),(-0.0024098684881735,-2.84850902188489E-10),
 .UNSPECIFIED.);
#703=B_SPLINE_CURVE_WITH_KNOTS('',3,(#4287,#4288,#4289,#4290),
 .UNSPECIFIED.,.F.,.F.,(4,4),(0.,0.0024098684881735),.UNSPECIFIED.);
#704=B_SPLINE_CURVE_WITH_KNOTS('',3,(#4314,#4315,#4316,#4317),
 .UNSPECIFIED.,.F.,.F.,(4,4),(-0.00347098795531906,0.),.UNSPECIFIED.);
#705=B_SPLINE_CURVE_WITH_KNOTS('',3,(#4318,#4319,#4320,#4321),
 .UNSPECIFIED.,.F.,.F.,(4,4),(0.,0.00347098795531906),.UNSPECIFIED.);
#706=B_SPLINE_CURVE_WITH_KNOTS('',3,(#4350,#4351,#4352,#4353,#4354),
 .UNSPECIFIED.,.F.,.F.,(4,1,4),(-0.0316055426007572,-0.0180603100575758,
-4.62731044473122E-16),.UNSPECIFIED.);
#707=B_SPLINE_CURVE_WITH_KNOTS('',3,(#4355,#4356,#4357,#4358,#4359),
 .UNSPECIFIED.,.F.,.F.,(4,1,4),(4.62731044473122E-16,0.0180603100575758,
0.0316055426007572),.UNSPECIFIED.);
#708=B_SPLINE_CURVE_WITH_KNOTS('',3,(#4383,#4384,#4385,#4386),
 .UNSPECIFIED.,.F.,.F.,(4,4),(0.,0.00444410761445226),.UNSPECIFIED.);
#709=B_SPLINE_CURVE_WITH_KNOTS('',3,(#4387,#4388,#4389,#4390),
 .UNSPECIFIED.,.F.,.F.,(4,4),(-0.00444410761445226,0.),.UNSPECIFIED.);
#710=B_SPLINE_CURVE_WITH_KNOTS('',3,(#4415,#4416,#4417,#4418),
 .UNSPECIFIED.,.F.,.F.,(4,4),(-0.00579730927352474,0.),.UNSPECIFIED.);
#711=B_SPLINE_CURVE_WITH_KNOTS('',3,(#4421,#4422,#4423,#4424),
 .UNSPECIFIED.,.F.,.F.,(4,4),(0.,0.00579730927352474),.UNSPECIFIED.);
#712=B_SPLINE_CURVE_WITH_KNOTS('',3,(#4453,#4454,#4455,#4456,#4457),
 .UNSPECIFIED.,.F.,.F.,(4,1,4),(-0.0652759179722624,-0.0326379589861313,
-1.54921477010169E-16),.UNSPECIFIED.);
#713=B_SPLINE_CURVE_WITH_KNOTS('',3,(#4458,#4459,#4460,#4461,#4462),
 .UNSPECIFIED.,.F.,.F.,(4,1,4),(1.54921477010169E-16,0.0326379589861313,
0.0652759179722624),.UNSPECIFIED.);
#714=B_SPLINE_CURVE_WITH_KNOTS('',3,(#4491,#4492,#4493,#4494,#4495),
 .UNSPECIFIED.,.F.,.F.,(4,1,4),(-0.0195946564555693,-0.0083977099095297,
0.),.UNSPECIFIED.);
#715=B_SPLINE_CURVE_WITH_KNOTS('',3,(#4496,#4497,#4498,#4499,#4500),
 .UNSPECIFIED.,.F.,.F.,(4,1,4),(0.,0.0083977099095297,0.0195946564555693),
 .UNSPECIFIED.);
#716=B_SPLINE_CURVE_WITH_KNOTS('',3,(#4526,#4527,#4528,#4529,#4530),
 .UNSPECIFIED.,.F.,.F.,(4,1,4),(-0.0491325976809518,-0.0210568275775508,
0.),.UNSPECIFIED.);
#717=B_SPLINE_CURVE_WITH_KNOTS('',3,(#4531,#4532,#4533,#4534,#4535),
 .UNSPECIFIED.,.F.,.F.,(4,1,4),(0.,0.0210568275775508,0.0491325976809518),
 .UNSPECIFIED.);
#718=B_SPLINE_CURVE_WITH_KNOTS('',3,(#4556,#4557,#4558,#4559),
 .UNSPECIFIED.,.F.,.F.,(4,4),(-0.000936814711710887,-1.74264695920423E-11),
 .UNSPECIFIED.);
#719=B_SPLINE_CURVE_WITH_KNOTS('',3,(#4560,#4561,#4562,#4563),
 .UNSPECIFIED.,.F.,.F.,(4,4),(1.74264695920423E-11,0.000897751736406265),
 .UNSPECIFIED.);
#720=B_SPLINE_CURVE_WITH_KNOTS('',3,(#4585,#4586,#4587,#4588),
 .UNSPECIFIED.,.F.,.F.,(4,4),(0.723248414495459,0.898125023862908),
 .UNSPECIFIED.);
#721=B_SPLINE_CURVE_WITH_KNOTS('',3,(#4590,#4591,#4592,#4593),
 .UNSPECIFIED.,.F.,.F.,(4,4),(0.898125023862908,0.899483581727343),
 .UNSPECIFIED.);
#722=B_SPLINE_CURVE_WITH_KNOTS('',3,(#4595,#4596,#4597,#4598,#4599,#4600,
#4601,#4602,#4603,#4604),.UNSPECIFIED.,.F.,.F.,(4,1,1,1,1,1,1,4),(-3.46944695195361E-18,
0.00344142233460208,0.00688284743569226,0.020648547840053,0.0344142482444137,
0.0412970984465941,0.0447385235476843,0.0481799486487745),.UNSPECIFIED.);
#723=B_SPLINE_CURVE_WITH_KNOTS('',3,(#4606,#4607,#4608,#4609),
 .UNSPECIFIED.,.F.,.F.,(4,4),(0.723248414495459,0.898852818920208),
 .UNSPECIFIED.);
#724=B_SPLINE_CURVE_WITH_KNOTS('',3,(#4610,#4611,#4612,#4613),
 .UNSPECIFIED.,.F.,.F.,(4,4),(0.021881303879206,0.0412274468379762),
 .UNSPECIFIED.);
#725=B_SPLINE_CURVE_WITH_KNOTS('',3,(#4635,#4636,#4637,#4638),
 .UNSPECIFIED.,.F.,.F.,(4,4),(-2.51615799581573E-5,0.0196980871395183),
 .UNSPECIFIED.);
#726=B_SPLINE_CURVE_WITH_KNOTS('',3,(#4640,#4641,#4642,#4643),
 .UNSPECIFIED.,.F.,.F.,(4,4),(0.723248414495459,0.897889120596663),
 .UNSPECIFIED.);
#727=B_SPLINE_CURVE_WITH_KNOTS('',3,(#4644,#4645,#4646,#4647,#4648,#4649,
#4650,#4651,#4652,#4653),.UNSPECIFIED.,.F.,.F.,(4,1,1,1,1,1,1,4),(4.40906307878272E-16,
0.0034480929130204,0.00689618651295711,0.0206885609127039,0.0344809353124508,
0.0413771225123242,0.0448252161122609,0.0482733047217053),.UNSPECIFIED.);
#728=B_SPLINE_CURVE_WITH_KNOTS('',3,(#4670,#4671,#4672,#4673),
 .UNSPECIFIED.,.F.,.F.,(4,4),(-0.0200691323878855,2.51615799581573E-5),
 .UNSPECIFIED.);
#729=B_SPLINE_CURVE_WITH_KNOTS('',3,(#4680,#4681,#4682,#4683),
 .UNSPECIFIED.,.F.,.F.,(4,4),(0.,0.0797978056321647),.UNSPECIFIED.);
#730=B_SPLINE_CURVE_WITH_KNOTS('',3,(#4706,#4707,#4708,#4709,#4710,#4711),
 .UNSPECIFIED.,.F.,.F.,(4,2,4),(-0.0580335266068699,-0.0575301732250459,
-0.0147734152308792),.UNSPECIFIED.);
#731=B_SPLINE_CURVE_WITH_KNOTS('',3,(#4712,#4713,#4714,#4715,#4716),
 .UNSPECIFIED.,.F.,.F.,(4,1,4),(0.,0.5,1.),.UNSPECIFIED.);
#732=B_SPLINE_CURVE_WITH_KNOTS('',3,(#4741,#4742,#4743,#4744,#4745,#4746),
 .UNSPECIFIED.,.F.,.F.,(4,2,4),(0.0140609669057567,0.0575301732250459,0.0580335266068699),
 .UNSPECIFIED.);
#733=B_SPLINE_CURVE_WITH_KNOTS('',3,(#4768,#4769,#4770,#4771),
 .UNSPECIFIED.,.F.,.F.,(4,4),(-0.163319077052488,-0.042507111755177),
 .UNSPECIFIED.);
#734=B_SPLINE_CURVE_WITH_KNOTS('',3,(#4773,#4774,#4775,#4776),
 .UNSPECIFIED.,.F.,.F.,(4,4),(-0.00361703111977372,0.0771040191206107),
 .UNSPECIFIED.);
#735=B_SPLINE_CURVE_WITH_KNOTS('',3,(#4777,#4778,#4779,#4780,#4781),
 .UNSPECIFIED.,.F.,.F.,(4,1,4),(0.,0.42197331649734,0.984031035220881),
 .UNSPECIFIED.);
#736=B_SPLINE_CURVE_WITH_KNOTS('',3,(#4798,#4799,#4800,#4801),
 .UNSPECIFIED.,.F.,.F.,(4,4),(-5.33548728876312E-5,0.00882518025729503),
 .UNSPECIFIED.);
#737=B_SPLINE_CURVE_WITH_KNOTS('',3,(#4823,#4824,#4825,#4826),
 .UNSPECIFIED.,.F.,.F.,(4,4),(0.901607813456333,0.903279587740371),
 .UNSPECIFIED.);
#738=B_SPLINE_CURVE_WITH_KNOTS('',3,(#4828,#4829,#4830,#4831,#4832,#4833,
#4834,#4835,#4836,#4837,#4838),.UNSPECIFIED.,.F.,.F.,(4,1,1,1,1,1,1,1,4),
(-7.54861551630109E-17,0.00341766835154129,0.00683534422720929,0.0136706959785453,
0.0205060477298813,0.0341767512325533,0.0393032650460554,0.0444297788595574,
0.0478474547352254),.UNSPECIFIED.);
#739=B_SPLINE_CURVE_WITH_KNOTS('',3,(#4840,#4841,#4842,#4843),
 .UNSPECIFIED.,.F.,.F.,(4,4),(0.902658468483024,0.903063659324194),
 .UNSPECIFIED.);
#740=B_SPLINE_CURVE_WITH_KNOTS('',3,(#4845,#4846,#4847,#4848),
 .UNSPECIFIED.,.F.,.F.,(4,4),(0.721122546127651,0.902658468483024),
 .UNSPECIFIED.);
#741=B_SPLINE_CURVE_WITH_KNOTS('',3,(#4849,#4850,#4851,#4852),
 .UNSPECIFIED.,.F.,.F.,(4,4),(0.0117616423725087,0.0417903630957159),
 .UNSPECIFIED.);
#742=B_SPLINE_CURVE_WITH_KNOTS('',3,(#4869,#4870,#4871,#4872),
 .UNSPECIFIED.,.F.,.F.,(4,4),(-0.0417903630957159,-0.0111177066969936),
 .UNSPECIFIED.);
#743=B_SPLINE_CURVE_WITH_KNOTS('',3,(#4894,#4895,#4896,#4897,#4898,#4899,
#4900,#4901,#4902,#4903,#4904),.UNSPECIFIED.,.F.,.F.,(4,1,1,1,1,1,1,1,4),
(-1.05044314497709E-16,0.00342062564377109,0.00684137508571289,0.0136828739695965,
0.0205243728534801,0.0342073706212472,0.0410488695051308,0.0444696189470726,
0.0478903683890144),.UNSPECIFIED.);
#744=B_SPLINE_CURVE_WITH_KNOTS('',3,(#4905,#4906,#4907,#4908),
 .UNSPECIFIED.,.F.,.F.,(4,4),(0.901320855601543,0.903018193275562),
 .UNSPECIFIED.);
#745=B_SPLINE_CURVE_WITH_KNOTS('',3,(#4913,#4914,#4915,#4916),
 .UNSPECIFIED.,.F.,.F.,(4,4),(-0.00217322668913647,0.0776245789724129),
 .UNSPECIFIED.);
#746=B_SPLINE_CURVE_WITH_KNOTS('',3,(#4934,#4935,#4936,#4937),
 .UNSPECIFIED.,.F.,.F.,(4,4),(-0.0412274468379762,-0.0203703433766616),
 .UNSPECIFIED.);
#747=B_SPLINE_CURVE_WITH_KNOTS('',3,(#4959,#4960,#4961,#4962),
 .UNSPECIFIED.,.F.,.F.,(4,4),(0.898852818920208,0.901615073527853),
 .UNSPECIFIED.);
#748=B_SPLINE_CURVE_WITH_KNOTS('',3,(#4964,#4965,#4966,#4967,#4968,#4969,
#4970,#4971,#4972,#4973,#4974),.UNSPECIFIED.,.F.,.F.,(4,1,1,1,1,1,1,1,4),
(-1.66067115734196E-16,0.0034290724533633,0.00685820418186872,0.0137164676388796,
0.0274329945529012,0.0342912580099121,0.0411495214669229,0.0445786531954283,
0.0480077849239338),.UNSPECIFIED.);
#749=B_SPLINE_CURVE_WITH_KNOTS('',3,(#4976,#4977,#4978,#4979),
 .UNSPECIFIED.,.F.,.F.,(4,4),(0.900155465900994,0.901388198620419),
 .UNSPECIFIED.);
#750=B_SPLINE_CURVE_WITH_KNOTS('',3,(#4981,#4982,#4983,#4984),
 .UNSPECIFIED.,.F.,.F.,(4,4),(0.723248414495459,0.900155465900994),
 .UNSPECIFIED.);
#751=B_SPLINE_CURVE_WITH_KNOTS('',3,(#4985,#4986,#4987,#4988),
 .UNSPECIFIED.,.F.,.F.,(4,4),(-0.0208708025050839,3.25858663272398E-5),
 .UNSPECIFIED.);
#752=B_SPLINE_CURVE_WITH_KNOTS('',3,(#5005,#5006,#5007,#5008),
 .UNSPECIFIED.,.F.,.F.,(4,4),(-3.25858663272398E-5,0.0194794209774987),
 .UNSPECIFIED.);
#753=B_SPLINE_CURVE_WITH_KNOTS('',3,(#5030,#5031,#5032,#5033,#5034,#5035,
#5036,#5037,#5038,#5039),.UNSPECIFIED.,.F.,.F.,(4,1,1,1,1,1,1,4),(3.89632720517255E-16,
0.00343326994742239,0.0068668371290947,0.020601105855784,0.0343353745824732,
0.0412025089458178,0.0446360761274901,0.0480696431984732),.UNSPECIFIED.);
#754=B_SPLINE_CURVE_WITH_KNOTS('',3,(#5040,#5041,#5042,#5043),
 .UNSPECIFIED.,.F.,.F.,(4,4),(0.897889120596663,0.900781465821965),
 .UNSPECIFIED.);
#755=B_SPLINE_CURVE_WITH_KNOTS('',3,(#5100,#5101,#5102,#5103,#5104,#5105,
#5106,#5107,#5108,#5109,#5110,#5111,#5112,#5113,#5114,#5115,#5116,#5117,
#5118,#5119,#5120,#5121,#5122,#5123,#5124,#5125,#5126,#5127),
 .UNSPECIFIED.,.F.,.F.,(4,3,3,3,3,3,3,3,3,4),(0.,0.000518682173537834,0.00106495979921006,
0.00166939175514808,0.00192440631451155,0.00215963152857127,0.00307113655499111,
0.00347648589380926,0.00417079581638282,0.00509355805784571),
 .UNSPECIFIED.);
#756=B_SPLINE_CURVE_WITH_KNOTS('',3,(#5131,#5132,#5133,#5134,#5135,#5136,
#5137,#5138,#5139),.UNSPECIFIED.,.F.,.F.,(4,1,1,1,1,1,4),(-0.0440585263720198,
-0.0393032650460554,-0.0341767512325533,-0.0205060477298813,-0.0136706959785453,
-0.00683534422720929,-0.00380149623974325),.UNSPECIFIED.);
#757=B_SPLINE_CURVE_WITH_KNOTS('',3,(#5142,#5143,#5144,#5145,#5146,#5147),
 .UNSPECIFIED.,.F.,.F.,(4,2,4),(-0.00520809935944791,-0.00215390863318501,
0.),.UNSPECIFIED.);
#758=B_SPLINE_CURVE_WITH_KNOTS('',3,(#5199,#5200,#5201,#5202,#5203,#5204,
#5205,#5206),.UNSPECIFIED.,.F.,.F.,(4,2,2,4),(0.,0.000724129555847029,0.00289187921601248,
0.0048114858980984),.UNSPECIFIED.);
#759=B_SPLINE_CURVE_WITH_KNOTS('',3,(#5209,#5210,#5211,#5212,#5213,#5214,
#5215,#5216),.UNSPECIFIED.,.F.,.F.,(4,1,1,1,1,4),(-0.0441590901434847,-0.0411351070242585,
-0.0342792557948617,-0.0205675533360683,-0.00685585087727487,-0.00385721483783379),
 .UNSPECIFIED.);
#760=B_SPLINE_CURVE_WITH_KNOTS('',3,(#5268,#5269,#5270,#5271,#5272,#5273),
 .UNSPECIFIED.,.F.,.F.,(4,2,4),(-0.00518841498007546,-0.00215538903316949,
0.),.UNSPECIFIED.);
#761=B_SPLINE_CURVE_WITH_KNOTS('',3,(#5274,#5275,#5276,#5277,#5278,#5279,
#5280,#5281),.UNSPECIFIED.,.F.,.F.,(4,1,1,1,1,4),(-0.0441532877137305,-0.0411599782028222,
-0.0342999818354149,-0.0205799891006002,-0.00685999636578547,-0.00385163275149597),
 .UNSPECIFIED.);
#762=B_SPLINE_CURVE_WITH_KNOTS('',3,(#5338,#5339,#5340,#5341,#5342,#5343,
#5344,#5345,#5346),.UNSPECIFIED.,.F.,.F.,(4,1,1,1,1,1,4),(-0.0440767449307964,
-0.0410488695051308,-0.0342073706212472,-0.0205243728534801,-0.0136828739695965,
-0.00684137508571289,-0.00379369202540464),.UNSPECIFIED.);
#763=B_SPLINE_CURVE_WITH_KNOTS('',3,(#5409,#5410,#5411,#5412,#5413,#5414),
 .UNSPECIFIED.,.F.,.F.,(4,2,4),(-0.00619238412601602,-0.00237803858907201,
0.),.UNSPECIFIED.);
#764=B_SPLINE_CURVE_WITH_KNOTS('',3,(#5418,#5419,#5420,#5421,#5422,#5423,
#5424,#5425),.UNSPECIFIED.,.F.,.F.,(4,1,1,1,1,4),(-0.0442502580877358,-0.0412970984465941,
-0.0344142482444137,-0.020648547840053,-0.00688284743569226,-0.00397273338783802),
 .UNSPECIFIED.);
#765=B_SPLINE_CURVE_WITH_KNOTS('',3,(#5426,#5427,#5428,#5429,#5430,#5431),
 .UNSPECIFIED.,.F.,.F.,(4,2,4),(-0.00599375881849155,-0.00234400715231868,
0.),.UNSPECIFIED.);
#766=B_SPLINE_CURVE_WITH_KNOTS('',3,(#5483,#5484,#5485,#5486,#5487,#5488,
#5489,#5490),.UNSPECIFIED.,.F.,.F.,(4,2,2,4),(1.57131236675545E-7,0.00147057969160192,
0.00348201167534307,0.00559641400662649),.UNSPECIFIED.);
#767=B_SPLINE_CURVE_WITH_KNOTS('',3,(#5491,#5492,#5493,#5494,#5495,#5496,
#5497,#5498),.UNSPECIFIED.,.F.,.F.,(4,1,1,1,1,4),(-0.0442661986072033,-0.0413771225123242,
-0.0344809353124508,-0.0206885609127039,-0.00689618651295711,-0.0039916866922173),
 .UNSPECIFIED.);
#768=B_SPLINE_CURVE_WITH_KNOTS('',3,(#5550,#5551,#5552,#5553,#5554,#5555),
 .UNSPECIFIED.,.F.,.F.,(4,2,4),(3.08124187107604E-8,0.00308426904172221,
0.00505409433109438),.UNSPECIFIED.);
#769=B_SPLINE_CURVE_WITH_KNOTS('',3,(#5557,#5558,#5559,#5560,#5561,#5562,
#5563,#5564),.UNSPECIFIED.,.F.,.F.,(4,1,1,1,1,4),(-0.0441513499465269,-0.0412025089458178,
-0.0343353745824732,-0.020601105855784,-0.0068668371290947,-0.00387650330639077),
 .UNSPECIFIED.);
#770=B_SPLINE_CURVE_WITH_KNOTS('',3,(#5624,#5625,#5626,#5627,#5628,#5629,
#5630,#5631,#5632),.UNSPECIFIED.,.F.,.F.,(4,1,1,1,1,1,4),(-0.0441566569513946,
-0.0411495214669229,-0.0342912580099121,-0.0274329945529012,-0.0137164676388796,
-0.00685820418186872,-0.00386732600828495),.UNSPECIFIED.);
#771=B_SPLINE_CURVE_WITH_KNOTS('',3,(#5650,#5651,#5652,#5653),
 .UNSPECIFIED.,.F.,.F.,(4,4),(0.00175501498112625,0.0994164227484729),
 .UNSPECIFIED.);
#772=B_SPLINE_CURVE_WITH_KNOTS('',3,(#5655,#5656,#5657,#5658),
 .UNSPECIFIED.,.F.,.F.,(4,4),(0.0102909965952202,0.0479055128678602),
 .UNSPECIFIED.);
#773=B_SPLINE_CURVE_WITH_KNOTS('',3,(#5664,#5665,#5666,#5667,#5668),
 .UNSPECIFIED.,.F.,.F.,(4,1,4),(0.00597204030299798,0.0895328853874678,
0.153285512047462),.UNSPECIFIED.);
#774=B_SPLINE_CURVE_WITH_KNOTS('',3,(#5678,#5679,#5680,#5681),
 .UNSPECIFIED.,.F.,.F.,(4,4),(0.,0.00100986967809553),.UNSPECIFIED.);
#775=B_SPLINE_CURVE_WITH_KNOTS('',3,(#5683,#5684,#5685,#5686),
 .UNSPECIFIED.,.F.,.F.,(4,4),(-3.70406147758283E-5,0.00787448356911069),
 .UNSPECIFIED.);
#776=B_SPLINE_CURVE_WITH_KNOTS('',3,(#5724,#5725,#5726,#5727),
 .UNSPECIFIED.,.F.,.F.,(4,4),(0.491135250930541,0.942727553960389),
 .UNSPECIFIED.);
#777=B_SPLINE_CURVE_WITH_KNOTS('',3,(#5728,#5729,#5730,#5731,#5732,#5733,
#5734,#5735,#5736,#5737,#5738,#5739,#5740,#5741,#5742,#5743,#5744,#5745,
#5746),.UNSPECIFIED.,.F.,.F.,(4,3,3,3,3,3,4),(0.,0.00146619993890203,0.00329487794688737,
0.00620386200540089,0.00655615327001473,0.0106801678401007,0.012240781316111),
 .UNSPECIFIED.);
#778=B_SPLINE_CURVE_WITH_KNOTS('',3,(#5753,#5754,#5755,#5756,#5757,#5758,
#5759,#5760,#5761,#5762),.UNSPECIFIED.,.F.,.F.,(4,2,2,2,4),(0.,0.00160201595685178,
0.00393202092095874,0.00841348730312213,0.0174279284681415),
 .UNSPECIFIED.);
#779=B_SPLINE_CURVE_WITH_KNOTS('',3,(#5764,#5765,#5766,#5767,#5768,#5769,
#5770),.UNSPECIFIED.,.F.,.F.,(4,1,1,1,4),(0.126058997183142,0.285983635594828,
0.565056680671913,0.844129725748998,0.94859624267969),.UNSPECIFIED.);
#780=B_SPLINE_CURVE_WITH_KNOTS('',3,(#5771,#5772,#5773,#5774,#5775,#5776,
#5777,#5778,#5779,#5780,#5781,#5782,#5783,#5784,#5785,#5786,#5787,#5788,
#5789),.UNSPECIFIED.,.F.,.F.,(4,3,3,3,3,3,4),(0.,0.00207444956070052,0.0034448171095735,
0.00539180625066274,0.00561087498592836,0.00733015165394217,0.00916155435250068),
 .UNSPECIFIED.);
#781=B_SPLINE_CURVE_WITH_KNOTS('',3,(#5791,#5792,#5793,#5794,#5795,#5796,
#5797,#5798,#5799,#5800,#5801,#5802,#5803,#5804,#5805,#5806,#5807,#5808,
#5809),.UNSPECIFIED.,.F.,.F.,(4,3,3,3,3,3,4),(0.,0.00206702621671513,0.00387425896505458,
0.00585785820531157,0.00597950762366359,0.00829495765686246,0.0102946552476773),
 .UNSPECIFIED.);
#782=B_SPLINE_CURVE_WITH_KNOTS('',3,(#5811,#5812,#5813,#5814,#5815,#5816,
#5817),.UNSPECIFIED.,.F.,.F.,(4,1,1,1,4),(0.064273810211121,0.304372590905088,
0.579726396011477,0.786241749841268,0.823524820691755),.UNSPECIFIED.);
#783=B_SPLINE_CURVE_WITH_KNOTS('',3,(#5819,#5820,#5821,#5822),
 .UNSPECIFIED.,.F.,.F.,(4,4),(0.,0.0120449940303772),.UNSPECIFIED.);
#784=B_SPLINE_CURVE_WITH_KNOTS('',3,(#5827,#5828,#5829,#5830,#5831,#5832,
#5833,#5834,#5835,#5836,#5837,#5838,#5839,#5840,#5841,#5842),
 .UNSPECIFIED.,.F.,.F.,(4,3,3,3,3,4),(0.,0.00410146072699161,0.00757118582727402,
0.0104117199205284,0.0116166236473611,0.012754468107709),.UNSPECIFIED.);
#785=B_SPLINE_CURVE_WITH_KNOTS('',3,(#5844,#5845,#5846,#5847),
 .UNSPECIFIED.,.F.,.F.,(4,4),(-0.942727553936525,-0.172327677194893),
 .UNSPECIFIED.);
#786=B_SPLINE_CURVE_WITH_KNOTS('',3,(#5849,#5850,#5851,#5852,#5853,#5854,
#5855,#5856,#5857,#5858),.UNSPECIFIED.,.F.,.F.,(4,2,2,2,4),(0.,0.00159013991379541,
0.00409181600641021,0.00943465399531132,0.0228056494894973),
 .UNSPECIFIED.);
#787=B_SPLINE_CURVE_WITH_KNOTS('',3,(#5860,#5861,#5862,#5863,#5864,#5865,
#5866),.UNSPECIFIED.,.F.,.F.,(4,1,1,1,4),(-0.824464191596343,-0.717403298568432,
-0.442049493463138,-0.235534139634168,-0.0642313473797572),
 .UNSPECIFIED.);
#788=B_SPLINE_CURVE_WITH_KNOTS('',3,(#5867,#5868,#5869,#5870,#5871,#5872,
#5873,#5874,#5875,#5876,#5877,#5878,#5879,#5880,#5881,#5882,#5883,#5884,
#5885),.UNSPECIFIED.,.F.,.F.,(4,3,3,3,3,3,4),(0.,0.00231167498383921,0.00433250506111256,
0.0063232299236073,0.00665854672955064,0.00842971765010644,0.0102838722906291),
 .UNSPECIFIED.);
#789=B_SPLINE_CURVE_WITH_KNOTS('',3,(#5887,#5888,#5889,#5890,#5891,#5892,
#5893,#5894,#5895,#5896,#5897,#5898,#5899,#5900,#5901,#5902,#5903,#5904,
#5905,#5906,#5907,#5908),.UNSPECIFIED.,.F.,.F.,(4,3,3,3,3,3,3,4),(0.,0.00193277674755971,
0.0021979676689166,0.0040613393212734,0.00596764997441227,0.00611871934400759,
0.00822307735669198,0.00917914405198344),.UNSPECIFIED.);
#790=B_SPLINE_CURVE_WITH_KNOTS('',3,(#5910,#5911,#5912,#5913,#5914,#5915,
#5916),.UNSPECIFIED.,.F.,.F.,(4,1,1,1,4),(-0.948621494314084,-0.844129725745778,
-0.565056680652817,-0.285983635559856,-0.124997206080885),.UNSPECIFIED.);
#791=B_SPLINE_CURVE_WITH_KNOTS('',3,(#5918,#5919,#5920,#5921,#5922,#5923,
#5924,#5925,#5926,#5927),.UNSPECIFIED.,.F.,.F.,(4,2,2,2,4),(0.,0.0121692347761771,
0.0190971855871689,0.0220762461645705,0.0246962988257571),.UNSPECIFIED.);
#792=B_SPLINE_CURVE_WITH_KNOTS('',3,(#5939,#5940,#5941,#5942,#5943,#5944,
#5945),.UNSPECIFIED.,.F.,.F.,(4,3,4),(-0.0192951997828612,-0.0177901880420377,
-0.0131055707533366),.UNSPECIFIED.);
#793=B_SPLINE_CURVE_WITH_KNOTS('',3,(#5951,#5952,#5953,#5954),
 .UNSPECIFIED.,.F.,.F.,(4,4),(-0.0737488150695563,-0.0624392084237553),
 .UNSPECIFIED.);
#794=B_SPLINE_CURVE_WITH_KNOTS('',3,(#5970,#5971,#5972,#5973,#5974,#5975),
 .UNSPECIFIED.,.F.,.F.,(4,2,4),(-0.037989724325137,-0.0353046958026525,
-0.0102838309775519),.UNSPECIFIED.);
#795=B_SPLINE_CURVE_WITH_KNOTS('',3,(#5976,#5977,#5978,#5979,#5980,#5981,
#5982,#5983,#5984,#5985,#5986,#5987,#5988,#5989,#5990,#5991,#5992,#5993,
#5994),.UNSPECIFIED.,.F.,.F.,(4,3,3,3,3,3,4),(-0.0216684648834601,-0.0207063746016238,
-0.0196665258412754,-0.0177800155112763,-0.0173011766794314,-0.0148187344758242,
-0.0127378559819242),.UNSPECIFIED.);
#796=B_SPLINE_CURVE_WITH_KNOTS('',3,(#6012,#6013,#6014,#6015,#6016,#6017,
#6018,#6019),.UNSPECIFIED.,.F.,.F.,(4,1,1,1,1,4),(0.,0.0269789886982387,
0.0472132302219177,0.0741922189201565,0.0775645925074363,0.0944264604438355),
 .UNSPECIFIED.);
#797=B_SPLINE_CURVE_WITH_KNOTS('',3,(#6021,#6022,#6023,#6024),
 .UNSPECIFIED.,.F.,.F.,(4,4),(0.,0.000506923445956234),.UNSPECIFIED.);
#798=B_SPLINE_CURVE_WITH_KNOTS('',3,(#6026,#6027,#6028,#6029),
 .UNSPECIFIED.,.F.,.F.,(4,4),(-0.0430190253747162,-0.000652320291526697),
 .UNSPECIFIED.);
#799=B_SPLINE_CURVE_WITH_KNOTS('',3,(#6031,#6032,#6033,#6034,#6035),
 .UNSPECIFIED.,.F.,.F.,(4,1,4),(-0.0133926969512164,-0.00765296968640939,
0.),.UNSPECIFIED.);
#800=B_SPLINE_CURVE_WITH_KNOTS('',3,(#6036,#6037,#6038,#6039),
 .UNSPECIFIED.,.F.,.F.,(4,4),(-0.0919102332371581,0.),.UNSPECIFIED.);
#801=B_SPLINE_CURVE_WITH_KNOTS('',3,(#6073,#6074,#6075,#6076,#6077,#6078,
#6079,#6080),.UNSPECIFIED.,.F.,.F.,(4,1,1,1,1,4),(-0.0835436373461777,-0.0775645925074363,
-0.0741922189201565,-0.0472132302219177,-0.0269789886982387,0.),
 .UNSPECIFIED.);
#802=B_SPLINE_CURVE_WITH_KNOTS('',3,(#6100,#6101,#6102,#6103),
 .UNSPECIFIED.,.F.,.F.,(4,4),(-0.0776245789724129,6.08139606504028E-8),
 .UNSPECIFIED.);
#803=B_SPLINE_CURVE_WITH_KNOTS('',3,(#6121,#6122,#6123,#6124),
 .UNSPECIFIED.,.F.,.F.,(4,4),(0.,0.00100986967594056),.UNSPECIFIED.);
#804=B_SPLINE_CURVE_WITH_KNOTS('',3,(#6127,#6128,#6129,#6130),
 .UNSPECIFIED.,.F.,.F.,(4,4),(-0.00100986967594056,0.),.UNSPECIFIED.);
#805=B_SPLINE_CURVE_WITH_KNOTS('',3,(#6147,#6148,#6149,#6150),
 .UNSPECIFIED.,.F.,.F.,(4,4),(0.,0.00791152418359662),.UNSPECIFIED.);
#806=B_SPLINE_CURVE_WITH_KNOTS('',3,(#6151,#6152,#6153,#6154),
 .UNSPECIFIED.,.F.,.F.,(4,4),(-0.00791152418359662,0.),.UNSPECIFIED.);
#807=B_SPLINE_CURVE_WITH_KNOTS('',3,(#6173,#6174,#6175,#6176),
 .UNSPECIFIED.,.F.,.F.,(4,4),(-0.0771039678510468,0.),.UNSPECIFIED.);
#808=B_SPLINE_CURVE_WITH_KNOTS('',3,(#6196,#6197,#6198,#6199),
 .UNSPECIFIED.,.F.,.F.,(4,4),(-0.00130811697392089,0.),.UNSPECIFIED.);
#809=B_SPLINE_CURVE_WITH_KNOTS('',3,(#6216,#6217,#6218,#6219),
 .UNSPECIFIED.,.F.,.F.,(4,4),(4.75830315943664E-14,0.00832220733312736),
 .UNSPECIFIED.);
#810=B_SPLINE_CURVE_WITH_KNOTS('',3,(#6237,#6238,#6239,#6240),
 .UNSPECIFIED.,.F.,.F.,(4,4),(-0.103580359501832,-0.000709527804015836),
 .UNSPECIFIED.);
#811=B_SPLINE_CURVE_WITH_KNOTS('',3,(#6242,#6243,#6244,#6245),
 .UNSPECIFIED.,.F.,.F.,(4,4),(-0.000506923452895318,-7.71640031486025E-12),
 .UNSPECIFIED.);
#812=B_SPLINE_CURVE_WITH_KNOTS('',3,(#6246,#6247,#6248,#6249),
 .UNSPECIFIED.,.F.,.F.,(4,4),(-0.00558788430558092,-3.69376703173876E-16),
 .UNSPECIFIED.);
#813=B_SPLINE_CURVE_WITH_KNOTS('',3,(#6313,#6314,#6315,#6316,#6317,#6318,
#6319,#6320,#6321),.UNSPECIFIED.,.F.,.F.,(4,1,1,1,1,1,4),(-0.0835405349927314,
-0.0533599175467382,-0.0307244544622432,-0.0231793001007449,-0.00808899137774832,
-0.000543837016250005,4.23244195402549E-6),.UNSPECIFIED.);
#814=B_SPLINE_CURVE_WITH_KNOTS('',3,(#6359,#6360,#6361,#6362,#6363,#6364,
#6365,#6366,#6367),.UNSPECIFIED.,.F.,.F.,(4,1,1,1,1,1,4),(-0.0220916260682449,
0.000543837016250005,0.00808899137774832,0.0231793001007449,0.0307244544622432,
0.0533599175467382,0.0835405349927314),.UNSPECIFIED.);
#815=B_SPLINE_CURVE_WITH_KNOTS('',3,(#6387,#6388,#6389,#6390),
 .UNSPECIFIED.,.F.,.F.,(4,4),(7.71640031486025E-12,0.000506923452895318),
 .UNSPECIFIED.);
#816=B_SPLINE_CURVE_WITH_KNOTS('',3,(#6407,#6408,#6409,#6410),
 .UNSPECIFIED.,.F.,.F.,(4,4),(3.69376703173876E-16,0.00558788430558092),
 .UNSPECIFIED.);
#817=B_SPLINE_CURVE_WITH_KNOTS('',3,(#6428,#6429,#6430,#6431),
 .UNSPECIFIED.,.F.,.F.,(4,4),(-0.04876632679696,-0.00639962046911617),
 .UNSPECIFIED.);
#818=B_SPLINE_CURVE_WITH_KNOTS('',3,(#6432,#6433,#6434,#6435),
 .UNSPECIFIED.,.F.,.F.,(4,4),(-0.00678697799091958,0.),.UNSPECIFIED.);
#819=B_SPLINE_CURVE_WITH_KNOTS('',3,(#6453,#6454,#6455,#6456),
 .UNSPECIFIED.,.F.,.F.,(4,4),(-0.091910233222846,-8.67361737988404E-17),
 .UNSPECIFIED.);
#820=B_SPLINE_CURVE_WITH_KNOTS('',3,(#6457,#6458,#6459,#6460,#6461),
 .UNSPECIFIED.,.F.,.F.,(4,1,4),(-0.0133926969641775,-0.0057397272703618,
0.),.UNSPECIFIED.);
#821=B_SPLINE_CURVE_WITH_KNOTS('',3,(#6479,#6480,#6481,#6482),
 .UNSPECIFIED.,.F.,.F.,(4,4),(0.00858913024821044,0.091910233222846),
 .UNSPECIFIED.);
#822=B_SPLINE_CURVE_WITH_KNOTS('',3,(#6505,#6506,#6507,#6508,#6509),
 .UNSPECIFIED.,.F.,.F.,(4,1,4),(0.,0.0057397272703618,0.0133926969641775),
 .UNSPECIFIED.);
#823=B_SPLINE_CURVE_WITH_KNOTS('',3,(#6527,#6528,#6529,#6530),
 .UNSPECIFIED.,.F.,.F.,(4,4),(0.,0.00678697799091958),.UNSPECIFIED.);
#824=B_SPLINE_CURVE_WITH_KNOTS('',3,(#6572,#6573,#6574,#6575,#6576,#6577,
#6578),.UNSPECIFIED.,.F.,.F.,(4,1,1,1,4),(-0.0840207258711572,-0.0709121803442394,
-0.0567297442753915,-0.0283648721376957,0.),.UNSPECIFIED.);
#825=B_SPLINE_CURVE_WITH_KNOTS('',3,(#6581,#6582,#6583,#6584,#6585,#6586,
#6587,#6588),.UNSPECIFIED.,.F.,.F.,(4,1,1,1,1,4),(0.,0.0283648721376957,
0.0567297442753915,0.0709121803442394,0.0850946164130872,0.0992770509994974),
 .UNSPECIFIED.);
#826=B_SPLINE_CURVE_WITH_KNOTS('',3,(#6606,#6607,#6608,#6609),
 .UNSPECIFIED.,.F.,.F.,(4,4),(-0.000465376187146213,0.),.UNSPECIFIED.);
#827=B_SPLINE_CURVE_WITH_KNOTS('',3,(#6612,#6613,#6614,#6615),
 .UNSPECIFIED.,.F.,.F.,(4,4),(0.,0.000465376187146213),.UNSPECIFIED.);
#828=B_SPLINE_CURVE_WITH_KNOTS('',3,(#6632,#6633,#6634,#6635),
 .UNSPECIFIED.,.F.,.F.,(4,4),(-0.00588907464893828,2.98009498473484E-5),
 .UNSPECIFIED.);
#829=B_SPLINE_CURVE_WITH_KNOTS('',3,(#6636,#6637,#6638,#6639),
 .UNSPECIFIED.,.F.,.F.,(4,4),(-2.98009498473484E-5,0.00588907464893828),
 .UNSPECIFIED.);
#830=B_SPLINE_CURVE_WITH_KNOTS('',3,(#6660,#6661,#6662,#6663,#6664),
 .UNSPECIFIED.,.F.,.F.,(4,1,4),(-0.154759539324565,-0.0895328853874678,
-0.0025640134713378),.UNSPECIFIED.);
#831=B_SPLINE_CURVE_WITH_KNOTS('',3,(#6786,#6787,#6788,#6789,#6790),
 .UNSPECIFIED.,.F.,.F.,(4,1,4),(0.,0.00765296968640939,0.0133926969512164),
 .UNSPECIFIED.);
#832=B_SPLINE_CURVE_WITH_KNOTS('',3,(#6792,#6793,#6794,#6795),
 .UNSPECIFIED.,.F.,.F.,(4,4),(-3.15612823619401E-5,0.00675541670986609),
 .UNSPECIFIED.);
#833=B_SPLINE_CURVE_WITH_KNOTS('',3,(#6798,#6799,#6800,#6801),
 .UNSPECIFIED.,.F.,.F.,(4,4),(0.,0.0833211029976205),.UNSPECIFIED.);
#834=B_SPLINE_CURVE_WITH_KNOTS('',3,(#6835,#6836,#6837,#6838,#6839,#6840,
#6841,#6842),.UNSPECIFIED.,.F.,.F.,(4,1,1,1,1,4),(-0.0152565386764054,-0.00107410562071341,
0.0131083288346543,0.0272907632900219,0.0556556322007573,0.0840205011114926),
 .UNSPECIFIED.);
#835=B_SPLINE_CURVE_WITH_KNOTS('',3,(#6845,#6846,#6847,#6848,#6849,#6850,
#6851),.UNSPECIFIED.,.F.,.F.,(4,1,1,1,4),(-0.0840205011114926,-0.0556556322007573,
-0.0272907632900219,-0.0131083288346543,2.25509838801191E-7),
 .UNSPECIFIED.);
#836=B_SPLINE_CURVE_WITH_KNOTS('',3,(#6871,#6872,#6873,#6874),
 .UNSPECIFIED.,.F.,.F.,(4,4),(-0.000465376187637717,0.),.UNSPECIFIED.);
#837=B_SPLINE_CURVE_WITH_KNOTS('',3,(#6875,#6876,#6877,#6878),
 .UNSPECIFIED.,.F.,.F.,(4,4),(0.,0.000465376187637717),.UNSPECIFIED.);
#838=B_SPLINE_CURVE_WITH_KNOTS('',3,(#6896,#6897,#6898,#6899),
 .UNSPECIFIED.,.F.,.F.,(4,4),(0.,0.00591887560510472),.UNSPECIFIED.);
#839=B_SPLINE_CURVE_WITH_KNOTS('',3,(#6900,#6901,#6902,#6903),
 .UNSPECIFIED.,.F.,.F.,(4,4),(-0.00591887560510472,0.),.UNSPECIFIED.);
#840=B_SPLINE_CURVE_WITH_KNOTS('',3,(#6925,#6926,#6927,#6928),
 .UNSPECIFIED.,.F.,.F.,(4,4),(-0.0776246395872499,0.),.UNSPECIFIED.);
#841=B_SPLINE_CURVE_WITH_KNOTS('',3,(#6948,#6949,#6950,#6951),
 .UNSPECIFIED.,.F.,.F.,(4,4),(-0.00100986967809553,0.),.UNSPECIFIED.);
#842=B_SPLINE_CURVE_WITH_KNOTS('',3,(#6968,#6969,#6970,#6971),
 .UNSPECIFIED.,.F.,.F.,(4,4),(-0.00787448356911069,3.70406147758283E-5),
 .UNSPECIFIED.);
#843=B_SPLINE_CURVE_WITH_KNOTS('',3,(#6992,#6993,#6994,#6995,#6996),
 .UNSPECIFIED.,.F.,.F.,(4,1,4),(0.00250778389995928,0.0662604105566315,
0.149821255635131),.UNSPECIFIED.);
#844=B_SPLINE_CURVE_WITH_KNOTS('',3,(#6997,#6998,#6999,#7000,#7001),
 .UNSPECIFIED.,.F.,.F.,(4,1,4),(-0.153229282467485,-0.0662604105566315,
-0.00103375662349138),.UNSPECIFIED.);
#845=B_SPLINE_CURVE_WITH_KNOTS('',3,(#7048,#7049,#7050,#7051),
 .UNSPECIFIED.,.F.,.F.,(4,4),(-0.0771040191206107,-5.12392737885369E-8),
 .UNSPECIFIED.);
#846=B_SPLINE_CURVE_WITH_KNOTS('',3,(#7069,#7070,#7071,#7072),
 .UNSPECIFIED.,.F.,.F.,(4,4),(0.,0.00130811697746178),.UNSPECIFIED.);
#847=B_SPLINE_CURVE_WITH_KNOTS('',3,(#7075,#7076,#7077,#7078),
 .UNSPECIFIED.,.F.,.F.,(4,4),(-0.00130811697746178,0.),.UNSPECIFIED.);
#848=B_SPLINE_CURVE_WITH_KNOTS('',3,(#7096,#7097,#7098,#7099),
 .UNSPECIFIED.,.F.,.F.,(4,4),(-0.00827793354894724,4.42737709546546E-5),
 .UNSPECIFIED.);
#849=B_SPLINE_CURVE_WITH_KNOTS('',3,(#7100,#7101,#7102,#7103),
 .UNSPECIFIED.,.F.,.F.,(4,4),(-4.42737709546546E-5,0.00827793354894724),
 .UNSPECIFIED.);
#850=B_SPLINE_CURVE_WITH_KNOTS('',3,(#7120,#7121,#7122,#7123),
 .UNSPECIFIED.,.F.,.F.,(4,4),(0.0435480645392439,0.158687598947848),
 .UNSPECIFIED.);
#851=B_SPLINE_CURVE_WITH_KNOTS('',3,(#7141,#7142,#7143,#7144),
 .UNSPECIFIED.,.F.,.F.,(4,4),(-0.000506923445956234,0.),.UNSPECIFIED.);
#852=B_SPLINE_CURVE_WITH_KNOTS('',3,(#7163,#7164,#7165,#7166),
 .UNSPECIFIED.,.F.,.F.,(4,4),(-0.00555939583789656,2.84884777472431E-5),
 .UNSPECIFIED.);
#853=B_SPLINE_CURVE_WITH_KNOTS('',3,(#7167,#7168,#7169,#7170),
 .UNSPECIFIED.,.F.,.F.,(4,4),(-2.84884777472431E-5,0.00555939583789656),
 .UNSPECIFIED.);
#854=B_SPLINE_CURVE_WITH_KNOTS('',3,(#7187,#7188,#7189,#7190),
 .UNSPECIFIED.,.F.,.F.,(4,4),(0.00724782617990075,0.104909233946568),
 .UNSPECIFIED.);
#855=B_SPLINE_CURVE_WITH_KNOTS('',3,(#7191,#7192,#7193,#7194),
 .UNSPECIFIED.,.F.,.F.,(4,4),(-0.105954721124068,-0.00308388942816236),
 .UNSPECIFIED.);
#856=B_SPLINE_CURVE_WITH_KNOTS('',3,(#7277,#7278,#7279,#7280),
 .UNSPECIFIED.,.F.,.F.,(4,4),(-0.00675541670986609,3.15612823619401E-5),
 .UNSPECIFIED.);
#857=B_SPLINE_CURVE_WITH_KNOTS('',3,(#7297,#7298,#7299,#7300),
 .UNSPECIFIED.,.F.,.F.,(4,4),(0.0015131341953126,0.0391276493628374),
 .UNSPECIFIED.);
#858=CIRCLE('',#2712,0.100000000000001);
#859=CIRCLE('',#2713,0.0999999999999996);
#860=CIRCLE('',#2714,0.1);
#861=CIRCLE('',#2715,0.1);
#862=CIRCLE('',#2716,0.0999999999999999);
#863=CIRCLE('',#2717,0.1);
#864=CIRCLE('',#2718,0.1);
#865=CIRCLE('',#2719,0.1);
#866=CIRCLE('',#2720,0.1);
#867=CIRCLE('',#2721,0.1);
#868=CIRCLE('',#2722,0.1);
#869=CIRCLE('',#2723,0.1);
#870=CIRCLE('',#2724,0.1);
#871=CIRCLE('',#2725,0.1);
#872=CIRCLE('',#2726,0.0999999999999996);
#873=CIRCLE('',#2727,0.2);
#874=CIRCLE('',#2728,0.2);
#875=CIRCLE('',#2729,0.2);
#876=CIRCLE('',#2730,0.2);
#877=CIRCLE('',#2731,0.2);
#878=CIRCLE('',#2732,0.2);
#879=CIRCLE('',#2733,0.2);
#880=CIRCLE('',#2734,0.2);
#881=CIRCLE('',#2735,0.2);
#882=CIRCLE('',#2736,0.2);
#883=CIRCLE('',#2737,0.2);
#884=CIRCLE('',#2738,0.2);
#885=CIRCLE('',#2739,0.2);
#886=CIRCLE('',#2740,0.2);
#887=CIRCLE('',#2757,4.14679392342648);
#888=CIRCLE('',#2758,4.14679392342648);
#889=CIRCLE('',#2760,0.45);
#890=CIRCLE('',#2762,4.14679392342648);
#891=CIRCLE('',#2765,4.14679392342648);
#892=CIRCLE('',#2768,4.14679392342648);
#893=CIRCLE('',#2772,4.14679392342648);
#894=CIRCLE('',#2775,0.45);
#895=CIRCLE('',#2777,4.36104409942824);
#896=CIRCLE('',#2778,0.2);
#897=CIRCLE('',#2779,0.2);
#898=CIRCLE('',#2780,0.2);
#899=CIRCLE('',#2782,0.2);
#900=CIRCLE('',#2783,0.2);
#901=CIRCLE('',#2784,0.2);
#902=CIRCLE('',#2785,0.2);
#903=CIRCLE('',#2786,0.2);
#904=CIRCLE('',#2787,0.2);
#905=CIRCLE('',#2792,0.2);
#906=CIRCLE('',#2793,0.2);
#907=CIRCLE('',#2795,0.2);
#908=CIRCLE('',#2796,0.200000000000001);
#909=CIRCLE('',#2802,0.2);
#910=CIRCLE('',#2803,0.2);
#911=CIRCLE('',#2810,0.2);
#912=CIRCLE('',#2811,0.2);
#913=CIRCLE('',#2814,0.2);
#914=CIRCLE('',#2815,0.2);
#915=CIRCLE('',#2816,0.2);
#916=CIRCLE('',#2817,0.2);
#917=CIRCLE('',#2818,0.2);
#918=CIRCLE('',#2819,0.2);
#919=CIRCLE('',#2820,0.2);
#920=CIRCLE('',#2823,4.58006299918319);
#921=CIRCLE('',#2824,0.15);
#922=CIRCLE('',#2825,4.36104409942824);
#923=CIRCLE('',#2828,4.85);
#924=CIRCLE('',#2829,4.85);
#925=CIRCLE('',#2830,0.5);
#926=CIRCLE('',#2832,4.85);
#927=CIRCLE('',#2834,0.5);
#928=CIRCLE('',#2835,4.35);
#929=CIRCLE('',#2837,4.3125);
#930=CIRCLE('',#2839,4.3125);
#931=CIRCLE('',#2842,0.225);
#932=CIRCLE('',#2844,0.225);
#933=CIRCLE('',#2846,0.225);
#934=CIRCLE('',#2848,0.225);
#935=CIRCLE('',#2850,0.225);
#936=CIRCLE('',#2852,0.225);
#937=CIRCLE('',#2854,3.85);
#938=CIRCLE('',#2856,3.85);
#939=CIRCLE('',#2858,1.225);
#940=CIRCLE('',#2859,1.225);
#941=CIRCLE('',#2861,1.225);
#942=CIRCLE('',#2862,1.225);
#943=CIRCLE('',#2864,1.225);
#944=CIRCLE('',#2865,1.225);
#945=CIRCLE('',#2867,1.225);
#946=CIRCLE('',#2868,1.225);
#947=CIRCLE('',#2870,1.225);
#948=CIRCLE('',#2872,1.225);
#949=CIRCLE('',#2873,0.225);
#950=CIRCLE('',#2874,0.225);
#951=CIRCLE('',#2875,0.225);
#952=CIRCLE('',#2876,0.225);
#953=CIRCLE('',#2877,0.225);
#954=CIRCLE('',#2878,0.225);
#955=VERTEX_POINT('',#3337);
#956=VERTEX_POINT('',#3338);
#957=VERTEX_POINT('',#3340);
#958=VERTEX_POINT('',#3345);
#959=VERTEX_POINT('',#3371);
#960=VERTEX_POINT('',#3372);
#961=VERTEX_POINT('',#3412);
#962=VERTEX_POINT('',#3413);
#963=VERTEX_POINT('',#3447);
#964=VERTEX_POINT('',#3448);
#965=VERTEX_POINT('',#3483);
#966=VERTEX_POINT('',#3484);
#967=VERTEX_POINT('',#3516);
#968=VERTEX_POINT('',#3517);
#969=VERTEX_POINT('',#3547);
#970=VERTEX_POINT('',#3548);
#971=VERTEX_POINT('',#3578);
#972=VERTEX_POINT('',#3579);
#973=VERTEX_POINT('',#3609);
#974=VERTEX_POINT('',#3610);
#975=VERTEX_POINT('',#3640);
#976=VERTEX_POINT('',#3641);
#977=VERTEX_POINT('',#3676);
#978=VERTEX_POINT('',#3677);
#979=VERTEX_POINT('',#3709);
#980=VERTEX_POINT('',#3710);
#981=VERTEX_POINT('',#3740);
#982=VERTEX_POINT('',#3741);
#983=VERTEX_POINT('',#3771);
#984=VERTEX_POINT('',#3776);
#985=VERTEX_POINT('',#3830);
#986=VERTEX_POINT('',#3835);
#987=VERTEX_POINT('',#3840);
#988=VERTEX_POINT('',#3845);
#989=VERTEX_POINT('',#3856);
#990=VERTEX_POINT('',#3905);
#991=VERTEX_POINT('',#3910);
#992=VERTEX_POINT('',#3961);
#993=VERTEX_POINT('',#3966);
#994=VERTEX_POINT('',#3971);
#995=VERTEX_POINT('',#4000);
#996=VERTEX_POINT('',#4007);
#997=VERTEX_POINT('',#4067);
#998=VERTEX_POINT('',#4104);
#999=VERTEX_POINT('',#4105);
#1000=VERTEX_POINT('',#4107);
#1001=VERTEX_POINT('',#4114);
#1002=VERTEX_POINT('',#4142);
#1003=VERTEX_POINT('',#4143);
#1004=VERTEX_POINT('',#4173);
#1005=VERTEX_POINT('',#4174);
#1006=VERTEX_POINT('',#4204);
#1007=VERTEX_POINT('',#4205);
#1008=VERTEX_POINT('',#4245);
#1009=VERTEX_POINT('',#4246);
#1010=VERTEX_POINT('',#4280);
#1011=VERTEX_POINT('',#4281);
#1012=VERTEX_POINT('',#4311);
#1013=VERTEX_POINT('',#4312);
#1014=VERTEX_POINT('',#4347);
#1015=VERTEX_POINT('',#4348);
#1016=VERTEX_POINT('',#4380);
#1017=VERTEX_POINT('',#4381);
#1018=VERTEX_POINT('',#4411);
#1019=VERTEX_POINT('',#4412);
#1020=VERTEX_POINT('',#4414);
#1021=VERTEX_POINT('',#4419);
#1022=VERTEX_POINT('',#4450);
#1023=VERTEX_POINT('',#4451);
#1024=VERTEX_POINT('',#4488);
#1025=VERTEX_POINT('',#4489);
#1026=VERTEX_POINT('',#4584);
#1027=VERTEX_POINT('',#4589);
#1028=VERTEX_POINT('',#4594);
#1029=VERTEX_POINT('',#4605);
#1030=VERTEX_POINT('',#4634);
#1031=VERTEX_POINT('',#4639);
#1032=VERTEX_POINT('',#4675);
#1033=VERTEX_POINT('',#4677);
#1034=VERTEX_POINT('',#4679);
#1035=VERTEX_POINT('',#4705);
#1036=VERTEX_POINT('',#4767);
#1037=VERTEX_POINT('',#4772);
#1038=VERTEX_POINT('',#4822);
#1039=VERTEX_POINT('',#4827);
#1040=VERTEX_POINT('',#4839);
#1041=VERTEX_POINT('',#4844);
#1042=VERTEX_POINT('',#4893);
#1043=VERTEX_POINT('',#4910);
#1044=VERTEX_POINT('',#4912);
#1045=VERTEX_POINT('',#4958);
#1046=VERTEX_POINT('',#4963);
#1047=VERTEX_POINT('',#4975);
#1048=VERTEX_POINT('',#4980);
#1049=VERTEX_POINT('',#5029);
#1050=VERTEX_POINT('',#5099);
#1051=VERTEX_POINT('',#5128);
#1052=VERTEX_POINT('',#5130);
#1053=VERTEX_POINT('',#5140);
#1054=VERTEX_POINT('',#5198);
#1055=VERTEX_POINT('',#5207);
#1056=VERTEX_POINT('',#5267);
#1057=VERTEX_POINT('',#5337);
#1058=VERTEX_POINT('',#5349);
#1059=VERTEX_POINT('',#5351);
#1060=VERTEX_POINT('',#5355);
#1061=VERTEX_POINT('',#5408);
#1062=VERTEX_POINT('',#5415);
#1063=VERTEX_POINT('',#5417);
#1064=VERTEX_POINT('',#5482);
#1065=VERTEX_POINT('',#5549);
#1066=VERTEX_POINT('',#5556);
#1067=VERTEX_POINT('',#5621);
#1068=VERTEX_POINT('',#5623);
#1069=VERTEX_POINT('',#5635);
#1070=VERTEX_POINT('',#5637);
#1071=VERTEX_POINT('',#5641);
#1072=VERTEX_POINT('',#5645);
#1073=VERTEX_POINT('',#5649);
#1074=VERTEX_POINT('',#5654);
#1075=VERTEX_POINT('',#5659);
#1076=VERTEX_POINT('',#5661);
#1077=VERTEX_POINT('',#5663);
#1078=VERTEX_POINT('',#5671);
#1079=VERTEX_POINT('',#5677);
#1080=VERTEX_POINT('',#5682);
#1081=VERTEX_POINT('',#5693);
#1082=VERTEX_POINT('',#5694);
#1083=VERTEX_POINT('',#5696);
#1084=VERTEX_POINT('',#5698);
#1085=VERTEX_POINT('',#5700);
#1086=VERTEX_POINT('',#5702);
#1087=VERTEX_POINT('',#5704);
#1088=VERTEX_POINT('',#5706);
#1089=VERTEX_POINT('',#5710);
#1090=VERTEX_POINT('',#5712);
#1091=VERTEX_POINT('',#5716);
#1092=VERTEX_POINT('',#5719);
#1093=VERTEX_POINT('',#5721);
#1094=VERTEX_POINT('',#5723);
#1095=VERTEX_POINT('',#5748);
#1096=VERTEX_POINT('',#5750);
#1097=VERTEX_POINT('',#5752);
#1098=VERTEX_POINT('',#5763);
#1099=VERTEX_POINT('',#5790);
#1100=VERTEX_POINT('',#5810);
#1101=VERTEX_POINT('',#5818);
#1102=VERTEX_POINT('',#5823);
#1103=VERTEX_POINT('',#5826);
#1104=VERTEX_POINT('',#5843);
#1105=VERTEX_POINT('',#5848);
#1106=VERTEX_POINT('',#5859);
#1107=VERTEX_POINT('',#5886);
#1108=VERTEX_POINT('',#5909);
#1109=VERTEX_POINT('',#5917);
#1110=VERTEX_POINT('',#5928);
#1111=VERTEX_POINT('',#5932);
#1112=VERTEX_POINT('',#5934);
#1113=VERTEX_POINT('',#5938);
#1114=VERTEX_POINT('',#5946);
#1115=VERTEX_POINT('',#5950);
#1116=VERTEX_POINT('',#5957);
#1117=VERTEX_POINT('',#5963);
#1118=VERTEX_POINT('',#5967);
#1119=VERTEX_POINT('',#5969);
#1120=VERTEX_POINT('',#6011);
#1121=VERTEX_POINT('',#6020);
#1122=VERTEX_POINT('',#6025);
#1123=VERTEX_POINT('',#6030);
#1124=VERTEX_POINT('',#6072);
#1125=VERTEX_POINT('',#6098);
#1126=VERTEX_POINT('',#6120);
#1127=VERTEX_POINT('',#6125);
#1128=VERTEX_POINT('',#6172);
#1129=VERTEX_POINT('',#6194);
#1130=VERTEX_POINT('',#6236);
#1131=VERTEX_POINT('',#6241);
#1132=VERTEX_POINT('',#6358);
#1133=VERTEX_POINT('',#6385);
#1134=VERTEX_POINT('',#6427);
#1135=VERTEX_POINT('',#6452);
#1136=VERTEX_POINT('',#6478);
#1137=VERTEX_POINT('',#6504);
#1138=VERTEX_POINT('',#6532);
#1139=VERTEX_POINT('',#6534);
#1140=VERTEX_POINT('',#6571);
#1141=VERTEX_POINT('',#6579);
#1142=VERTEX_POINT('',#6605);
#1143=VERTEX_POINT('',#6610);
#1144=VERTEX_POINT('',#6694);
#1145=VERTEX_POINT('',#6713);
#1146=VERTEX_POINT('',#6737);
#1147=VERTEX_POINT('',#6738);
#1148=VERTEX_POINT('',#6758);
#1149=VERTEX_POINT('',#6759);
#1150=VERTEX_POINT('',#6779);
#1151=VERTEX_POINT('',#6783);
#1152=VERTEX_POINT('',#6785);
#1153=VERTEX_POINT('',#6791);
#1154=VERTEX_POINT('',#6834);
#1155=VERTEX_POINT('',#6843);
#1156=VERTEX_POINT('',#6868);
#1157=VERTEX_POINT('',#6869);
#1158=VERTEX_POINT('',#6895);
#1159=VERTEX_POINT('',#6924);
#1160=VERTEX_POINT('',#6946);
#1161=VERTEX_POINT('',#7046);
#1162=VERTEX_POINT('',#7068);
#1163=VERTEX_POINT('',#7073);
#1164=VERTEX_POINT('',#7095);
#1165=VERTEX_POINT('',#7140);
#1166=VERTEX_POINT('',#7162);
#1167=VERTEX_POINT('',#7303);
#1168=VERTEX_POINT('',#7305);
#1169=VERTEX_POINT('',#7311);
#1170=VERTEX_POINT('',#7312);
#1171=VERTEX_POINT('',#7317);
#1172=VERTEX_POINT('',#7321);
#1173=VERTEX_POINT('',#7325);
#1174=VERTEX_POINT('',#7328);
#1175=VERTEX_POINT('',#7333);
#1176=VERTEX_POINT('',#7336);
#1177=VERTEX_POINT('',#7339);
#1178=VERTEX_POINT('',#7342);
#1179=VERTEX_POINT('',#7345);
#1180=VERTEX_POINT('',#7348);
#1181=VERTEX_POINT('',#7351);
#1182=VERTEX_POINT('',#7354);
#1183=VERTEX_POINT('',#7358);
#1184=VERTEX_POINT('',#7359);
#1185=VERTEX_POINT('',#7361);
#1186=VERTEX_POINT('',#7363);
#1187=VERTEX_POINT('',#7367);
#1188=VERTEX_POINT('',#7368);
#1189=VERTEX_POINT('',#7373);
#1190=VERTEX_POINT('',#7374);
#1191=VERTEX_POINT('',#7379);
#1192=VERTEX_POINT('',#7383);
#1193=VERTEX_POINT('',#7388);
#1194=VERTEX_POINT('',#7390);
#1195=VERTEX_POINT('',#7392);
#1196=VERTEX_POINT('',#7394);
#1197=VERTEX_POINT('',#7396);
#1198=VERTEX_POINT('',#7398);
#1199=EDGE_CURVE('',#955,#956,#858,.T.);
#1200=EDGE_CURVE('',#956,#957,#642,.T.);
#1201=EDGE_CURVE('',#957,#958,#859,.T.);
#1202=EDGE_CURVE('',#958,#955,#643,.T.);
#1203=EDGE_CURVE('',#959,#960,#860,.T.);
#1204=EDGE_CURVE('',#960,#956,#644,.T.);
#1205=EDGE_CURVE('',#955,#959,#645,.T.);
#1206=EDGE_CURVE('',#961,#962,#861,.T.);
#1207=EDGE_CURVE('',#962,#960,#646,.T.);
#1208=EDGE_CURVE('',#959,#961,#647,.T.);
#1209=EDGE_CURVE('',#963,#964,#862,.T.);
#1210=EDGE_CURVE('',#964,#962,#648,.T.);
#1211=EDGE_CURVE('',#961,#963,#649,.T.);
#1212=EDGE_CURVE('',#965,#966,#863,.T.);
#1213=EDGE_CURVE('',#966,#964,#650,.T.);
#1214=EDGE_CURVE('',#963,#965,#651,.T.);
#1215=EDGE_CURVE('',#967,#968,#864,.T.);
#1216=EDGE_CURVE('',#968,#966,#652,.T.);
#1217=EDGE_CURVE('',#965,#967,#653,.T.);
#1218=EDGE_CURVE('',#969,#970,#865,.T.);
#1219=EDGE_CURVE('',#970,#968,#654,.T.);
#1220=EDGE_CURVE('',#967,#969,#655,.T.);
#1221=EDGE_CURVE('',#971,#972,#866,.T.);
#1222=EDGE_CURVE('',#972,#970,#656,.T.);
#1223=EDGE_CURVE('',#969,#971,#657,.T.);
#1224=EDGE_CURVE('',#973,#974,#867,.T.);
#1225=EDGE_CURVE('',#974,#972,#658,.T.);
#1226=EDGE_CURVE('',#971,#973,#659,.T.);
#1227=EDGE_CURVE('',#975,#976,#868,.T.);
#1228=EDGE_CURVE('',#976,#974,#660,.T.);
#1229=EDGE_CURVE('',#973,#975,#661,.T.);
#1230=EDGE_CURVE('',#977,#978,#869,.T.);
#1231=EDGE_CURVE('',#978,#976,#662,.T.);
#1232=EDGE_CURVE('',#975,#977,#663,.T.);
#1233=EDGE_CURVE('',#979,#980,#870,.T.);
#1234=EDGE_CURVE('',#980,#978,#664,.T.);
#1235=EDGE_CURVE('',#977,#979,#665,.T.);
#1236=EDGE_CURVE('',#981,#982,#871,.T.);
#1237=EDGE_CURVE('',#982,#980,#666,.T.);
#1238=EDGE_CURVE('',#979,#981,#667,.T.);
#1239=EDGE_CURVE('',#957,#983,#668,.T.);
#1240=EDGE_CURVE('',#983,#984,#872,.T.);
#1241=EDGE_CURVE('',#984,#958,#669,.T.);
#1242=EDGE_CURVE('',#983,#982,#670,.T.);
#1243=EDGE_CURVE('',#981,#984,#671,.T.);
#1244=EDGE_CURVE('',#985,#963,#672,.T.);
#1245=EDGE_CURVE('',#985,#986,#673,.T.);
#1246=EDGE_CURVE('',#986,#987,#674,.T.);
#1247=EDGE_CURVE('',#988,#987,#675,.T.);
#1248=EDGE_CURVE('',#989,#988,#676,.T.);
#1249=EDGE_CURVE('',#969,#989,#677,.T.);
#1250=EDGE_CURVE('',#961,#985,#678,.T.);
#1251=EDGE_CURVE('',#990,#959,#679,.T.);
#1252=EDGE_CURVE('',#990,#991,#680,.T.);
#1253=EDGE_CURVE('',#986,#991,#681,.T.);
#1254=EDGE_CURVE('',#958,#990,#682,.T.);
#1255=EDGE_CURVE('',#976,#992,#683,.T.);
#1256=EDGE_CURVE('',#993,#992,#684,.T.);
#1257=EDGE_CURVE('',#994,#993,#685,.T.);
#1258=EDGE_CURVE('',#994,#972,#686,.T.);
#1259=EDGE_CURVE('',#995,#982,#687,.T.);
#1260=EDGE_CURVE('',#996,#995,#688,.T.);
#1261=EDGE_CURVE('',#992,#996,#689,.T.);
#1262=EDGE_CURVE('',#983,#995,#690,.T.);
#1263=EDGE_CURVE('',#997,#956,#126,.T.);
#1264=EDGE_CURVE('',#995,#997,#691,.T.);
#1265=EDGE_CURVE('',#998,#999,#873,.T.);
#1266=EDGE_CURVE('',#999,#1000,#692,.T.);
#1267=EDGE_CURVE('',#1000,#1001,#874,.T.);
#1268=EDGE_CURVE('',#1001,#998,#693,.T.);
#1269=EDGE_CURVE('',#1002,#1003,#875,.T.);
#1270=EDGE_CURVE('',#1003,#999,#694,.T.);
#1271=EDGE_CURVE('',#998,#1002,#695,.T.);
#1272=EDGE_CURVE('',#1004,#1005,#876,.T.);
#1273=EDGE_CURVE('',#1005,#1003,#696,.T.);
#1274=EDGE_CURVE('',#1002,#1004,#697,.T.);
#1275=EDGE_CURVE('',#1006,#1007,#877,.T.);
#1276=EDGE_CURVE('',#1007,#1005,#698,.T.);
#1277=EDGE_CURVE('',#1004,#1006,#699,.T.);
#1278=EDGE_CURVE('',#1008,#1009,#878,.T.);
#1279=EDGE_CURVE('',#1009,#1007,#700,.T.);
#1280=EDGE_CURVE('',#1006,#1008,#701,.T.);
#1281=EDGE_CURVE('',#1010,#1011,#879,.T.);
#1282=EDGE_CURVE('',#1011,#1009,#702,.T.);
#1283=EDGE_CURVE('',#1008,#1010,#703,.T.);
#1284=EDGE_CURVE('',#1012,#1013,#880,.T.);
#1285=EDGE_CURVE('',#1013,#1011,#704,.T.);
#1286=EDGE_CURVE('',#1010,#1012,#705,.T.);
#1287=EDGE_CURVE('',#1014,#1015,#881,.T.);
#1288=EDGE_CURVE('',#1015,#1013,#706,.T.);
#1289=EDGE_CURVE('',#1012,#1014,#707,.T.);
#1290=EDGE_CURVE('',#1016,#1017,#882,.T.);
#1291=EDGE_CURVE('',#1017,#1015,#708,.T.);
#1292=EDGE_CURVE('',#1014,#1016,#709,.T.);
#1293=EDGE_CURVE('',#1018,#1019,#883,.T.);
#1294=EDGE_CURVE('',#1019,#1020,#710,.T.);
#1295=EDGE_CURVE('',#1020,#1021,#884,.T.);
#1296=EDGE_CURVE('',#1021,#1018,#711,.T.);
#1297=EDGE_CURVE('',#1022,#1023,#885,.T.);
#1298=EDGE_CURVE('',#1023,#1019,#712,.T.);
#1299=EDGE_CURVE('',#1018,#1022,#713,.T.);
#1300=EDGE_CURVE('',#1024,#1025,#886,.T.);
#1301=EDGE_CURVE('',#1025,#1023,#714,.T.);
#1302=EDGE_CURVE('',#1022,#1024,#715,.T.);
#1303=EDGE_CURVE('',#1020,#1017,#716,.T.);
#1304=EDGE_CURVE('',#1016,#1021,#717,.T.);
#1305=EDGE_CURVE('',#1000,#1025,#718,.T.);
#1306=EDGE_CURVE('',#1024,#1001,#719,.T.);
#1307=EDGE_CURVE('',#1001,#1026,#720,.T.);
#1308=EDGE_CURVE('',#1026,#1027,#721,.T.);
#1309=EDGE_CURVE('',#1028,#1027,#722,.T.);
#1310=EDGE_CURVE('',#1029,#1028,#723,.T.);
#1311=EDGE_CURVE('',#1004,#1029,#724,.T.);
#1312=EDGE_CURVE('',#1030,#1018,#725,.T.);
#1313=EDGE_CURVE('',#1030,#1031,#726,.T.);
#1314=EDGE_CURVE('',#1026,#1031,#727,.T.);
#1315=EDGE_CURVE('',#1021,#1030,#728,.T.);
#1316=EDGE_CURVE('',#1032,#1011,#127,.T.);
#1317=EDGE_CURVE('',#1033,#1032,#128,.T.);
#1318=EDGE_CURVE('',#1034,#1033,#729,.T.);
#1319=EDGE_CURVE('',#1003,#1034,#129,.T.);
#1320=EDGE_CURVE('',#1035,#1015,#730,.T.);
#1321=EDGE_CURVE('',#1032,#1035,#731,.T.);
#1322=EDGE_CURVE('',#1017,#1035,#732,.T.);
#1323=EDGE_CURVE('',#1036,#1023,#733,.T.);
#1324=EDGE_CURVE('',#1037,#1036,#734,.T.);
#1325=EDGE_CURVE('',#1035,#1037,#735,.T.);
#1326=EDGE_CURVE('',#989,#973,#736,.T.);
#1327=EDGE_CURVE('',#988,#1038,#737,.T.);
#1328=EDGE_CURVE('',#1039,#1038,#738,.T.);
#1329=EDGE_CURVE('',#1040,#1039,#739,.T.);
#1330=EDGE_CURVE('',#1041,#1040,#740,.T.);
#1331=EDGE_CURVE('',#977,#1041,#741,.T.);
#1332=EDGE_CURVE('',#1041,#979,#742,.T.);
#1333=EDGE_CURVE('',#1042,#1040,#743,.T.);
#1334=EDGE_CURVE('',#991,#1042,#744,.T.);
#1335=EDGE_CURVE('',#1043,#966,#130,.T.);
#1336=EDGE_CURVE('',#1044,#1043,#745,.T.);
#1337=EDGE_CURVE('',#997,#1044,#131,.T.);
#1338=EDGE_CURVE('',#1029,#1006,#746,.T.);
#1339=EDGE_CURVE('',#1028,#1045,#747,.T.);
#1340=EDGE_CURVE('',#1046,#1045,#748,.T.);
#1341=EDGE_CURVE('',#1047,#1046,#749,.T.);
#1342=EDGE_CURVE('',#1048,#1047,#750,.T.);
#1343=EDGE_CURVE('',#1008,#1048,#751,.T.);
#1344=EDGE_CURVE('',#1048,#1012,#752,.T.);
#1345=EDGE_CURVE('',#1049,#1047,#753,.T.);
#1346=EDGE_CURVE('',#1031,#1049,#754,.T.);
#1347=EDGE_CURVE('',#1038,#1050,#755,.T.);
#1348=EDGE_CURVE('',#1050,#1051,#132,.T.);
#1349=EDGE_CURVE('',#1051,#1052,#756,.T.);
#1350=EDGE_CURVE('',#1053,#1052,#133,.T.);
#1351=EDGE_CURVE('',#1039,#1053,#757,.T.);
#1352=EDGE_CURVE('',#987,#1054,#758,.T.);
#1353=EDGE_CURVE('',#1054,#1055,#134,.T.);
#1354=EDGE_CURVE('',#1055,#1050,#759,.T.);
#1355=EDGE_CURVE('',#1042,#1056,#760,.T.);
#1356=EDGE_CURVE('',#1056,#1054,#761,.T.);
#1357=EDGE_CURVE('',#1053,#1057,#762,.T.);
#1358=EDGE_CURVE('',#1056,#1057,#135,.T.);
#1359=EDGE_CURVE('',#1057,#1058,#136,.T.);
#1360=EDGE_CURVE('',#1058,#1059,#137,.T.);
#1361=EDGE_CURVE('',#1055,#1059,#138,.T.);
#1362=EDGE_CURVE('',#1052,#1060,#139,.T.);
#1363=EDGE_CURVE('',#1060,#1058,#140,.T.);
#1364=EDGE_CURVE('',#1027,#1061,#763,.T.);
#1365=EDGE_CURVE('',#1061,#1062,#141,.T.);
#1366=EDGE_CURVE('',#1062,#1063,#764,.T.);
#1367=EDGE_CURVE('',#1045,#1063,#765,.T.);
#1368=EDGE_CURVE('',#1049,#1064,#766,.T.);
#1369=EDGE_CURVE('',#1064,#1061,#767,.T.);
#1370=EDGE_CURVE('',#1046,#1065,#768,.T.);
#1371=EDGE_CURVE('',#1065,#1066,#769,.T.);
#1372=EDGE_CURVE('',#1064,#1066,#142,.T.);
#1373=EDGE_CURVE('',#1063,#1067,#143,.T.);
#1374=EDGE_CURVE('',#1067,#1068,#770,.T.);
#1375=EDGE_CURVE('',#1065,#1068,#144,.T.);
#1376=EDGE_CURVE('',#1067,#1069,#145,.T.);
#1377=EDGE_CURVE('',#1069,#1070,#146,.T.);
#1378=EDGE_CURVE('',#1068,#1070,#147,.T.);
#1379=EDGE_CURVE('',#1062,#1071,#148,.T.);
#1380=EDGE_CURVE('',#1071,#1069,#149,.T.);
#1381=EDGE_CURVE('',#1059,#1072,#150,.T.);
#1382=EDGE_CURVE('',#1051,#1072,#151,.T.);
#1383=EDGE_CURVE('',#1073,#994,#771,.T.);
#1384=EDGE_CURVE('',#1074,#1073,#772,.T.);
#1385=EDGE_CURVE('',#1075,#1074,#152,.T.);
#1386=EDGE_CURVE('',#1076,#1075,#153,.T.);
#1387=EDGE_CURVE('',#1077,#1076,#773,.T.);
#1388=EDGE_CURVE('',#968,#1077,#154,.T.);
#1389=EDGE_CURVE('',#1066,#1078,#155,.T.);
#1390=EDGE_CURVE('',#1078,#1071,#156,.T.);
#1391=EDGE_CURVE('',#1070,#1078,#157,.T.);
#1392=EDGE_CURVE('',#1079,#1034,#774,.T.);
#1393=EDGE_CURVE('',#1080,#1079,#775,.T.);
#1394=EDGE_CURVE('',#1080,#999,#158,.T.);
#1395=EDGE_CURVE('',#1072,#1060,#159,.T.);
#1396=EDGE_CURVE('',#1081,#1082,#160,.T.);
#1397=EDGE_CURVE('',#1083,#1082,#161,.T.);
#1398=EDGE_CURVE('',#1084,#1083,#162,.T.);
#1399=EDGE_CURVE('',#1084,#1085,#163,.T.);
#1400=EDGE_CURVE('',#1086,#1085,#164,.T.);
#1401=EDGE_CURVE('',#1086,#1087,#165,.T.);
#1402=EDGE_CURVE('',#1088,#1087,#166,.T.);
#1403=EDGE_CURVE('',#1081,#1088,#167,.T.);
#1404=EDGE_CURVE('',#1089,#1081,#887,.T.);
#1405=EDGE_CURVE('',#1090,#1089,#168,.T.);
#1406=EDGE_CURVE('',#1082,#1090,#888,.T.);
#1407=EDGE_CURVE('',#1091,#1091,#889,.T.);
#1408=EDGE_CURVE('',#1083,#1092,#890,.T.);
#1409=EDGE_CURVE('',#1092,#1093,#169,.T.);
#1410=EDGE_CURVE('',#1093,#1094,#776,.T.);
#1411=EDGE_CURVE('',#1084,#1094,#777,.F.);
#1412=EDGE_CURVE('',#1095,#1085,#27,.F.);
#1413=EDGE_CURVE('',#1095,#1096,#170,.T.);
#1414=EDGE_CURVE('',#1097,#1096,#778,.F.);
#1415=EDGE_CURVE('',#1097,#1098,#779,.T.);
#1416=EDGE_CURVE('',#1033,#1098,#780,.F.);
#1417=EDGE_CURVE('',#1099,#1037,#781,.F.);
#1418=EDGE_CURVE('',#1099,#1100,#782,.T.);
#1419=EDGE_CURVE('',#1101,#1100,#783,.F.);
#1420=EDGE_CURVE('',#1101,#1102,#171,.T.);
#1421=EDGE_CURVE('',#1102,#1088,#891,.T.);
#1422=EDGE_CURVE('',#1103,#1087,#784,.F.);
#1423=EDGE_CURVE('',#1103,#1104,#785,.T.);
#1424=EDGE_CURVE('',#1105,#1104,#786,.F.);
#1425=EDGE_CURVE('',#1105,#1106,#787,.T.);
#1426=EDGE_CURVE('',#996,#1106,#788,.F.);
#1427=EDGE_CURVE('',#1107,#1044,#789,.F.);
#1428=EDGE_CURVE('',#1107,#1108,#790,.T.);
#1429=EDGE_CURVE('',#1109,#1108,#791,.F.);
#1430=EDGE_CURVE('',#1109,#1110,#172,.T.);
#1431=EDGE_CURVE('',#1086,#1110,#28,.F.);
#1432=EDGE_CURVE('',#1090,#1111,#173,.T.);
#1433=EDGE_CURVE('',#1112,#1111,#892,.T.);
#1434=EDGE_CURVE('',#1092,#1112,#174,.T.);
#1435=EDGE_CURVE('',#1113,#1101,#792,.T.);
#1436=EDGE_CURVE('',#1114,#1113,#175,.T.);
#1437=EDGE_CURVE('',#1102,#1114,#176,.T.);
#1438=EDGE_CURVE('',#1093,#1115,#793,.T.);
#1439=EDGE_CURVE('',#1115,#1112,#177,.T.);
#1440=EDGE_CURVE('',#1116,#1114,#893,.T.);
#1441=EDGE_CURVE('',#1089,#1116,#178,.T.);
#1442=EDGE_CURVE('',#1111,#1116,#179,.T.);
#1443=EDGE_CURVE('',#1091,#1117,#180,.T.);
#1444=EDGE_CURVE('',#1117,#1117,#894,.T.);
#1445=EDGE_CURVE('',#1118,#1118,#895,.T.);
#1446=EDGE_CURVE('',#1115,#1119,#794,.T.);
#1447=EDGE_CURVE('',#1119,#1113,#795,.T.);
#1448=EDGE_CURVE('',#1120,#1119,#796,.T.);
#1449=EDGE_CURVE('',#1121,#1120,#797,.T.);
#1450=EDGE_CURVE('',#1122,#1121,#798,.T.);
#1451=EDGE_CURVE('',#1123,#1122,#799,.T.);
#1452=EDGE_CURVE('',#1094,#1123,#800,.T.);
#1453=EDGE_CURVE('',#1100,#1124,#801,.T.);
#1454=EDGE_CURVE('',#1124,#1120,#896,.T.);
#1455=EDGE_CURVE('',#1043,#1125,#897,.T.);
#1456=EDGE_CURVE('',#1125,#1107,#802,.T.);
#1457=EDGE_CURVE('',#1043,#1126,#803,.T.);
#1458=EDGE_CURVE('',#1126,#1127,#898,.T.);
#1459=EDGE_CURVE('',#1127,#1125,#804,.T.);
#1460=EDGE_CURVE('',#1126,#1077,#805,.T.);
#1461=EDGE_CURVE('',#1077,#1127,#806,.T.);
#1462=EDGE_CURVE('',#1106,#1128,#807,.T.);
#1463=EDGE_CURVE('',#1128,#992,#899,.T.);
#1464=EDGE_CURVE('',#1129,#993,#900,.T.);
#1465=EDGE_CURVE('',#1128,#1129,#808,.T.);
#1466=EDGE_CURVE('',#1129,#994,#809,.T.);
#1467=EDGE_CURVE('',#1129,#1130,#810,.T.);
#1468=EDGE_CURVE('',#1131,#1130,#811,.T.);
#1469=EDGE_CURVE('',#1073,#1131,#812,.T.);
#1470=EDGE_CURVE('',#1130,#1105,#813,.T.);
#1471=EDGE_CURVE('',#1104,#1132,#814,.T.);
#1472=EDGE_CURVE('',#1132,#1130,#901,.T.);
#1473=EDGE_CURVE('',#1133,#1131,#902,.T.);
#1474=EDGE_CURVE('',#1132,#1133,#815,.T.);
#1475=EDGE_CURVE('',#1133,#1073,#816,.T.);
#1476=EDGE_CURVE('',#1133,#1134,#817,.T.);
#1477=EDGE_CURVE('',#1074,#1134,#818,.T.);
#1478=EDGE_CURVE('',#1135,#1103,#819,.T.);
#1479=EDGE_CURVE('',#1134,#1135,#820,.T.);
#1480=EDGE_CURVE('',#1087,#1136,#821,.T.);
#1481=EDGE_CURVE('',#1136,#1135,#903,.T.);
#1482=EDGE_CURVE('',#1136,#1137,#822,.T.);
#1483=EDGE_CURVE('',#1137,#1134,#904,.T.);
#1484=EDGE_CURVE('',#1137,#1074,#823,.T.);
#1485=EDGE_CURVE('',#1136,#1138,#181,.T.);
#1486=EDGE_CURVE('',#1139,#1138,#29,.T.);
#1487=EDGE_CURVE('',#1075,#1139,#30,.T.);
#1488=EDGE_CURVE('',#1138,#1086,#182,.T.);
#1489=EDGE_CURVE('',#1108,#1140,#824,.T.);
#1490=EDGE_CURVE('',#1140,#1141,#905,.T.);
#1491=EDGE_CURVE('',#1141,#1109,#825,.T.);
#1492=EDGE_CURVE('',#1140,#1142,#826,.T.);
#1493=EDGE_CURVE('',#1142,#1143,#906,.T.);
#1494=EDGE_CURVE('',#1143,#1141,#827,.T.);
#1495=EDGE_CURVE('',#1142,#1076,#828,.T.);
#1496=EDGE_CURVE('',#1076,#1143,#829,.T.);
#1497=EDGE_CURVE('',#1140,#1127,#830,.T.);
#1498=EDGE_CURVE('',#1144,#1138,#907,.T.);
#1499=EDGE_CURVE('',#1110,#1144,#183,.T.);
#1500=EDGE_CURVE('',#1145,#1139,#908,.T.);
#1501=EDGE_CURVE('',#1144,#1145,#31,.T.);
#1502=EDGE_CURVE('',#1145,#1075,#32,.T.);
#1503=EDGE_CURVE('',#1145,#1143,#184,.T.);
#1504=EDGE_CURVE('',#1146,#1147,#909,.T.);
#1505=EDGE_CURVE('',#1147,#1095,#185,.T.);
#1506=EDGE_CURVE('',#1085,#1146,#186,.T.);
#1507=EDGE_CURVE('',#1148,#1149,#910,.T.);
#1508=EDGE_CURVE('',#1149,#1147,#33,.T.);
#1509=EDGE_CURVE('',#1146,#1148,#34,.T.);
#1510=EDGE_CURVE('',#1148,#1150,#35,.T.);
#1511=EDGE_CURVE('',#1150,#1149,#36,.T.);
#1512=EDGE_CURVE('',#1146,#1151,#187,.T.);
#1513=EDGE_CURVE('',#1152,#1151,#831,.T.);
#1514=EDGE_CURVE('',#1153,#1152,#832,.T.);
#1515=EDGE_CURVE('',#1153,#1150,#188,.T.);
#1516=EDGE_CURVE('',#1151,#1084,#833,.T.);
#1517=EDGE_CURVE('',#1096,#1154,#834,.T.);
#1518=EDGE_CURVE('',#1154,#1155,#911,.T.);
#1519=EDGE_CURVE('',#1155,#1097,#835,.T.);
#1520=EDGE_CURVE('',#1156,#1157,#912,.T.);
#1521=EDGE_CURVE('',#1157,#1155,#836,.T.);
#1522=EDGE_CURVE('',#1154,#1156,#837,.T.);
#1523=EDGE_CURVE('',#1156,#1158,#838,.T.);
#1524=EDGE_CURVE('',#1158,#1157,#839,.T.);
#1525=EDGE_CURVE('',#1150,#1158,#189,.T.);
#1526=EDGE_CURVE('',#1156,#1149,#190,.T.);
#1527=EDGE_CURVE('',#1098,#1159,#840,.T.);
#1528=EDGE_CURVE('',#1159,#1034,#913,.T.);
#1529=EDGE_CURVE('',#1160,#1079,#914,.T.);
#1530=EDGE_CURVE('',#1159,#1160,#841,.T.);
#1531=EDGE_CURVE('',#1160,#1080,#842,.T.);
#1532=EDGE_CURVE('',#1158,#1080,#843,.T.);
#1533=EDGE_CURVE('',#1160,#1155,#844,.T.);
#1534=EDGE_CURVE('',#1036,#1161,#915,.T.);
#1535=EDGE_CURVE('',#1161,#1099,#845,.T.);
#1536=EDGE_CURVE('',#1036,#1162,#846,.T.);
#1537=EDGE_CURVE('',#1162,#1163,#916,.T.);
#1538=EDGE_CURVE('',#1163,#1161,#847,.T.);
#1539=EDGE_CURVE('',#1162,#1164,#848,.T.);
#1540=EDGE_CURVE('',#1164,#1163,#849,.T.);
#1541=EDGE_CURVE('',#1025,#1164,#850,.T.);
#1542=EDGE_CURVE('',#1124,#1165,#851,.T.);
#1543=EDGE_CURVE('',#1165,#1121,#917,.T.);
#1544=EDGE_CURVE('',#1165,#1166,#852,.T.);
#1545=EDGE_CURVE('',#1166,#1121,#853,.T.);
#1546=EDGE_CURVE('',#1164,#1166,#854,.T.);
#1547=EDGE_CURVE('',#1124,#1163,#855,.T.);
#1548=EDGE_CURVE('',#1123,#1151,#918,.T.);
#1549=EDGE_CURVE('',#1122,#1152,#919,.T.);
#1550=EDGE_CURVE('',#1122,#1153,#856,.T.);
#1551=EDGE_CURVE('',#1166,#1153,#857,.T.);
#1552=EDGE_CURVE('',#1167,#1167,#920,.T.);
#1553=EDGE_CURVE('',#1167,#1168,#921,.T.);
#1554=EDGE_CURVE('',#1168,#1168,#922,.T.);
#1555=EDGE_CURVE('',#1168,#1118,#191,.T.);
#1556=EDGE_CURVE('',#1169,#1170,#923,.T.);
#1557=EDGE_CURVE('',#1170,#1169,#924,.T.);
#1558=EDGE_CURVE('',#1169,#1167,#925,.T.);
#1559=EDGE_CURVE('',#1171,#1171,#926,.T.);
#1560=EDGE_CURVE('',#1171,#1170,#192,.T.);
#1561=EDGE_CURVE('',#1171,#1172,#927,.T.);
#1562=EDGE_CURVE('',#1172,#1172,#928,.T.);
#1563=EDGE_CURVE('',#1173,#1173,#929,.T.);
#1564=EDGE_CURVE('',#1174,#1174,#930,.T.);
#1565=EDGE_CURVE('',#1174,#1173,#193,.T.);
#1566=EDGE_CURVE('',#1175,#1175,#931,.T.);
#1567=EDGE_CURVE('',#1176,#1176,#932,.T.);
#1568=EDGE_CURVE('',#1177,#1177,#933,.T.);
#1569=EDGE_CURVE('',#1178,#1178,#934,.T.);
#1570=EDGE_CURVE('',#1179,#1179,#935,.T.);
#1571=EDGE_CURVE('',#1180,#1180,#936,.T.);
#1572=EDGE_CURVE('',#1181,#1181,#937,.F.);
#1573=EDGE_CURVE('',#1181,#1182,#194,.T.);
#1574=EDGE_CURVE('',#1182,#1182,#938,.F.);
#1575=EDGE_CURVE('',#1183,#1184,#195,.T.);
#1576=EDGE_CURVE('',#1184,#1185,#939,.F.);
#1577=EDGE_CURVE('',#1185,#1186,#196,.T.);
#1578=EDGE_CURVE('',#1186,#1183,#940,.T.);
#1579=EDGE_CURVE('',#1187,#1188,#197,.T.);
#1580=EDGE_CURVE('',#1187,#1184,#941,.F.);
#1581=EDGE_CURVE('',#1183,#1188,#942,.T.);
#1582=EDGE_CURVE('',#1189,#1190,#198,.T.);
#1583=EDGE_CURVE('',#1190,#1186,#943,.T.);
#1584=EDGE_CURVE('',#1185,#1189,#944,.F.);
#1585=EDGE_CURVE('',#1191,#1187,#945,.F.);
#1586=EDGE_CURVE('',#1189,#1191,#946,.F.);
#1587=EDGE_CURVE('',#1188,#1192,#947,.T.);
#1588=EDGE_CURVE('',#1191,#1192,#199,.T.);
#1589=EDGE_CURVE('',#1192,#1190,#948,.T.);
#1590=EDGE_CURVE('',#1193,#1193,#949,.T.);
#1591=EDGE_CURVE('',#1194,#1194,#950,.T.);
#1592=EDGE_CURVE('',#1195,#1195,#951,.T.);
#1593=EDGE_CURVE('',#1196,#1196,#952,.T.);
#1594=EDGE_CURVE('',#1197,#1197,#953,.T.);
#1595=EDGE_CURVE('',#1198,#1198,#954,.T.);
#1596=EDGE_CURVE('',#1180,#1193,#200,.T.);
#1597=EDGE_CURVE('',#1179,#1194,#201,.T.);
#1598=EDGE_CURVE('',#1178,#1195,#202,.T.);
#1599=EDGE_CURVE('',#1177,#1196,#203,.T.);
#1600=EDGE_CURVE('',#1176,#1197,#204,.T.);
#1601=EDGE_CURVE('',#1175,#1198,#205,.T.);
#1602=ORIENTED_EDGE('',*,*,#1199,.T.);
#1603=ORIENTED_EDGE('',*,*,#1200,.T.);
#1604=ORIENTED_EDGE('',*,*,#1201,.T.);
#1605=ORIENTED_EDGE('',*,*,#1202,.T.);
#1606=ORIENTED_EDGE('',*,*,#1203,.T.);
#1607=ORIENTED_EDGE('',*,*,#1204,.T.);
#1608=ORIENTED_EDGE('',*,*,#1199,.F.);
#1609=ORIENTED_EDGE('',*,*,#1205,.T.);
#1610=ORIENTED_EDGE('',*,*,#1206,.T.);
#1611=ORIENTED_EDGE('',*,*,#1207,.T.);
#1612=ORIENTED_EDGE('',*,*,#1203,.F.);
#1613=ORIENTED_EDGE('',*,*,#1208,.T.);
#1614=ORIENTED_EDGE('',*,*,#1209,.T.);
#1615=ORIENTED_EDGE('',*,*,#1210,.T.);
#1616=ORIENTED_EDGE('',*,*,#1206,.F.);
#1617=ORIENTED_EDGE('',*,*,#1211,.T.);
#1618=ORIENTED_EDGE('',*,*,#1212,.T.);
#1619=ORIENTED_EDGE('',*,*,#1213,.T.);
#1620=ORIENTED_EDGE('',*,*,#1209,.F.);
#1621=ORIENTED_EDGE('',*,*,#1214,.T.);
#1622=ORIENTED_EDGE('',*,*,#1215,.T.);
#1623=ORIENTED_EDGE('',*,*,#1216,.T.);
#1624=ORIENTED_EDGE('',*,*,#1212,.F.);
#1625=ORIENTED_EDGE('',*,*,#1217,.T.);
#1626=ORIENTED_EDGE('',*,*,#1218,.T.);
#1627=ORIENTED_EDGE('',*,*,#1219,.T.);
#1628=ORIENTED_EDGE('',*,*,#1215,.F.);
#1629=ORIENTED_EDGE('',*,*,#1220,.T.);
#1630=ORIENTED_EDGE('',*,*,#1221,.T.);
#1631=ORIENTED_EDGE('',*,*,#1222,.T.);
#1632=ORIENTED_EDGE('',*,*,#1218,.F.);
#1633=ORIENTED_EDGE('',*,*,#1223,.T.);
#1634=ORIENTED_EDGE('',*,*,#1224,.T.);
#1635=ORIENTED_EDGE('',*,*,#1225,.T.);
#1636=ORIENTED_EDGE('',*,*,#1221,.F.);
#1637=ORIENTED_EDGE('',*,*,#1226,.T.);
#1638=ORIENTED_EDGE('',*,*,#1227,.T.);
#1639=ORIENTED_EDGE('',*,*,#1228,.T.);
#1640=ORIENTED_EDGE('',*,*,#1224,.F.);
#1641=ORIENTED_EDGE('',*,*,#1229,.T.);
#1642=ORIENTED_EDGE('',*,*,#1230,.T.);
#1643=ORIENTED_EDGE('',*,*,#1231,.T.);
#1644=ORIENTED_EDGE('',*,*,#1227,.F.);
#1645=ORIENTED_EDGE('',*,*,#1232,.T.);
#1646=ORIENTED_EDGE('',*,*,#1233,.T.);
#1647=ORIENTED_EDGE('',*,*,#1234,.T.);
#1648=ORIENTED_EDGE('',*,*,#1230,.F.);
#1649=ORIENTED_EDGE('',*,*,#1235,.T.);
#1650=ORIENTED_EDGE('',*,*,#1236,.T.);
#1651=ORIENTED_EDGE('',*,*,#1237,.T.);
#1652=ORIENTED_EDGE('',*,*,#1233,.F.);
#1653=ORIENTED_EDGE('',*,*,#1238,.T.);
#1654=ORIENTED_EDGE('',*,*,#1201,.F.);
#1655=ORIENTED_EDGE('',*,*,#1239,.T.);
#1656=ORIENTED_EDGE('',*,*,#1240,.T.);
#1657=ORIENTED_EDGE('',*,*,#1241,.T.);
#1658=ORIENTED_EDGE('',*,*,#1240,.F.);
#1659=ORIENTED_EDGE('',*,*,#1242,.T.);
#1660=ORIENTED_EDGE('',*,*,#1236,.F.);
#1661=ORIENTED_EDGE('',*,*,#1243,.T.);
#1662=ORIENTED_EDGE('',*,*,#1220,.F.);
#1663=ORIENTED_EDGE('',*,*,#1217,.F.);
#1664=ORIENTED_EDGE('',*,*,#1214,.F.);
#1665=ORIENTED_EDGE('',*,*,#1244,.F.);
#1666=ORIENTED_EDGE('',*,*,#1245,.T.);
#1667=ORIENTED_EDGE('',*,*,#1246,.T.);
#1668=ORIENTED_EDGE('',*,*,#1247,.F.);
#1669=ORIENTED_EDGE('',*,*,#1248,.F.);
#1670=ORIENTED_EDGE('',*,*,#1249,.F.);
#1671=ORIENTED_EDGE('',*,*,#1211,.F.);
#1672=ORIENTED_EDGE('',*,*,#1250,.T.);
#1673=ORIENTED_EDGE('',*,*,#1244,.T.);
#1674=ORIENTED_EDGE('',*,*,#1208,.F.);
#1675=ORIENTED_EDGE('',*,*,#1251,.F.);
#1676=ORIENTED_EDGE('',*,*,#1252,.T.);
#1677=ORIENTED_EDGE('',*,*,#1253,.F.);
#1678=ORIENTED_EDGE('',*,*,#1245,.F.);
#1679=ORIENTED_EDGE('',*,*,#1250,.F.);
#1680=ORIENTED_EDGE('',*,*,#1205,.F.);
#1681=ORIENTED_EDGE('',*,*,#1202,.F.);
#1682=ORIENTED_EDGE('',*,*,#1254,.T.);
#1683=ORIENTED_EDGE('',*,*,#1251,.T.);
#1684=ORIENTED_EDGE('',*,*,#1225,.F.);
#1685=ORIENTED_EDGE('',*,*,#1228,.F.);
#1686=ORIENTED_EDGE('',*,*,#1255,.T.);
#1687=ORIENTED_EDGE('',*,*,#1256,.F.);
#1688=ORIENTED_EDGE('',*,*,#1257,.F.);
#1689=ORIENTED_EDGE('',*,*,#1258,.T.);
#1690=ORIENTED_EDGE('',*,*,#1231,.F.);
#1691=ORIENTED_EDGE('',*,*,#1234,.F.);
#1692=ORIENTED_EDGE('',*,*,#1237,.F.);
#1693=ORIENTED_EDGE('',*,*,#1259,.F.);
#1694=ORIENTED_EDGE('',*,*,#1260,.F.);
#1695=ORIENTED_EDGE('',*,*,#1261,.F.);
#1696=ORIENTED_EDGE('',*,*,#1255,.F.);
#1697=ORIENTED_EDGE('',*,*,#1242,.F.);
#1698=ORIENTED_EDGE('',*,*,#1262,.T.);
#1699=ORIENTED_EDGE('',*,*,#1259,.T.);
#1700=ORIENTED_EDGE('',*,*,#1239,.F.);
#1701=ORIENTED_EDGE('',*,*,#1200,.F.);
#1702=ORIENTED_EDGE('',*,*,#1263,.F.);
#1703=ORIENTED_EDGE('',*,*,#1264,.F.);
#1704=ORIENTED_EDGE('',*,*,#1262,.F.);
#1705=ORIENTED_EDGE('',*,*,#1265,.T.);
#1706=ORIENTED_EDGE('',*,*,#1266,.T.);
#1707=ORIENTED_EDGE('',*,*,#1267,.T.);
#1708=ORIENTED_EDGE('',*,*,#1268,.T.);
#1709=ORIENTED_EDGE('',*,*,#1269,.T.);
#1710=ORIENTED_EDGE('',*,*,#1270,.T.);
#1711=ORIENTED_EDGE('',*,*,#1265,.F.);
#1712=ORIENTED_EDGE('',*,*,#1271,.T.);
#1713=ORIENTED_EDGE('',*,*,#1272,.T.);
#1714=ORIENTED_EDGE('',*,*,#1273,.T.);
#1715=ORIENTED_EDGE('',*,*,#1269,.F.);
#1716=ORIENTED_EDGE('',*,*,#1274,.T.);
#1717=ORIENTED_EDGE('',*,*,#1275,.T.);
#1718=ORIENTED_EDGE('',*,*,#1276,.T.);
#1719=ORIENTED_EDGE('',*,*,#1272,.F.);
#1720=ORIENTED_EDGE('',*,*,#1277,.T.);
#1721=ORIENTED_EDGE('',*,*,#1278,.T.);
#1722=ORIENTED_EDGE('',*,*,#1279,.T.);
#1723=ORIENTED_EDGE('',*,*,#1275,.F.);
#1724=ORIENTED_EDGE('',*,*,#1280,.T.);
#1725=ORIENTED_EDGE('',*,*,#1281,.T.);
#1726=ORIENTED_EDGE('',*,*,#1282,.T.);
#1727=ORIENTED_EDGE('',*,*,#1278,.F.);
#1728=ORIENTED_EDGE('',*,*,#1283,.T.);
#1729=ORIENTED_EDGE('',*,*,#1284,.T.);
#1730=ORIENTED_EDGE('',*,*,#1285,.T.);
#1731=ORIENTED_EDGE('',*,*,#1281,.F.);
#1732=ORIENTED_EDGE('',*,*,#1286,.T.);
#1733=ORIENTED_EDGE('',*,*,#1287,.T.);
#1734=ORIENTED_EDGE('',*,*,#1288,.T.);
#1735=ORIENTED_EDGE('',*,*,#1284,.F.);
#1736=ORIENTED_EDGE('',*,*,#1289,.T.);
#1737=ORIENTED_EDGE('',*,*,#1290,.T.);
#1738=ORIENTED_EDGE('',*,*,#1291,.T.);
#1739=ORIENTED_EDGE('',*,*,#1287,.F.);
#1740=ORIENTED_EDGE('',*,*,#1292,.T.);
#1741=ORIENTED_EDGE('',*,*,#1293,.T.);
#1742=ORIENTED_EDGE('',*,*,#1294,.T.);
#1743=ORIENTED_EDGE('',*,*,#1295,.T.);
#1744=ORIENTED_EDGE('',*,*,#1296,.T.);
#1745=ORIENTED_EDGE('',*,*,#1297,.T.);
#1746=ORIENTED_EDGE('',*,*,#1298,.T.);
#1747=ORIENTED_EDGE('',*,*,#1293,.F.);
#1748=ORIENTED_EDGE('',*,*,#1299,.T.);
#1749=ORIENTED_EDGE('',*,*,#1300,.T.);
#1750=ORIENTED_EDGE('',*,*,#1301,.T.);
#1751=ORIENTED_EDGE('',*,*,#1297,.F.);
#1752=ORIENTED_EDGE('',*,*,#1302,.T.);
#1753=ORIENTED_EDGE('',*,*,#1295,.F.);
#1754=ORIENTED_EDGE('',*,*,#1303,.T.);
#1755=ORIENTED_EDGE('',*,*,#1290,.F.);
#1756=ORIENTED_EDGE('',*,*,#1304,.T.);
#1757=ORIENTED_EDGE('',*,*,#1267,.F.);
#1758=ORIENTED_EDGE('',*,*,#1305,.T.);
#1759=ORIENTED_EDGE('',*,*,#1300,.F.);
#1760=ORIENTED_EDGE('',*,*,#1306,.T.);
#1761=ORIENTED_EDGE('',*,*,#1274,.F.);
#1762=ORIENTED_EDGE('',*,*,#1271,.F.);
#1763=ORIENTED_EDGE('',*,*,#1268,.F.);
#1764=ORIENTED_EDGE('',*,*,#1307,.T.);
#1765=ORIENTED_EDGE('',*,*,#1308,.T.);
#1766=ORIENTED_EDGE('',*,*,#1309,.F.);
#1767=ORIENTED_EDGE('',*,*,#1310,.F.);
#1768=ORIENTED_EDGE('',*,*,#1311,.F.);
#1769=ORIENTED_EDGE('',*,*,#1306,.F.);
#1770=ORIENTED_EDGE('',*,*,#1302,.F.);
#1771=ORIENTED_EDGE('',*,*,#1299,.F.);
#1772=ORIENTED_EDGE('',*,*,#1312,.F.);
#1773=ORIENTED_EDGE('',*,*,#1313,.T.);
#1774=ORIENTED_EDGE('',*,*,#1314,.F.);
#1775=ORIENTED_EDGE('',*,*,#1307,.F.);
#1776=ORIENTED_EDGE('',*,*,#1296,.F.);
#1777=ORIENTED_EDGE('',*,*,#1315,.T.);
#1778=ORIENTED_EDGE('',*,*,#1312,.T.);
#1779=ORIENTED_EDGE('',*,*,#1273,.F.);
#1780=ORIENTED_EDGE('',*,*,#1276,.F.);
#1781=ORIENTED_EDGE('',*,*,#1279,.F.);
#1782=ORIENTED_EDGE('',*,*,#1282,.F.);
#1783=ORIENTED_EDGE('',*,*,#1316,.F.);
#1784=ORIENTED_EDGE('',*,*,#1317,.F.);
#1785=ORIENTED_EDGE('',*,*,#1318,.F.);
#1786=ORIENTED_EDGE('',*,*,#1319,.F.);
#1787=ORIENTED_EDGE('',*,*,#1285,.F.);
#1788=ORIENTED_EDGE('',*,*,#1288,.F.);
#1789=ORIENTED_EDGE('',*,*,#1320,.F.);
#1790=ORIENTED_EDGE('',*,*,#1321,.F.);
#1791=ORIENTED_EDGE('',*,*,#1316,.T.);
#1792=ORIENTED_EDGE('',*,*,#1291,.F.);
#1793=ORIENTED_EDGE('',*,*,#1322,.T.);
#1794=ORIENTED_EDGE('',*,*,#1320,.T.);
#1795=ORIENTED_EDGE('',*,*,#1303,.F.);
#1796=ORIENTED_EDGE('',*,*,#1294,.F.);
#1797=ORIENTED_EDGE('',*,*,#1298,.F.);
#1798=ORIENTED_EDGE('',*,*,#1323,.F.);
#1799=ORIENTED_EDGE('',*,*,#1324,.F.);
#1800=ORIENTED_EDGE('',*,*,#1325,.F.);
#1801=ORIENTED_EDGE('',*,*,#1322,.F.);
#1802=ORIENTED_EDGE('',*,*,#1223,.F.);
#1803=ORIENTED_EDGE('',*,*,#1249,.T.);
#1804=ORIENTED_EDGE('',*,*,#1326,.T.);
#1805=ORIENTED_EDGE('',*,*,#1226,.F.);
#1806=ORIENTED_EDGE('',*,*,#1229,.F.);
#1807=ORIENTED_EDGE('',*,*,#1326,.F.);
#1808=ORIENTED_EDGE('',*,*,#1248,.T.);
#1809=ORIENTED_EDGE('',*,*,#1327,.T.);
#1810=ORIENTED_EDGE('',*,*,#1328,.F.);
#1811=ORIENTED_EDGE('',*,*,#1329,.F.);
#1812=ORIENTED_EDGE('',*,*,#1330,.F.);
#1813=ORIENTED_EDGE('',*,*,#1331,.F.);
#1814=ORIENTED_EDGE('',*,*,#1232,.F.);
#1815=ORIENTED_EDGE('',*,*,#1235,.F.);
#1816=ORIENTED_EDGE('',*,*,#1331,.T.);
#1817=ORIENTED_EDGE('',*,*,#1332,.T.);
#1818=ORIENTED_EDGE('',*,*,#1238,.F.);
#1819=ORIENTED_EDGE('',*,*,#1332,.F.);
#1820=ORIENTED_EDGE('',*,*,#1330,.T.);
#1821=ORIENTED_EDGE('',*,*,#1333,.F.);
#1822=ORIENTED_EDGE('',*,*,#1334,.F.);
#1823=ORIENTED_EDGE('',*,*,#1252,.F.);
#1824=ORIENTED_EDGE('',*,*,#1254,.F.);
#1825=ORIENTED_EDGE('',*,*,#1241,.F.);
#1826=ORIENTED_EDGE('',*,*,#1243,.F.);
#1827=ORIENTED_EDGE('',*,*,#1213,.F.);
#1828=ORIENTED_EDGE('',*,*,#1335,.F.);
#1829=ORIENTED_EDGE('',*,*,#1336,.F.);
#1830=ORIENTED_EDGE('',*,*,#1337,.F.);
#1831=ORIENTED_EDGE('',*,*,#1263,.T.);
#1832=ORIENTED_EDGE('',*,*,#1204,.F.);
#1833=ORIENTED_EDGE('',*,*,#1207,.F.);
#1834=ORIENTED_EDGE('',*,*,#1210,.F.);
#1835=ORIENTED_EDGE('',*,*,#1277,.F.);
#1836=ORIENTED_EDGE('',*,*,#1311,.T.);
#1837=ORIENTED_EDGE('',*,*,#1338,.T.);
#1838=ORIENTED_EDGE('',*,*,#1280,.F.);
#1839=ORIENTED_EDGE('',*,*,#1338,.F.);
#1840=ORIENTED_EDGE('',*,*,#1310,.T.);
#1841=ORIENTED_EDGE('',*,*,#1339,.T.);
#1842=ORIENTED_EDGE('',*,*,#1340,.F.);
#1843=ORIENTED_EDGE('',*,*,#1341,.F.);
#1844=ORIENTED_EDGE('',*,*,#1342,.F.);
#1845=ORIENTED_EDGE('',*,*,#1343,.F.);
#1846=ORIENTED_EDGE('',*,*,#1283,.F.);
#1847=ORIENTED_EDGE('',*,*,#1343,.T.);
#1848=ORIENTED_EDGE('',*,*,#1344,.T.);
#1849=ORIENTED_EDGE('',*,*,#1286,.F.);
#1850=ORIENTED_EDGE('',*,*,#1289,.F.);
#1851=ORIENTED_EDGE('',*,*,#1344,.F.);
#1852=ORIENTED_EDGE('',*,*,#1342,.T.);
#1853=ORIENTED_EDGE('',*,*,#1345,.F.);
#1854=ORIENTED_EDGE('',*,*,#1346,.F.);
#1855=ORIENTED_EDGE('',*,*,#1313,.F.);
#1856=ORIENTED_EDGE('',*,*,#1315,.F.);
#1857=ORIENTED_EDGE('',*,*,#1304,.F.);
#1858=ORIENTED_EDGE('',*,*,#1292,.F.);
#1859=ORIENTED_EDGE('',*,*,#1328,.T.);
#1860=ORIENTED_EDGE('',*,*,#1347,.T.);
#1861=ORIENTED_EDGE('',*,*,#1348,.T.);
#1862=ORIENTED_EDGE('',*,*,#1349,.T.);
#1863=ORIENTED_EDGE('',*,*,#1350,.F.);
#1864=ORIENTED_EDGE('',*,*,#1351,.F.);
#1865=ORIENTED_EDGE('',*,*,#1247,.T.);
#1866=ORIENTED_EDGE('',*,*,#1352,.T.);
#1867=ORIENTED_EDGE('',*,*,#1353,.T.);
#1868=ORIENTED_EDGE('',*,*,#1354,.T.);
#1869=ORIENTED_EDGE('',*,*,#1347,.F.);
#1870=ORIENTED_EDGE('',*,*,#1327,.F.);
#1871=ORIENTED_EDGE('',*,*,#1253,.T.);
#1872=ORIENTED_EDGE('',*,*,#1334,.T.);
#1873=ORIENTED_EDGE('',*,*,#1355,.T.);
#1874=ORIENTED_EDGE('',*,*,#1356,.T.);
#1875=ORIENTED_EDGE('',*,*,#1352,.F.);
#1876=ORIENTED_EDGE('',*,*,#1246,.F.);
#1877=ORIENTED_EDGE('',*,*,#1333,.T.);
#1878=ORIENTED_EDGE('',*,*,#1329,.T.);
#1879=ORIENTED_EDGE('',*,*,#1351,.T.);
#1880=ORIENTED_EDGE('',*,*,#1357,.T.);
#1881=ORIENTED_EDGE('',*,*,#1358,.F.);
#1882=ORIENTED_EDGE('',*,*,#1355,.F.);
#1883=ORIENTED_EDGE('',*,*,#1356,.F.);
#1884=ORIENTED_EDGE('',*,*,#1358,.T.);
#1885=ORIENTED_EDGE('',*,*,#1359,.T.);
#1886=ORIENTED_EDGE('',*,*,#1360,.T.);
#1887=ORIENTED_EDGE('',*,*,#1361,.F.);
#1888=ORIENTED_EDGE('',*,*,#1353,.F.);
#1889=ORIENTED_EDGE('',*,*,#1357,.F.);
#1890=ORIENTED_EDGE('',*,*,#1350,.T.);
#1891=ORIENTED_EDGE('',*,*,#1362,.T.);
#1892=ORIENTED_EDGE('',*,*,#1363,.T.);
#1893=ORIENTED_EDGE('',*,*,#1359,.F.);
#1894=ORIENTED_EDGE('',*,*,#1309,.T.);
#1895=ORIENTED_EDGE('',*,*,#1364,.T.);
#1896=ORIENTED_EDGE('',*,*,#1365,.T.);
#1897=ORIENTED_EDGE('',*,*,#1366,.T.);
#1898=ORIENTED_EDGE('',*,*,#1367,.F.);
#1899=ORIENTED_EDGE('',*,*,#1339,.F.);
#1900=ORIENTED_EDGE('',*,*,#1314,.T.);
#1901=ORIENTED_EDGE('',*,*,#1346,.T.);
#1902=ORIENTED_EDGE('',*,*,#1368,.T.);
#1903=ORIENTED_EDGE('',*,*,#1369,.T.);
#1904=ORIENTED_EDGE('',*,*,#1364,.F.);
#1905=ORIENTED_EDGE('',*,*,#1308,.F.);
#1906=ORIENTED_EDGE('',*,*,#1345,.T.);
#1907=ORIENTED_EDGE('',*,*,#1341,.T.);
#1908=ORIENTED_EDGE('',*,*,#1370,.T.);
#1909=ORIENTED_EDGE('',*,*,#1371,.T.);
#1910=ORIENTED_EDGE('',*,*,#1372,.F.);
#1911=ORIENTED_EDGE('',*,*,#1368,.F.);
#1912=ORIENTED_EDGE('',*,*,#1340,.T.);
#1913=ORIENTED_EDGE('',*,*,#1367,.T.);
#1914=ORIENTED_EDGE('',*,*,#1373,.T.);
#1915=ORIENTED_EDGE('',*,*,#1374,.T.);
#1916=ORIENTED_EDGE('',*,*,#1375,.F.);
#1917=ORIENTED_EDGE('',*,*,#1370,.F.);
#1918=ORIENTED_EDGE('',*,*,#1374,.F.);
#1919=ORIENTED_EDGE('',*,*,#1376,.T.);
#1920=ORIENTED_EDGE('',*,*,#1377,.T.);
#1921=ORIENTED_EDGE('',*,*,#1378,.F.);
#1922=ORIENTED_EDGE('',*,*,#1366,.F.);
#1923=ORIENTED_EDGE('',*,*,#1379,.T.);
#1924=ORIENTED_EDGE('',*,*,#1380,.T.);
#1925=ORIENTED_EDGE('',*,*,#1376,.F.);
#1926=ORIENTED_EDGE('',*,*,#1373,.F.);
#1927=ORIENTED_EDGE('',*,*,#1354,.F.);
#1928=ORIENTED_EDGE('',*,*,#1361,.T.);
#1929=ORIENTED_EDGE('',*,*,#1381,.T.);
#1930=ORIENTED_EDGE('',*,*,#1382,.F.);
#1931=ORIENTED_EDGE('',*,*,#1348,.F.);
#1932=ORIENTED_EDGE('',*,*,#1222,.F.);
#1933=ORIENTED_EDGE('',*,*,#1258,.F.);
#1934=ORIENTED_EDGE('',*,*,#1383,.F.);
#1935=ORIENTED_EDGE('',*,*,#1384,.F.);
#1936=ORIENTED_EDGE('',*,*,#1385,.F.);
#1937=ORIENTED_EDGE('',*,*,#1386,.F.);
#1938=ORIENTED_EDGE('',*,*,#1387,.F.);
#1939=ORIENTED_EDGE('',*,*,#1388,.F.);
#1940=ORIENTED_EDGE('',*,*,#1219,.F.);
#1941=ORIENTED_EDGE('',*,*,#1369,.F.);
#1942=ORIENTED_EDGE('',*,*,#1372,.T.);
#1943=ORIENTED_EDGE('',*,*,#1389,.T.);
#1944=ORIENTED_EDGE('',*,*,#1390,.T.);
#1945=ORIENTED_EDGE('',*,*,#1379,.F.);
#1946=ORIENTED_EDGE('',*,*,#1365,.F.);
#1947=ORIENTED_EDGE('',*,*,#1371,.F.);
#1948=ORIENTED_EDGE('',*,*,#1375,.T.);
#1949=ORIENTED_EDGE('',*,*,#1378,.T.);
#1950=ORIENTED_EDGE('',*,*,#1391,.T.);
#1951=ORIENTED_EDGE('',*,*,#1389,.F.);
#1952=ORIENTED_EDGE('',*,*,#1270,.F.);
#1953=ORIENTED_EDGE('',*,*,#1319,.T.);
#1954=ORIENTED_EDGE('',*,*,#1392,.F.);
#1955=ORIENTED_EDGE('',*,*,#1393,.F.);
#1956=ORIENTED_EDGE('',*,*,#1394,.T.);
#1957=ORIENTED_EDGE('',*,*,#1391,.F.);
#1958=ORIENTED_EDGE('',*,*,#1377,.F.);
#1959=ORIENTED_EDGE('',*,*,#1380,.F.);
#1960=ORIENTED_EDGE('',*,*,#1390,.F.);
#1961=ORIENTED_EDGE('',*,*,#1349,.F.);
#1962=ORIENTED_EDGE('',*,*,#1382,.T.);
#1963=ORIENTED_EDGE('',*,*,#1395,.T.);
#1964=ORIENTED_EDGE('',*,*,#1362,.F.);
#1965=ORIENTED_EDGE('',*,*,#1363,.F.);
#1966=ORIENTED_EDGE('',*,*,#1395,.F.);
#1967=ORIENTED_EDGE('',*,*,#1381,.F.);
#1968=ORIENTED_EDGE('',*,*,#1360,.F.);
#1969=ORIENTED_EDGE('',*,*,#1396,.T.);
#1970=ORIENTED_EDGE('',*,*,#1397,.F.);
#1971=ORIENTED_EDGE('',*,*,#1398,.F.);
#1972=ORIENTED_EDGE('',*,*,#1399,.T.);
#1973=ORIENTED_EDGE('',*,*,#1400,.F.);
#1974=ORIENTED_EDGE('',*,*,#1401,.T.);
#1975=ORIENTED_EDGE('',*,*,#1402,.F.);
#1976=ORIENTED_EDGE('',*,*,#1403,.F.);
#1977=ORIENTED_EDGE('',*,*,#1404,.F.);
#1978=ORIENTED_EDGE('',*,*,#1405,.F.);
#1979=ORIENTED_EDGE('',*,*,#1406,.F.);
#1980=ORIENTED_EDGE('',*,*,#1396,.F.);
#1981=ORIENTED_EDGE('',*,*,#1407,.F.);
#1982=ORIENTED_EDGE('',*,*,#1398,.T.);
#1983=ORIENTED_EDGE('',*,*,#1408,.T.);
#1984=ORIENTED_EDGE('',*,*,#1409,.T.);
#1985=ORIENTED_EDGE('',*,*,#1410,.T.);
#1986=ORIENTED_EDGE('',*,*,#1411,.F.);
#1987=ORIENTED_EDGE('',*,*,#1400,.T.);
#1988=ORIENTED_EDGE('',*,*,#1412,.F.);
#1989=ORIENTED_EDGE('',*,*,#1413,.T.);
#1990=ORIENTED_EDGE('',*,*,#1414,.F.);
#1991=ORIENTED_EDGE('',*,*,#1415,.T.);
#1992=ORIENTED_EDGE('',*,*,#1416,.F.);
#1993=ORIENTED_EDGE('',*,*,#1317,.T.);
#1994=ORIENTED_EDGE('',*,*,#1321,.T.);
#1995=ORIENTED_EDGE('',*,*,#1325,.T.);
#1996=ORIENTED_EDGE('',*,*,#1417,.F.);
#1997=ORIENTED_EDGE('',*,*,#1418,.T.);
#1998=ORIENTED_EDGE('',*,*,#1419,.F.);
#1999=ORIENTED_EDGE('',*,*,#1420,.T.);
#2000=ORIENTED_EDGE('',*,*,#1421,.T.);
#2001=ORIENTED_EDGE('',*,*,#1402,.T.);
#2002=ORIENTED_EDGE('',*,*,#1422,.F.);
#2003=ORIENTED_EDGE('',*,*,#1423,.T.);
#2004=ORIENTED_EDGE('',*,*,#1424,.F.);
#2005=ORIENTED_EDGE('',*,*,#1425,.T.);
#2006=ORIENTED_EDGE('',*,*,#1426,.F.);
#2007=ORIENTED_EDGE('',*,*,#1260,.T.);
#2008=ORIENTED_EDGE('',*,*,#1264,.T.);
#2009=ORIENTED_EDGE('',*,*,#1337,.T.);
#2010=ORIENTED_EDGE('',*,*,#1427,.F.);
#2011=ORIENTED_EDGE('',*,*,#1428,.T.);
#2012=ORIENTED_EDGE('',*,*,#1429,.F.);
#2013=ORIENTED_EDGE('',*,*,#1430,.T.);
#2014=ORIENTED_EDGE('',*,*,#1431,.F.);
#2015=ORIENTED_EDGE('',*,*,#1397,.T.);
#2016=ORIENTED_EDGE('',*,*,#1406,.T.);
#2017=ORIENTED_EDGE('',*,*,#1432,.T.);
#2018=ORIENTED_EDGE('',*,*,#1433,.F.);
#2019=ORIENTED_EDGE('',*,*,#1434,.F.);
#2020=ORIENTED_EDGE('',*,*,#1408,.F.);
#2021=ORIENTED_EDGE('',*,*,#1435,.F.);
#2022=ORIENTED_EDGE('',*,*,#1436,.F.);
#2023=ORIENTED_EDGE('',*,*,#1437,.F.);
#2024=ORIENTED_EDGE('',*,*,#1420,.F.);
#2025=ORIENTED_EDGE('',*,*,#1438,.F.);
#2026=ORIENTED_EDGE('',*,*,#1409,.F.);
#2027=ORIENTED_EDGE('',*,*,#1434,.T.);
#2028=ORIENTED_EDGE('',*,*,#1439,.F.);
#2029=ORIENTED_EDGE('',*,*,#1403,.T.);
#2030=ORIENTED_EDGE('',*,*,#1421,.F.);
#2031=ORIENTED_EDGE('',*,*,#1437,.T.);
#2032=ORIENTED_EDGE('',*,*,#1440,.F.);
#2033=ORIENTED_EDGE('',*,*,#1441,.F.);
#2034=ORIENTED_EDGE('',*,*,#1404,.T.);
#2035=ORIENTED_EDGE('',*,*,#1405,.T.);
#2036=ORIENTED_EDGE('',*,*,#1441,.T.);
#2037=ORIENTED_EDGE('',*,*,#1442,.F.);
#2038=ORIENTED_EDGE('',*,*,#1432,.F.);
#2039=ORIENTED_EDGE('',*,*,#1407,.T.);
#2040=ORIENTED_EDGE('',*,*,#1443,.T.);
#2041=ORIENTED_EDGE('',*,*,#1444,.F.);
#2042=ORIENTED_EDGE('',*,*,#1443,.F.);
#2043=ORIENTED_EDGE('',*,*,#1445,.F.);
#2044=ORIENTED_EDGE('',*,*,#1446,.F.);
#2045=ORIENTED_EDGE('',*,*,#1439,.T.);
#2046=ORIENTED_EDGE('',*,*,#1433,.T.);
#2047=ORIENTED_EDGE('',*,*,#1442,.T.);
#2048=ORIENTED_EDGE('',*,*,#1440,.T.);
#2049=ORIENTED_EDGE('',*,*,#1436,.T.);
#2050=ORIENTED_EDGE('',*,*,#1447,.F.);
#2051=ORIENTED_EDGE('',*,*,#1444,.T.);
#2052=ORIENTED_EDGE('',*,*,#1438,.T.);
#2053=ORIENTED_EDGE('',*,*,#1446,.T.);
#2054=ORIENTED_EDGE('',*,*,#1448,.F.);
#2055=ORIENTED_EDGE('',*,*,#1449,.F.);
#2056=ORIENTED_EDGE('',*,*,#1450,.F.);
#2057=ORIENTED_EDGE('',*,*,#1451,.F.);
#2058=ORIENTED_EDGE('',*,*,#1452,.F.);
#2059=ORIENTED_EDGE('',*,*,#1410,.F.);
#2060=ORIENTED_EDGE('',*,*,#1447,.T.);
#2061=ORIENTED_EDGE('',*,*,#1435,.T.);
#2062=ORIENTED_EDGE('',*,*,#1419,.T.);
#2063=ORIENTED_EDGE('',*,*,#1453,.T.);
#2064=ORIENTED_EDGE('',*,*,#1454,.T.);
#2065=ORIENTED_EDGE('',*,*,#1448,.T.);
#2066=ORIENTED_EDGE('',*,*,#1427,.T.);
#2067=ORIENTED_EDGE('',*,*,#1336,.T.);
#2068=ORIENTED_EDGE('',*,*,#1455,.T.);
#2069=ORIENTED_EDGE('',*,*,#1456,.T.);
#2070=ORIENTED_EDGE('',*,*,#1455,.F.);
#2071=ORIENTED_EDGE('',*,*,#1457,.T.);
#2072=ORIENTED_EDGE('',*,*,#1458,.T.);
#2073=ORIENTED_EDGE('',*,*,#1459,.T.);
#2074=ORIENTED_EDGE('',*,*,#1458,.F.);
#2075=ORIENTED_EDGE('',*,*,#1460,.T.);
#2076=ORIENTED_EDGE('',*,*,#1461,.T.);
#2077=ORIENTED_EDGE('',*,*,#1216,.F.);
#2078=ORIENTED_EDGE('',*,*,#1388,.T.);
#2079=ORIENTED_EDGE('',*,*,#1460,.F.);
#2080=ORIENTED_EDGE('',*,*,#1457,.F.);
#2081=ORIENTED_EDGE('',*,*,#1335,.T.);
#2082=ORIENTED_EDGE('',*,*,#1426,.T.);
#2083=ORIENTED_EDGE('',*,*,#1462,.T.);
#2084=ORIENTED_EDGE('',*,*,#1463,.T.);
#2085=ORIENTED_EDGE('',*,*,#1261,.T.);
#2086=ORIENTED_EDGE('',*,*,#1464,.T.);
#2087=ORIENTED_EDGE('',*,*,#1256,.T.);
#2088=ORIENTED_EDGE('',*,*,#1463,.F.);
#2089=ORIENTED_EDGE('',*,*,#1465,.T.);
#2090=ORIENTED_EDGE('',*,*,#1464,.F.);
#2091=ORIENTED_EDGE('',*,*,#1466,.T.);
#2092=ORIENTED_EDGE('',*,*,#1257,.T.);
#2093=ORIENTED_EDGE('',*,*,#1466,.F.);
#2094=ORIENTED_EDGE('',*,*,#1467,.T.);
#2095=ORIENTED_EDGE('',*,*,#1468,.F.);
#2096=ORIENTED_EDGE('',*,*,#1469,.F.);
#2097=ORIENTED_EDGE('',*,*,#1383,.T.);
#2098=ORIENTED_EDGE('',*,*,#1465,.F.);
#2099=ORIENTED_EDGE('',*,*,#1462,.F.);
#2100=ORIENTED_EDGE('',*,*,#1425,.F.);
#2101=ORIENTED_EDGE('',*,*,#1470,.F.);
#2102=ORIENTED_EDGE('',*,*,#1467,.F.);
#2103=ORIENTED_EDGE('',*,*,#1424,.T.);
#2104=ORIENTED_EDGE('',*,*,#1471,.T.);
#2105=ORIENTED_EDGE('',*,*,#1472,.T.);
#2106=ORIENTED_EDGE('',*,*,#1470,.T.);
#2107=ORIENTED_EDGE('',*,*,#1473,.T.);
#2108=ORIENTED_EDGE('',*,*,#1468,.T.);
#2109=ORIENTED_EDGE('',*,*,#1472,.F.);
#2110=ORIENTED_EDGE('',*,*,#1474,.T.);
#2111=ORIENTED_EDGE('',*,*,#1473,.F.);
#2112=ORIENTED_EDGE('',*,*,#1475,.T.);
#2113=ORIENTED_EDGE('',*,*,#1469,.T.);
#2114=ORIENTED_EDGE('',*,*,#1475,.F.);
#2115=ORIENTED_EDGE('',*,*,#1476,.T.);
#2116=ORIENTED_EDGE('',*,*,#1477,.F.);
#2117=ORIENTED_EDGE('',*,*,#1384,.T.);
#2118=ORIENTED_EDGE('',*,*,#1474,.F.);
#2119=ORIENTED_EDGE('',*,*,#1471,.F.);
#2120=ORIENTED_EDGE('',*,*,#1423,.F.);
#2121=ORIENTED_EDGE('',*,*,#1478,.F.);
#2122=ORIENTED_EDGE('',*,*,#1479,.F.);
#2123=ORIENTED_EDGE('',*,*,#1476,.F.);
#2124=ORIENTED_EDGE('',*,*,#1422,.T.);
#2125=ORIENTED_EDGE('',*,*,#1480,.T.);
#2126=ORIENTED_EDGE('',*,*,#1481,.T.);
#2127=ORIENTED_EDGE('',*,*,#1478,.T.);
#2128=ORIENTED_EDGE('',*,*,#1481,.F.);
#2129=ORIENTED_EDGE('',*,*,#1482,.T.);
#2130=ORIENTED_EDGE('',*,*,#1483,.T.);
#2131=ORIENTED_EDGE('',*,*,#1479,.T.);
#2132=ORIENTED_EDGE('',*,*,#1484,.T.);
#2133=ORIENTED_EDGE('',*,*,#1477,.T.);
#2134=ORIENTED_EDGE('',*,*,#1483,.F.);
#2135=ORIENTED_EDGE('',*,*,#1484,.F.);
#2136=ORIENTED_EDGE('',*,*,#1482,.F.);
#2137=ORIENTED_EDGE('',*,*,#1485,.T.);
#2138=ORIENTED_EDGE('',*,*,#1486,.F.);
#2139=ORIENTED_EDGE('',*,*,#1487,.F.);
#2140=ORIENTED_EDGE('',*,*,#1385,.T.);
#2141=ORIENTED_EDGE('',*,*,#1480,.F.);
#2142=ORIENTED_EDGE('',*,*,#1401,.F.);
#2143=ORIENTED_EDGE('',*,*,#1488,.F.);
#2144=ORIENTED_EDGE('',*,*,#1485,.F.);
#2145=ORIENTED_EDGE('',*,*,#1429,.T.);
#2146=ORIENTED_EDGE('',*,*,#1489,.T.);
#2147=ORIENTED_EDGE('',*,*,#1490,.T.);
#2148=ORIENTED_EDGE('',*,*,#1491,.T.);
#2149=ORIENTED_EDGE('',*,*,#1490,.F.);
#2150=ORIENTED_EDGE('',*,*,#1492,.T.);
#2151=ORIENTED_EDGE('',*,*,#1493,.T.);
#2152=ORIENTED_EDGE('',*,*,#1494,.T.);
#2153=ORIENTED_EDGE('',*,*,#1493,.F.);
#2154=ORIENTED_EDGE('',*,*,#1495,.T.);
#2155=ORIENTED_EDGE('',*,*,#1496,.T.);
#2156=ORIENTED_EDGE('',*,*,#1461,.F.);
#2157=ORIENTED_EDGE('',*,*,#1387,.T.);
#2158=ORIENTED_EDGE('',*,*,#1495,.F.);
#2159=ORIENTED_EDGE('',*,*,#1492,.F.);
#2160=ORIENTED_EDGE('',*,*,#1497,.T.);
#2161=ORIENTED_EDGE('',*,*,#1459,.F.);
#2162=ORIENTED_EDGE('',*,*,#1497,.F.);
#2163=ORIENTED_EDGE('',*,*,#1489,.F.);
#2164=ORIENTED_EDGE('',*,*,#1428,.F.);
#2165=ORIENTED_EDGE('',*,*,#1456,.F.);
#2166=ORIENTED_EDGE('',*,*,#1498,.T.);
#2167=ORIENTED_EDGE('',*,*,#1488,.T.);
#2168=ORIENTED_EDGE('',*,*,#1431,.T.);
#2169=ORIENTED_EDGE('',*,*,#1499,.T.);
#2170=ORIENTED_EDGE('',*,*,#1500,.T.);
#2171=ORIENTED_EDGE('',*,*,#1486,.T.);
#2172=ORIENTED_EDGE('',*,*,#1498,.F.);
#2173=ORIENTED_EDGE('',*,*,#1501,.T.);
#2174=ORIENTED_EDGE('',*,*,#1500,.F.);
#2175=ORIENTED_EDGE('',*,*,#1502,.T.);
#2176=ORIENTED_EDGE('',*,*,#1487,.T.);
#2177=ORIENTED_EDGE('',*,*,#1496,.F.);
#2178=ORIENTED_EDGE('',*,*,#1386,.T.);
#2179=ORIENTED_EDGE('',*,*,#1502,.F.);
#2180=ORIENTED_EDGE('',*,*,#1503,.T.);
#2181=ORIENTED_EDGE('',*,*,#1494,.F.);
#2182=ORIENTED_EDGE('',*,*,#1503,.F.);
#2183=ORIENTED_EDGE('',*,*,#1501,.F.);
#2184=ORIENTED_EDGE('',*,*,#1499,.F.);
#2185=ORIENTED_EDGE('',*,*,#1430,.F.);
#2186=ORIENTED_EDGE('',*,*,#1491,.F.);
#2187=ORIENTED_EDGE('',*,*,#1504,.T.);
#2188=ORIENTED_EDGE('',*,*,#1505,.T.);
#2189=ORIENTED_EDGE('',*,*,#1412,.T.);
#2190=ORIENTED_EDGE('',*,*,#1506,.T.);
#2191=ORIENTED_EDGE('',*,*,#1507,.T.);
#2192=ORIENTED_EDGE('',*,*,#1508,.T.);
#2193=ORIENTED_EDGE('',*,*,#1504,.F.);
#2194=ORIENTED_EDGE('',*,*,#1509,.T.);
#2195=ORIENTED_EDGE('',*,*,#1510,.T.);
#2196=ORIENTED_EDGE('',*,*,#1511,.T.);
#2197=ORIENTED_EDGE('',*,*,#1507,.F.);
#2198=ORIENTED_EDGE('',*,*,#1510,.F.);
#2199=ORIENTED_EDGE('',*,*,#1509,.F.);
#2200=ORIENTED_EDGE('',*,*,#1512,.T.);
#2201=ORIENTED_EDGE('',*,*,#1513,.F.);
#2202=ORIENTED_EDGE('',*,*,#1514,.F.);
#2203=ORIENTED_EDGE('',*,*,#1515,.T.);
#2204=ORIENTED_EDGE('',*,*,#1506,.F.);
#2205=ORIENTED_EDGE('',*,*,#1399,.F.);
#2206=ORIENTED_EDGE('',*,*,#1516,.F.);
#2207=ORIENTED_EDGE('',*,*,#1512,.F.);
#2208=ORIENTED_EDGE('',*,*,#1414,.T.);
#2209=ORIENTED_EDGE('',*,*,#1517,.T.);
#2210=ORIENTED_EDGE('',*,*,#1518,.T.);
#2211=ORIENTED_EDGE('',*,*,#1519,.T.);
#2212=ORIENTED_EDGE('',*,*,#1520,.T.);
#2213=ORIENTED_EDGE('',*,*,#1521,.T.);
#2214=ORIENTED_EDGE('',*,*,#1518,.F.);
#2215=ORIENTED_EDGE('',*,*,#1522,.T.);
#2216=ORIENTED_EDGE('',*,*,#1523,.T.);
#2217=ORIENTED_EDGE('',*,*,#1524,.T.);
#2218=ORIENTED_EDGE('',*,*,#1520,.F.);
#2219=ORIENTED_EDGE('',*,*,#1511,.F.);
#2220=ORIENTED_EDGE('',*,*,#1525,.T.);
#2221=ORIENTED_EDGE('',*,*,#1523,.F.);
#2222=ORIENTED_EDGE('',*,*,#1526,.T.);
#2223=ORIENTED_EDGE('',*,*,#1508,.F.);
#2224=ORIENTED_EDGE('',*,*,#1526,.F.);
#2225=ORIENTED_EDGE('',*,*,#1522,.F.);
#2226=ORIENTED_EDGE('',*,*,#1517,.F.);
#2227=ORIENTED_EDGE('',*,*,#1413,.F.);
#2228=ORIENTED_EDGE('',*,*,#1505,.F.);
#2229=ORIENTED_EDGE('',*,*,#1416,.T.);
#2230=ORIENTED_EDGE('',*,*,#1527,.T.);
#2231=ORIENTED_EDGE('',*,*,#1528,.T.);
#2232=ORIENTED_EDGE('',*,*,#1318,.T.);
#2233=ORIENTED_EDGE('',*,*,#1529,.T.);
#2234=ORIENTED_EDGE('',*,*,#1392,.T.);
#2235=ORIENTED_EDGE('',*,*,#1528,.F.);
#2236=ORIENTED_EDGE('',*,*,#1530,.T.);
#2237=ORIENTED_EDGE('',*,*,#1531,.T.);
#2238=ORIENTED_EDGE('',*,*,#1393,.T.);
#2239=ORIENTED_EDGE('',*,*,#1529,.F.);
#2240=ORIENTED_EDGE('',*,*,#1524,.F.);
#2241=ORIENTED_EDGE('',*,*,#1532,.T.);
#2242=ORIENTED_EDGE('',*,*,#1531,.F.);
#2243=ORIENTED_EDGE('',*,*,#1533,.T.);
#2244=ORIENTED_EDGE('',*,*,#1521,.F.);
#2245=ORIENTED_EDGE('',*,*,#1519,.F.);
#2246=ORIENTED_EDGE('',*,*,#1533,.F.);
#2247=ORIENTED_EDGE('',*,*,#1530,.F.);
#2248=ORIENTED_EDGE('',*,*,#1527,.F.);
#2249=ORIENTED_EDGE('',*,*,#1415,.F.);
#2250=ORIENTED_EDGE('',*,*,#1417,.T.);
#2251=ORIENTED_EDGE('',*,*,#1324,.T.);
#2252=ORIENTED_EDGE('',*,*,#1534,.T.);
#2253=ORIENTED_EDGE('',*,*,#1535,.T.);
#2254=ORIENTED_EDGE('',*,*,#1534,.F.);
#2255=ORIENTED_EDGE('',*,*,#1536,.T.);
#2256=ORIENTED_EDGE('',*,*,#1537,.T.);
#2257=ORIENTED_EDGE('',*,*,#1538,.T.);
#2258=ORIENTED_EDGE('',*,*,#1539,.T.);
#2259=ORIENTED_EDGE('',*,*,#1540,.T.);
#2260=ORIENTED_EDGE('',*,*,#1537,.F.);
#2261=ORIENTED_EDGE('',*,*,#1301,.F.);
#2262=ORIENTED_EDGE('',*,*,#1541,.T.);
#2263=ORIENTED_EDGE('',*,*,#1539,.F.);
#2264=ORIENTED_EDGE('',*,*,#1536,.F.);
#2265=ORIENTED_EDGE('',*,*,#1323,.T.);
#2266=ORIENTED_EDGE('',*,*,#1454,.F.);
#2267=ORIENTED_EDGE('',*,*,#1542,.T.);
#2268=ORIENTED_EDGE('',*,*,#1543,.T.);
#2269=ORIENTED_EDGE('',*,*,#1449,.T.);
#2270=ORIENTED_EDGE('',*,*,#1544,.T.);
#2271=ORIENTED_EDGE('',*,*,#1545,.T.);
#2272=ORIENTED_EDGE('',*,*,#1543,.F.);
#2273=ORIENTED_EDGE('',*,*,#1540,.F.);
#2274=ORIENTED_EDGE('',*,*,#1546,.T.);
#2275=ORIENTED_EDGE('',*,*,#1544,.F.);
#2276=ORIENTED_EDGE('',*,*,#1542,.F.);
#2277=ORIENTED_EDGE('',*,*,#1547,.T.);
#2278=ORIENTED_EDGE('',*,*,#1538,.F.);
#2279=ORIENTED_EDGE('',*,*,#1547,.F.);
#2280=ORIENTED_EDGE('',*,*,#1453,.F.);
#2281=ORIENTED_EDGE('',*,*,#1418,.F.);
#2282=ORIENTED_EDGE('',*,*,#1535,.F.);
#2283=ORIENTED_EDGE('',*,*,#1411,.T.);
#2284=ORIENTED_EDGE('',*,*,#1452,.T.);
#2285=ORIENTED_EDGE('',*,*,#1548,.T.);
#2286=ORIENTED_EDGE('',*,*,#1516,.T.);
#2287=ORIENTED_EDGE('',*,*,#1549,.T.);
#2288=ORIENTED_EDGE('',*,*,#1513,.T.);
#2289=ORIENTED_EDGE('',*,*,#1548,.F.);
#2290=ORIENTED_EDGE('',*,*,#1451,.T.);
#2291=ORIENTED_EDGE('',*,*,#1549,.F.);
#2292=ORIENTED_EDGE('',*,*,#1550,.T.);
#2293=ORIENTED_EDGE('',*,*,#1514,.T.);
#2294=ORIENTED_EDGE('',*,*,#1545,.F.);
#2295=ORIENTED_EDGE('',*,*,#1551,.T.);
#2296=ORIENTED_EDGE('',*,*,#1550,.F.);
#2297=ORIENTED_EDGE('',*,*,#1450,.T.);
#2298=ORIENTED_EDGE('',*,*,#1266,.F.);
#2299=ORIENTED_EDGE('',*,*,#1394,.F.);
#2300=ORIENTED_EDGE('',*,*,#1532,.F.);
#2301=ORIENTED_EDGE('',*,*,#1525,.F.);
#2302=ORIENTED_EDGE('',*,*,#1515,.F.);
#2303=ORIENTED_EDGE('',*,*,#1551,.F.);
#2304=ORIENTED_EDGE('',*,*,#1546,.F.);
#2305=ORIENTED_EDGE('',*,*,#1541,.F.);
#2306=ORIENTED_EDGE('',*,*,#1305,.F.);
#2307=ORIENTED_EDGE('',*,*,#1552,.T.);
#2308=ORIENTED_EDGE('',*,*,#1553,.T.);
#2309=ORIENTED_EDGE('',*,*,#1554,.T.);
#2310=ORIENTED_EDGE('',*,*,#1553,.F.);
#2311=ORIENTED_EDGE('',*,*,#1554,.F.);
#2312=ORIENTED_EDGE('',*,*,#1555,.T.);
#2313=ORIENTED_EDGE('',*,*,#1445,.T.);
#2314=ORIENTED_EDGE('',*,*,#1555,.F.);
#2315=ORIENTED_EDGE('',*,*,#1556,.T.);
#2316=ORIENTED_EDGE('',*,*,#1557,.T.);
#2317=ORIENTED_EDGE('',*,*,#1558,.T.);
#2318=ORIENTED_EDGE('',*,*,#1552,.F.);
#2319=ORIENTED_EDGE('',*,*,#1558,.F.);
#2320=ORIENTED_EDGE('',*,*,#1559,.F.);
#2321=ORIENTED_EDGE('',*,*,#1560,.T.);
#2322=ORIENTED_EDGE('',*,*,#1556,.F.);
#2323=ORIENTED_EDGE('',*,*,#1557,.F.);
#2324=ORIENTED_EDGE('',*,*,#1560,.F.);
#2325=ORIENTED_EDGE('',*,*,#1559,.T.);
#2326=ORIENTED_EDGE('',*,*,#1561,.T.);
#2327=ORIENTED_EDGE('',*,*,#1562,.T.);
#2328=ORIENTED_EDGE('',*,*,#1561,.F.);
#2329=ORIENTED_EDGE('',*,*,#1562,.F.);
#2330=ORIENTED_EDGE('',*,*,#1563,.T.);
#2331=ORIENTED_EDGE('',*,*,#1564,.F.);
#2332=ORIENTED_EDGE('',*,*,#1564,.T.);
#2333=ORIENTED_EDGE('',*,*,#1565,.T.);
#2334=ORIENTED_EDGE('',*,*,#1563,.F.);
#2335=ORIENTED_EDGE('',*,*,#1565,.F.);
#2336=ORIENTED_EDGE('',*,*,#1566,.T.);
#2337=ORIENTED_EDGE('',*,*,#1567,.T.);
#2338=ORIENTED_EDGE('',*,*,#1568,.T.);
#2339=ORIENTED_EDGE('',*,*,#1569,.T.);
#2340=ORIENTED_EDGE('',*,*,#1570,.T.);
#2341=ORIENTED_EDGE('',*,*,#1571,.T.);
#2342=ORIENTED_EDGE('',*,*,#1572,.T.);
#2343=ORIENTED_EDGE('',*,*,#1572,.F.);
#2344=ORIENTED_EDGE('',*,*,#1573,.T.);
#2345=ORIENTED_EDGE('',*,*,#1574,.F.);
#2346=ORIENTED_EDGE('',*,*,#1573,.F.);
#2347=ORIENTED_EDGE('',*,*,#1575,.T.);
#2348=ORIENTED_EDGE('',*,*,#1576,.T.);
#2349=ORIENTED_EDGE('',*,*,#1577,.T.);
#2350=ORIENTED_EDGE('',*,*,#1578,.T.);
#2351=ORIENTED_EDGE('',*,*,#1579,.F.);
#2352=ORIENTED_EDGE('',*,*,#1580,.T.);
#2353=ORIENTED_EDGE('',*,*,#1575,.F.);
#2354=ORIENTED_EDGE('',*,*,#1581,.T.);
#2355=ORIENTED_EDGE('',*,*,#1582,.T.);
#2356=ORIENTED_EDGE('',*,*,#1583,.T.);
#2357=ORIENTED_EDGE('',*,*,#1577,.F.);
#2358=ORIENTED_EDGE('',*,*,#1584,.T.);
#2359=ORIENTED_EDGE('',*,*,#1574,.T.);
#2360=ORIENTED_EDGE('',*,*,#1585,.F.);
#2361=ORIENTED_EDGE('',*,*,#1586,.F.);
#2362=ORIENTED_EDGE('',*,*,#1584,.F.);
#2363=ORIENTED_EDGE('',*,*,#1576,.F.);
#2364=ORIENTED_EDGE('',*,*,#1580,.F.);
#2365=ORIENTED_EDGE('',*,*,#1579,.T.);
#2366=ORIENTED_EDGE('',*,*,#1587,.T.);
#2367=ORIENTED_EDGE('',*,*,#1588,.F.);
#2368=ORIENTED_EDGE('',*,*,#1585,.T.);
#2369=ORIENTED_EDGE('',*,*,#1589,.F.);
#2370=ORIENTED_EDGE('',*,*,#1587,.F.);
#2371=ORIENTED_EDGE('',*,*,#1581,.F.);
#2372=ORIENTED_EDGE('',*,*,#1578,.F.);
#2373=ORIENTED_EDGE('',*,*,#1583,.F.);
#2374=ORIENTED_EDGE('',*,*,#1590,.T.);
#2375=ORIENTED_EDGE('',*,*,#1591,.T.);
#2376=ORIENTED_EDGE('',*,*,#1592,.T.);
#2377=ORIENTED_EDGE('',*,*,#1593,.T.);
#2378=ORIENTED_EDGE('',*,*,#1594,.T.);
#2379=ORIENTED_EDGE('',*,*,#1595,.T.);
#2380=ORIENTED_EDGE('',*,*,#1588,.T.);
#2381=ORIENTED_EDGE('',*,*,#1589,.T.);
#2382=ORIENTED_EDGE('',*,*,#1582,.F.);
#2383=ORIENTED_EDGE('',*,*,#1586,.T.);
#2384=ORIENTED_EDGE('',*,*,#1571,.F.);
#2385=ORIENTED_EDGE('',*,*,#1596,.T.);
#2386=ORIENTED_EDGE('',*,*,#1590,.F.);
#2387=ORIENTED_EDGE('',*,*,#1596,.F.);
#2388=ORIENTED_EDGE('',*,*,#1570,.F.);
#2389=ORIENTED_EDGE('',*,*,#1597,.T.);
#2390=ORIENTED_EDGE('',*,*,#1591,.F.);
#2391=ORIENTED_EDGE('',*,*,#1597,.F.);
#2392=ORIENTED_EDGE('',*,*,#1569,.F.);
#2393=ORIENTED_EDGE('',*,*,#1598,.T.);
#2394=ORIENTED_EDGE('',*,*,#1592,.F.);
#2395=ORIENTED_EDGE('',*,*,#1598,.F.);
#2396=ORIENTED_EDGE('',*,*,#1568,.F.);
#2397=ORIENTED_EDGE('',*,*,#1599,.T.);
#2398=ORIENTED_EDGE('',*,*,#1593,.F.);
#2399=ORIENTED_EDGE('',*,*,#1599,.F.);
#2400=ORIENTED_EDGE('',*,*,#1567,.F.);
#2401=ORIENTED_EDGE('',*,*,#1600,.T.);
#2402=ORIENTED_EDGE('',*,*,#1594,.F.);
#2403=ORIENTED_EDGE('',*,*,#1600,.F.);
#2404=ORIENTED_EDGE('',*,*,#1566,.F.);
#2405=ORIENTED_EDGE('',*,*,#1601,.T.);
#2406=ORIENTED_EDGE('',*,*,#1595,.F.);
#2407=ORIENTED_EDGE('',*,*,#1601,.F.);
#2408=B_SPLINE_SURFACE_WITH_KNOTS('',3,3,((#3317,#3318,#3319,#3320),(#3321,
#3322,#3323,#3324),(#3325,#3326,#3327,#3328),(#3329,#3330,#3331,#3332),
(#3333,#3334,#3335,#3336)),.UNSPECIFIED.,.F.,.F.,.F.,(4,1,4),(4,4),(0.,
0.571428571428571,1.),(0.,0.00326896008576459),.UNSPECIFIED.);
#2409=B_SPLINE_SURFACE_WITH_KNOTS('',3,3,((#3351,#3352,#3353,#3354),(#3355,
#3356,#3357,#3358),(#3359,#3360,#3361,#3362),(#3363,#3364,#3365,#3366),
(#3367,#3368,#3369,#3370)),.UNSPECIFIED.,.F.,.F.,.F.,(4,1,4),(4,4),(0.,
0.571428571428571,1.),(0.,0.00414326791825184),.UNSPECIFIED.);
#2410=B_SPLINE_SURFACE_WITH_KNOTS('',3,3,((#3382,#3383,#3384,#3385,#3386,
#3387),(#3388,#3389,#3390,#3391,#3392,#3393),(#3394,#3395,#3396,#3397,#3398,
#3399),(#3400,#3401,#3402,#3403,#3404,#3405),(#3406,#3407,#3408,#3409,#3410,
#3411)),.UNSPECIFIED.,.F.,.F.,.F.,(4,1,4),(4,1,1,4),(0.,0.571428571428571,
1.),(0.,0.0301175946234548,0.0501959910390913,0.0702743874547278),
 .UNSPECIFIED.);
#2411=B_SPLINE_SURFACE_WITH_KNOTS('',3,3,((#3427,#3428,#3429,#3430),(#3431,
#3432,#3433,#3434),(#3435,#3436,#3437,#3438),(#3439,#3440,#3441,#3442),
(#3443,#3444,#3445,#3446)),.UNSPECIFIED.,.F.,.F.,.F.,(4,1,4),(4,4),(0.,
0.571428571428571,1.),(1.69871206909517E-16,0.00741913740508034),
 .UNSPECIFIED.);
#2412=B_SPLINE_SURFACE_WITH_KNOTS('',3,3,((#3458,#3459,#3460,#3461,#3462),
(#3463,#3464,#3465,#3466,#3467),(#3468,#3469,#3470,#3471,#3472),(#3473,
#3474,#3475,#3476,#3477),(#3478,#3479,#3480,#3481,#3482)),.UNSPECIFIED.,
 .F.,.F.,.F.,(4,1,4),(4,1,4),(0.,0.571428571428571,1.),(9.45488080118366E-17,
0.0232893719160604,0.0407564008531057),.UNSPECIFIED.);
#2413=B_SPLINE_SURFACE_WITH_KNOTS('',3,3,((#3496,#3497,#3498,#3499),(#3500,
#3501,#3502,#3503),(#3504,#3505,#3506,#3507),(#3508,#3509,#3510,#3511),
(#3512,#3513,#3514,#3515)),.UNSPECIFIED.,.F.,.F.,.F.,(4,1,4),(4,4),(0.,
0.571428571428571,1.),(3.34403249126642E-14,0.0177498669997996),
 .UNSPECIFIED.);
#2414=B_SPLINE_SURFACE_WITH_KNOTS('',3,3,((#3527,#3528,#3529,#3530),(#3531,
#3532,#3533,#3534),(#3535,#3536,#3537,#3538),(#3539,#3540,#3541,#3542),
(#3543,#3544,#3545,#3546)),.UNSPECIFIED.,.F.,.F.,.F.,(4,1,4),(4,4),(0.,
0.571428571428571,1.),(0.,0.0105823895449913),.UNSPECIFIED.);
#2415=B_SPLINE_SURFACE_WITH_KNOTS('',3,3,((#3558,#3559,#3560,#3561),(#3562,
#3563,#3564,#3565),(#3566,#3567,#3568,#3569),(#3570,#3571,#3572,#3573),
(#3574,#3575,#3576,#3577)),.UNSPECIFIED.,.F.,.F.,.F.,(4,1,4),(4,4),(0.,
0.571428571428571,1.),(0.,0.00330879465339134),.UNSPECIFIED.);
#2416=B_SPLINE_SURFACE_WITH_KNOTS('',3,3,((#3589,#3590,#3591,#3592),(#3593,
#3594,#3595,#3596),(#3597,#3598,#3599,#3600),(#3601,#3602,#3603,#3604),
(#3605,#3606,#3607,#3608)),.UNSPECIFIED.,.F.,.F.,.F.,(4,1,4),(4,4),(0.,
0.571428571428571,1.),(0.,0.00181786881145613),.UNSPECIFIED.);
#2417=B_SPLINE_SURFACE_WITH_KNOTS('',3,3,((#3620,#3621,#3622,#3623),(#3624,
#3625,#3626,#3627),(#3628,#3629,#3630,#3631),(#3632,#3633,#3634,#3635),
(#3636,#3637,#3638,#3639)),.UNSPECIFIED.,.F.,.F.,.F.,(4,1,4),(4,4),(0.,
0.571428571428571,1.),(1.6702754516842E-17,0.0151051837967907),
 .UNSPECIFIED.);
#2418=B_SPLINE_SURFACE_WITH_KNOTS('',3,3,((#3651,#3652,#3653,#3654,#3655),
(#3656,#3657,#3658,#3659,#3660),(#3661,#3662,#3663,#3664,#3665),(#3666,
#3667,#3668,#3669,#3670),(#3671,#3672,#3673,#3674,#3675)),.UNSPECIFIED.,
 .F.,.F.,.F.,(4,1,4),(4,1,4),(0.,0.571428571428571,1.),(6.63531060786748E-14,
0.0273437047268522,0.054687409453638),.UNSPECIFIED.);
#2419=B_SPLINE_SURFACE_WITH_KNOTS('',3,3,((#3689,#3690,#3691,#3692),(#3693,
#3694,#3695,#3696),(#3697,#3698,#3699,#3700),(#3701,#3702,#3703,#3704),
(#3705,#3706,#3707,#3708)),.UNSPECIFIED.,.F.,.F.,.F.,(4,1,4),(4,4),(0.,
0.571428571428571,1.),(1.33144907847506E-16,0.0073676377609659),
 .UNSPECIFIED.);
#2420=B_SPLINE_SURFACE_WITH_KNOTS('',3,3,((#3720,#3721,#3722,#3723),(#3724,
#3725,#3726,#3727),(#3728,#3729,#3730,#3731),(#3732,#3733,#3734,#3735),
(#3736,#3737,#3738,#3739)),.UNSPECIFIED.,.F.,.F.,.F.,(4,1,4),(4,4),(0.,
0.571428571428571,1.),(0.,0.0389905783697824),.UNSPECIFIED.);
#2421=B_SPLINE_SURFACE_WITH_KNOTS('',3,3,((#3751,#3752,#3753,#3754),(#3755,
#3756,#3757,#3758),(#3759,#3760,#3761,#3762),(#3763,#3764,#3765,#3766),
(#3767,#3768,#3769,#3770)),.UNSPECIFIED.,.F.,.F.,.F.,(4,1,4),(4,4),(0.,
0.571428571428571,1.),(0.,0.0261901853547121),.UNSPECIFIED.);
#2422=B_SPLINE_SURFACE_WITH_KNOTS('',3,3,((#3782,#3783,#3784,#3785),(#3786,
#3787,#3788,#3789),(#3790,#3791,#3792,#3793),(#3794,#3795,#3796,#3797),
(#3798,#3799,#3800,#3801)),.UNSPECIFIED.,.F.,.F.,.F.,(4,1,4),(4,4),(0.,
0.571428571428571,1.),(-0.00416727850607801,0.),.UNSPECIFIED.);
#2423=B_SPLINE_SURFACE_WITH_KNOTS('',3,3,((#3810,#3811,#3812,#3813),(#3814,
#3815,#3816,#3817),(#3818,#3819,#3820,#3821),(#3822,#3823,#3824,#3825),
(#3826,#3827,#3828,#3829)),.UNSPECIFIED.,.F.,.F.,.F.,(4,1,4),(4,4),(0.,
0.5,1.),(0.325858236516056,0.932607256095705),.UNSPECIFIED.);
#2424=B_SPLINE_SURFACE_WITH_KNOTS('',3,3,((#3865,#3866,#3867,#3868),(#3869,
#3870,#3871,#3872),(#3873,#3874,#3875,#3876),(#3877,#3878,#3879,#3880)),
 .UNSPECIFIED.,.F.,.F.,.F.,(4,4),(4,4),(0.,1.),(-0.0322741627986102,5.1738588368939E-5),
 .UNSPECIFIED.);
#2425=B_SPLINE_SURFACE_WITH_KNOTS('',3,3,((#3885,#3886,#3887,#3888),(#3889,
#3890,#3891,#3892),(#3893,#3894,#3895,#3896),(#3897,#3898,#3899,#3900),
(#3901,#3902,#3903,#3904)),.UNSPECIFIED.,.F.,.F.,.F.,(4,1,4),(4,4),(0.,
0.5,1.),(0.24413224731371,0.93259061280936),.UNSPECIFIED.);
#2426=B_SPLINE_SURFACE_WITH_KNOTS('',3,3,((#3925,#3926,#3927,#3928),(#3929,
#3930,#3931,#3932),(#3933,#3934,#3935,#3936),(#3937,#3938,#3939,#3940)),
 .UNSPECIFIED.,.F.,.F.,.F.,(4,4),(4,4),(0.,1.),(0.0109536575373321,0.043453802613754),
 .UNSPECIFIED.);
#2427=B_SPLINE_SURFACE_WITH_KNOTS('',3,3,((#3945,#3946,#3947,#3948),(#3949,
#3950,#3951,#3952),(#3953,#3954,#3955,#3956),(#3957,#3958,#3959,#3960)),
 .UNSPECIFIED.,.F.,.F.,.F.,(4,4),(4,4),(0.,1.),(-0.129884139510511,-0.00314358184962658),
 .UNSPECIFIED.);
#2428=B_SPLINE_SURFACE_WITH_KNOTS('',3,3,((#3980,#3981,#3982,#3983),(#3984,
#3985,#3986,#3987),(#3988,#3989,#3990,#3991),(#3992,#3993,#3994,#3995),
(#3996,#3997,#3998,#3999)),.UNSPECIFIED.,.F.,.F.,.F.,(4,1,4),(4,4),(0.,
0.42197331649622,0.984604405157847),(0.,0.911143714400473),
 .UNSPECIFIED.);
#2429=B_SPLINE_SURFACE_WITH_KNOTS('',3,3,((#4017,#4018,#4019,#4020,#4021,
#4022),(#4023,#4024,#4025,#4026,#4027,#4028),(#4029,#4030,#4031,#4032,#4033,
#4034),(#4035,#4036,#4037,#4038,#4039,#4040)),.UNSPECIFIED.,.F.,.F.,.F.,
(4,4),(4,2,4),(0.,1.),(-0.00050348318042213,0.,0.0506227464637535),
 .UNSPECIFIED.);
#2430=B_SPLINE_SURFACE_WITH_KNOTS('',3,3,((#4047,#4048,#4049,#4050),(#4051,
#4052,#4053,#4054),(#4055,#4056,#4057,#4058),(#4059,#4060,#4061,#4062),
(#4063,#4064,#4065,#4066)),.UNSPECIFIED.,.F.,.F.,.F.,(4,1,4),(4,4),(0.,
0.5,1.),(0.,0.462228797069086),.UNSPECIFIED.);
#2431=B_SPLINE_SURFACE_WITH_KNOTS('',3,3,((#4074,#4075,#4076,#4077,#4078,
#4079),(#4080,#4081,#4082,#4083,#4084,#4085),(#4086,#4087,#4088,#4089,#4090,
#4091),(#4092,#4093,#4094,#4095,#4096,#4097),(#4098,#4099,#4100,#4101,#4102,
#4103)),.UNSPECIFIED.,.F.,.F.,.F.,(4,1,4),(4,1,1,4),(0.,0.571428571428571,
1.),(0.,0.00525684739545985,0.00919948294205473,0.0183989658841095),
 .UNSPECIFIED.);
#2432=B_SPLINE_SURFACE_WITH_KNOTS('',3,3,((#4122,#4123,#4124,#4125),(#4126,
#4127,#4128,#4129),(#4130,#4131,#4132,#4133),(#4134,#4135,#4136,#4137),
(#4138,#4139,#4140,#4141)),.UNSPECIFIED.,.F.,.F.,.F.,(4,1,4),(4,4),(0.,
0.571428571428571,1.),(1.12626222474889E-13,0.0200035070468094),
 .UNSPECIFIED.);
#2433=B_SPLINE_SURFACE_WITH_KNOTS('',3,3,((#4153,#4154,#4155,#4156),(#4157,
#4158,#4159,#4160),(#4161,#4162,#4163,#4164),(#4165,#4166,#4167,#4168),
(#4169,#4170,#4171,#4172)),.UNSPECIFIED.,.F.,.F.,.F.,(4,1,4),(4,4),(0.,
0.571428571428571,1.),(4.78009913149772E-13,0.0451604513062736),
 .UNSPECIFIED.);
#2434=B_SPLINE_SURFACE_WITH_KNOTS('',3,3,((#4184,#4185,#4186,#4187),(#4188,
#4189,#4190,#4191),(#4192,#4193,#4194,#4195),(#4196,#4197,#4198,#4199),
(#4200,#4201,#4202,#4203)),.UNSPECIFIED.,.F.,.F.,.F.,(4,1,4),(4,4),(0.,
0.571428571428571,1.),(5.25419740651802E-12,0.0058965885906604),
 .UNSPECIFIED.);
#2435=B_SPLINE_SURFACE_WITH_KNOTS('',3,3,((#4215,#4216,#4217,#4218,#4219,
#4220),(#4221,#4222,#4223,#4224,#4225,#4226),(#4227,#4228,#4229,#4230,#4231,
#4232),(#4233,#4234,#4235,#4236,#4237,#4238),(#4239,#4240,#4241,#4242,#4243,
#4244)),.UNSPECIFIED.,.F.,.F.,.F.,(4,1,4),(4,1,1,4),(0.,0.571428571428571,
1.),(0.,0.0374872001353,0.0624786668921666,0.0874701336490333),
 .UNSPECIFIED.);
#2436=B_SPLINE_SURFACE_WITH_KNOTS('',3,3,((#4260,#4261,#4262,#4263),(#4264,
#4265,#4266,#4267),(#4268,#4269,#4270,#4271),(#4272,#4273,#4274,#4275),
(#4276,#4277,#4278,#4279)),.UNSPECIFIED.,.F.,.F.,.F.,(4,1,4),(4,4),(0.,
0.571428571428571,1.),(0.,0.0024098684881735),.UNSPECIFIED.);
#2437=B_SPLINE_SURFACE_WITH_KNOTS('',3,3,((#4291,#4292,#4293,#4294),(#4295,
#4296,#4297,#4298),(#4299,#4300,#4301,#4302),(#4303,#4304,#4305,#4306),
(#4307,#4308,#4309,#4310)),.UNSPECIFIED.,.F.,.F.,.F.,(4,1,4),(4,4),(0.,
0.571428571428571,1.),(0.,0.00347098795531906),.UNSPECIFIED.);
#2438=B_SPLINE_SURFACE_WITH_KNOTS('',3,3,((#4322,#4323,#4324,#4325,#4326),
(#4327,#4328,#4329,#4330,#4331),(#4332,#4333,#4334,#4335,#4336),(#4337,
#4338,#4339,#4340,#4341),(#4342,#4343,#4344,#4345,#4346)),.UNSPECIFIED.,
 .F.,.F.,.F.,(4,1,4),(4,1,4),(0.,0.571428571428571,1.),(4.62731044473122E-16,
0.0180603100575758,0.0316055426007572),.UNSPECIFIED.);
#2439=B_SPLINE_SURFACE_WITH_KNOTS('',3,3,((#4360,#4361,#4362,#4363),(#4364,
#4365,#4366,#4367),(#4368,#4369,#4370,#4371),(#4372,#4373,#4374,#4375),
(#4376,#4377,#4378,#4379)),.UNSPECIFIED.,.F.,.F.,.F.,(4,1,4),(4,4),(0.,
0.571428571428571,1.),(-0.00444410761445226,0.),.UNSPECIFIED.);
#2440=B_SPLINE_SURFACE_WITH_KNOTS('',3,3,((#4391,#4392,#4393,#4394),(#4395,
#4396,#4397,#4398),(#4399,#4400,#4401,#4402),(#4403,#4404,#4405,#4406),
(#4407,#4408,#4409,#4410)),.UNSPECIFIED.,.F.,.F.,.F.,(4,1,4),(4,4),(0.,
0.571428571428571,1.),(0.,0.00579730927352474),.UNSPECIFIED.);
#2441=B_SPLINE_SURFACE_WITH_KNOTS('',3,3,((#4425,#4426,#4427,#4428,#4429),
(#4430,#4431,#4432,#4433,#4434),(#4435,#4436,#4437,#4438,#4439),(#4440,
#4441,#4442,#4443,#4444),(#4445,#4446,#4447,#4448,#4449)),.UNSPECIFIED.,
 .F.,.F.,.F.,(4,1,4),(4,1,4),(0.,0.571428571428571,1.),(1.54921477010169E-16,
0.0326379589861313,0.0652759179722624),.UNSPECIFIED.);
#2442=B_SPLINE_SURFACE_WITH_KNOTS('',3,3,((#4463,#4464,#4465,#4466,#4467),
(#4468,#4469,#4470,#4471,#4472),(#4473,#4474,#4475,#4476,#4477),(#4478,
#4479,#4480,#4481,#4482),(#4483,#4484,#4485,#4486,#4487)),.UNSPECIFIED.,
 .F.,.F.,.F.,(4,1,4),(4,1,4),(0.,0.571428571428571,1.),(0.,0.0083977099095297,
0.0195946564555693),.UNSPECIFIED.);
#2443=B_SPLINE_SURFACE_WITH_KNOTS('',3,3,((#4501,#4502,#4503,#4504,#4505),
(#4506,#4507,#4508,#4509,#4510),(#4511,#4512,#4513,#4514,#4515),(#4516,
#4517,#4518,#4519,#4520),(#4521,#4522,#4523,#4524,#4525)),.UNSPECIFIED.,
 .F.,.F.,.F.,(4,1,4),(4,1,4),(0.,0.571428571428571,1.),(0.,0.0210568275775508,
0.0491325976809518),.UNSPECIFIED.);
#2444=B_SPLINE_SURFACE_WITH_KNOTS('',3,3,((#4536,#4537,#4538,#4539),(#4540,
#4541,#4542,#4543),(#4544,#4545,#4546,#4547),(#4548,#4549,#4550,#4551),
(#4552,#4553,#4554,#4555)),.UNSPECIFIED.,.F.,.F.,.F.,(4,1,4),(4,4),(0.,
0.571428571428571,1.),(1.74264695920423E-11,0.000936814711710887),
 .UNSPECIFIED.);
#2445=B_SPLINE_SURFACE_WITH_KNOTS('',3,3,((#4564,#4565,#4566,#4567),(#4568,
#4569,#4570,#4571),(#4572,#4573,#4574,#4575),(#4576,#4577,#4578,#4579),
(#4580,#4581,#4582,#4583)),.UNSPECIFIED.,.F.,.F.,.F.,(4,1,4),(4,4),(0.,
0.5,1.),(0.437515680290112,0.932921178148279),.UNSPECIFIED.);
#2446=B_SPLINE_SURFACE_WITH_KNOTS('',3,3,((#4614,#4615,#4616,#4617),(#4618,
#4619,#4620,#4621),(#4622,#4623,#4624,#4625),(#4626,#4627,#4628,#4629),
(#4630,#4631,#4632,#4633)),.UNSPECIFIED.,.F.,.F.,.F.,(4,1,4),(4,4),(0.,
0.5,1.),(0.425203808590058,0.932879024031475),.UNSPECIFIED.);
#2447=B_SPLINE_SURFACE_WITH_KNOTS('',3,3,((#4654,#4655,#4656,#4657),(#4658,
#4659,#4660,#4661),(#4662,#4663,#4664,#4665),(#4666,#4667,#4668,#4669)),
 .UNSPECIFIED.,.F.,.F.,.F.,(4,4),(4,4),(0.,1.),(-0.0200691323878855,2.51615799581573E-5),
 .UNSPECIFIED.);
#2448=B_SPLINE_SURFACE_WITH_KNOTS('',3,3,((#4685,#4686,#4687,#4688),(#4689,
#4690,#4691,#4692),(#4693,#4694,#4695,#4696),(#4697,#4698,#4699,#4700),
(#4701,#4702,#4703,#4704)),.UNSPECIFIED.,.F.,.F.,.F.,(4,1,4),(4,4),(0.,
0.5,1.),(0.,0.400731935707),.UNSPECIFIED.);
#2449=B_SPLINE_SURFACE_WITH_KNOTS('',3,3,((#4717,#4718,#4719,#4720,#4721,
#4722),(#4723,#4724,#4725,#4726,#4727,#4728),(#4729,#4730,#4731,#4732,#4733,
#4734),(#4735,#4736,#4737,#4738,#4739,#4740)),.UNSPECIFIED.,.F.,.F.,.F.,
(4,4),(4,2,4),(0.,1.),(-0.0580335266068699,-0.0575301732250459,-0.0140609669057567),
 .UNSPECIFIED.);
#2450=B_SPLINE_SURFACE_WITH_KNOTS('',3,3,((#4747,#4748,#4749,#4750),(#4751,
#4752,#4753,#4754),(#4755,#4756,#4757,#4758),(#4759,#4760,#4761,#4762),
(#4763,#4764,#4765,#4766)),.UNSPECIFIED.,.F.,.F.,.F.,(4,1,4),(4,4),(0.,
0.42197331649734,0.98460440516046),(0.,0.911143714399488),.UNSPECIFIED.);
#2451=B_SPLINE_SURFACE_WITH_KNOTS('',3,3,((#4782,#4783,#4784,#4785),(#4786,
#4787,#4788,#4789),(#4790,#4791,#4792,#4793),(#4794,#4795,#4796,#4797)),
 .UNSPECIFIED.,.F.,.F.,.F.,(4,4),(4,4),(0.,1.),(-0.00882518025729503,5.33548728876312E-5),
 .UNSPECIFIED.);
#2452=B_SPLINE_SURFACE_WITH_KNOTS('',3,3,((#4802,#4803,#4804,#4805),(#4806,
#4807,#4808,#4809),(#4810,#4811,#4812,#4813),(#4814,#4815,#4816,#4817),
(#4818,#4819,#4820,#4821)),.UNSPECIFIED.,.F.,.F.,.F.,(4,1,4),(4,4),(0.,
0.5,1.),(0.333378146779201,0.932667389379938),.UNSPECIFIED.);
#2453=B_SPLINE_SURFACE_WITH_KNOTS('',3,3,((#4853,#4854,#4855,#4856),(#4857,
#4858,#4859,#4860),(#4861,#4862,#4863,#4864),(#4865,#4866,#4867,#4868)),
 .UNSPECIFIED.,.F.,.F.,.F.,(4,4),(4,4),(0.,1.),(0.0111177066969936,0.0417903630957159),
 .UNSPECIFIED.);
#2454=B_SPLINE_SURFACE_WITH_KNOTS('',3,3,((#4873,#4874,#4875,#4876),(#4877,
#4878,#4879,#4880),(#4881,#4882,#4883,#4884),(#4885,#4886,#4887,#4888),
(#4889,#4890,#4891,#4892)),.UNSPECIFIED.,.F.,.F.,.F.,(4,1,4),(4,4),(0.,
0.5,1.),(0.317008294061607,0.932652564590498),.UNSPECIFIED.);
#2455=B_SPLINE_SURFACE_WITH_KNOTS('',3,3,((#4918,#4919,#4920,#4921),(#4922,
#4923,#4924,#4925),(#4926,#4927,#4928,#4929),(#4930,#4931,#4932,#4933)),
 .UNSPECIFIED.,.F.,.F.,.F.,(4,4),(4,4),(0.,1.),(0.0203703433766616,0.0412274468379762),
 .UNSPECIFIED.);
#2456=B_SPLINE_SURFACE_WITH_KNOTS('',3,3,((#4938,#4939,#4940,#4941),(#4942,
#4943,#4944,#4945),(#4946,#4947,#4948,#4949),(#4950,#4951,#4952,#4953),
(#4954,#4955,#4956,#4957)),.UNSPECIFIED.,.F.,.F.,.F.,(4,1,4),(4,4),(0.,
0.5,1.),(0.334353887325149,0.933001412308501),.UNSPECIFIED.);
#2457=B_SPLINE_SURFACE_WITH_KNOTS('',3,3,((#4989,#4990,#4991,#4992),(#4993,
#4994,#4995,#4996),(#4997,#4998,#4999,#5000),(#5001,#5002,#5003,#5004)),
 .UNSPECIFIED.,.F.,.F.,.F.,(4,4),(4,4),(0.,1.),(-0.0208708026540719,3.25858663272398E-5),
 .UNSPECIFIED.);
#2458=B_SPLINE_SURFACE_WITH_KNOTS('',3,3,((#5009,#5010,#5011,#5012),(#5013,
#5014,#5015,#5016),(#5017,#5018,#5019,#5020),(#5021,#5022,#5023,#5024),
(#5025,#5026,#5027,#5028)),.UNSPECIFIED.,.F.,.F.,.F.,(4,1,4),(4,4),(0.,
0.5,1.),(0.398964454870365,0.932967197982224),.UNSPECIFIED.);
#2459=B_SPLINE_SURFACE_WITH_KNOTS('',3,3,((#5044,#5045,#5046,#5047,#5048,
#5049,#5050,#5051,#5052,#5053,#5054),(#5055,#5056,#5057,#5058,#5059,#5060,
#5061,#5062,#5063,#5064,#5065),(#5066,#5067,#5068,#5069,#5070,#5071,#5072,
#5073,#5074,#5075,#5076),(#5077,#5078,#5079,#5080,#5081,#5082,#5083,#5084,
#5085,#5086,#5087),(#5088,#5089,#5090,#5091,#5092,#5093,#5094,#5095,#5096,
#5097,#5098)),.UNSPECIFIED.,.F.,.F.,.F.,(4,1,4),(4,1,1,1,1,1,1,1,4),(0.,
0.571428571428571,1.),(-7.52412671750635E-9,0.00341766835154129,0.00683534422720929,
0.0136706959785453,0.0205060477298813,0.0341767512325533,0.0393032650460554,
0.0444297788595574,0.0478474547352254),.UNSPECIFIED.);
#2460=B_SPLINE_SURFACE_WITH_KNOTS('',3,3,((#5148,#5149,#5150,#5151,#5152,
#5153,#5154,#5155,#5156,#5157),(#5158,#5159,#5160,#5161,#5162,#5163,#5164,
#5165,#5166,#5167),(#5168,#5169,#5170,#5171,#5172,#5173,#5174,#5175,#5176,
#5177),(#5178,#5179,#5180,#5181,#5182,#5183,#5184,#5185,#5186,#5187),(#5188,
#5189,#5190,#5191,#5192,#5193,#5194,#5195,#5196,#5197)),.UNSPECIFIED.,.F.,
 .F.,.F.,(4,1,4),(4,1,1,1,1,1,1,4),(0.,0.571428571428571,1.),(-3.52121852416265E-10,
0.00342792526257651,0.00685585087727487,0.0205675533360683,0.0342792557948617,
0.0411351070242585,0.0445630326389568,0.0479909582536552),.UNSPECIFIED.);
#2461=B_SPLINE_SURFACE_WITH_KNOTS('',3,3,((#5217,#5218,#5219,#5220,#5221,
#5222,#5223,#5224,#5225,#5226),(#5227,#5228,#5229,#5230,#5231,#5232,#5233,
#5234,#5235,#5236),(#5237,#5238,#5239,#5240,#5241,#5242,#5243,#5244,#5245,
#5246),(#5247,#5248,#5249,#5250,#5251,#5252,#5253,#5254,#5255,#5256),(#5257,
#5258,#5259,#5260,#5261,#5262,#5263,#5264,#5265,#5266)),.UNSPECIFIED.,.F.,
 .F.,.F.,(4,1,4),(4,1,1,1,1,1,1,4),(0.,0.571428571428571,1.),(-1.62188224909448E-12,
0.00342999818208179,0.00685999636578547,0.0205799891006002,0.0342999818354149,
0.0411599782028222,0.0445899763865259,0.0480199745702296),.UNSPECIFIED.);
#2462=B_SPLINE_SURFACE_WITH_KNOTS('',3,3,((#5282,#5283,#5284,#5285,#5286,
#5287,#5288,#5289,#5290,#5291,#5292),(#5293,#5294,#5295,#5296,#5297,#5298,
#5299,#5300,#5301,#5302,#5303),(#5304,#5305,#5306,#5307,#5308,#5309,#5310,
#5311,#5312,#5313,#5314),(#5315,#5316,#5317,#5318,#5319,#5320,#5321,#5322,
#5323,#5324,#5325),(#5326,#5327,#5328,#5329,#5330,#5331,#5332,#5333,#5334,
#5335,#5336)),.UNSPECIFIED.,.F.,.F.,.F.,(4,1,4),(4,1,1,1,1,1,1,1,4),(0.,
0.571428571428571,1.),(-1.23798170700851E-7,0.00342062564377109,0.00684137508571289,
0.0136828739695965,0.0205243728534801,0.0342073706212472,0.0410488695051308,
0.0444696189470726,0.0478903683890144),.UNSPECIFIED.);
#2463=B_SPLINE_SURFACE_WITH_KNOTS('',3,3,((#5358,#5359,#5360,#5361,#5362,
#5363,#5364,#5365,#5366,#5367),(#5368,#5369,#5370,#5371,#5372,#5373,#5374,
#5375,#5376,#5377),(#5378,#5379,#5380,#5381,#5382,#5383,#5384,#5385,#5386,
#5387),(#5388,#5389,#5390,#5391,#5392,#5393,#5394,#5395,#5396,#5397),(#5398,
#5399,#5400,#5401,#5402,#5403,#5404,#5405,#5406,#5407)),.UNSPECIFIED.,.F.,
 .F.,.F.,(4,1,4),(4,1,1,1,1,1,1,4),(0.,0.571428571428571,1.),(-2.7664881082073E-9,
0.00344142233460208,0.00688284743569226,0.020648547840053,0.0344142482444137,
0.0412970984465941,0.0447385235476843,0.0481799486487745),.UNSPECIFIED.);
#2464=B_SPLINE_SURFACE_WITH_KNOTS('',3,3,((#5432,#5433,#5434,#5435,#5436,
#5437,#5438,#5439,#5440,#5441),(#5442,#5443,#5444,#5445,#5446,#5447,#5448,
#5449,#5450,#5451),(#5452,#5453,#5454,#5455,#5456,#5457,#5458,#5459,#5460,
#5461),(#5462,#5463,#5464,#5465,#5466,#5467,#5468,#5469,#5470,#5471),(#5472,
#5473,#5474,#5475,#5476,#5477,#5478,#5479,#5480,#5481)),.UNSPECIFIED.,.F.,
 .F.,.F.,(4,1,4),(4,1,1,1,1,1,1,4),(0.,0.571428571428571,1.),(-6.8691630683761E-10,
0.0034480929130204,0.00689618651295711,0.0206885609127039,0.0344809353124508,
0.0413771225123242,0.0448252161122609,0.0482733097121976),.UNSPECIFIED.);
#2465=B_SPLINE_SURFACE_WITH_KNOTS('',3,3,((#5499,#5500,#5501,#5502,#5503,
#5504,#5505,#5506,#5507,#5508),(#5509,#5510,#5511,#5512,#5513,#5514,#5515,
#5516,#5517,#5518),(#5519,#5520,#5521,#5522,#5523,#5524,#5525,#5526,#5527,
#5528),(#5529,#5530,#5531,#5532,#5533,#5534,#5535,#5536,#5537,#5538),(#5539,
#5540,#5541,#5542,#5543,#5544,#5545,#5546,#5547,#5548)),.UNSPECIFIED.,.F.,
 .F.,.F.,(4,1,4),(4,1,1,1,1,1,1,4),(0.,0.571428571428571,1.),(-2.9723424992779E-7,
0.00343326994742239,0.0068668371290947,0.020601105855784,0.0343353745824732,
0.0412025089458178,0.0446360761274901,0.0480696433091625),.UNSPECIFIED.);
#2466=B_SPLINE_SURFACE_WITH_KNOTS('',3,3,((#5566,#5567,#5568,#5569,#5570,
#5571,#5572,#5573,#5574,#5575,#5576),(#5577,#5578,#5579,#5580,#5581,#5582,
#5583,#5584,#5585,#5586,#5587),(#5588,#5589,#5590,#5591,#5592,#5593,#5594,
#5595,#5596,#5597,#5598),(#5599,#5600,#5601,#5602,#5603,#5604,#5605,#5606,
#5607,#5608,#5609),(#5610,#5611,#5612,#5613,#5614,#5615,#5616,#5617,#5618,
#5619,#5620)),.UNSPECIFIED.,.F.,.F.,.F.,(4,1,4),(4,1,1,1,1,1,1,1,4),(0.,
0.571428571428571,1.),(-5.9275142123497E-8,0.0034290724533633,0.00685820418186872,
0.0137164676388796,0.0274329945529012,0.0342912580099121,0.0411495214669229,
0.0445786531954283,0.0480077849239338),.UNSPECIFIED.);
#2467=B_SPLINE_SURFACE_WITH_KNOTS('',3,3,((#5995,#5996,#5997,#5998),(#5999,
#6000,#6001,#6002),(#6003,#6004,#6005,#6006),(#6007,#6008,#6009,#6010)),
 .UNSPECIFIED.,.F.,.F.,.F.,(4,4),(4,4),(0.0121449087003968,0.942727553960389),
(0.,0.957756279035082),.UNSPECIFIED.);
#2468=B_SPLINE_SURFACE_WITH_KNOTS('',3,3,((#6040,#6041,#6042,#6043,#6044,
#6045,#6046,#6047),(#6048,#6049,#6050,#6051,#6052,#6053,#6054,#6055),(#6056,
#6057,#6058,#6059,#6060,#6061,#6062,#6063),(#6064,#6065,#6066,#6067,#6068,
#6069,#6070,#6071)),.UNSPECIFIED.,.F.,.F.,.F.,(4,4),(4,1,1,1,1,4),(0.,1.),
(-0.0944264604438355,-0.0775645925074363,-0.0741922189201565,-0.0472132302219177,
-0.0269789886982387,0.),.UNSPECIFIED.);
#2469=B_SPLINE_SURFACE_WITH_KNOTS('',3,3,((#6082,#6083,#6084,#6085),(#6086,
#6087,#6088,#6089),(#6090,#6091,#6092,#6093),(#6094,#6095,#6096,#6097)),
 .UNSPECIFIED.,.F.,.F.,.F.,(4,4),(4,4),(0.,1.),(-0.00300203009400364,0.0776245789724129),
 .UNSPECIFIED.);
#2470=B_SPLINE_SURFACE_WITH_KNOTS('',3,3,((#6104,#6105,#6106,#6107),(#6108,
#6109,#6110,#6111),(#6112,#6113,#6114,#6115),(#6116,#6117,#6118,#6119)),
 .UNSPECIFIED.,.F.,.F.,.F.,(4,4),(4,4),(0.,1.),(-0.00100986967594056,0.),
 .UNSPECIFIED.);
#2471=B_SPLINE_SURFACE_WITH_KNOTS('',3,3,((#6131,#6132,#6133,#6134),(#6135,
#6136,#6137,#6138),(#6139,#6140,#6141,#6142),(#6143,#6144,#6145,#6146)),
 .UNSPECIFIED.,.F.,.F.,.F.,(4,4),(4,4),(0.,1.),(-0.00791152418359662,0.),
 .UNSPECIFIED.);
#2472=B_SPLINE_SURFACE_WITH_KNOTS('',3,3,((#6156,#6157,#6158,#6159),(#6160,
#6161,#6162,#6163),(#6164,#6165,#6166,#6167),(#6168,#6169,#6170,#6171)),
 .UNSPECIFIED.,.F.,.F.,.F.,(4,4),(4,4),(0.,1.),(-0.0813723843279635,0.),
 .UNSPECIFIED.);
#2473=B_SPLINE_SURFACE_WITH_KNOTS('',3,3,((#6178,#6179,#6180,#6181),(#6182,
#6183,#6184,#6185),(#6186,#6187,#6188,#6189),(#6190,#6191,#6192,#6193)),
 .UNSPECIFIED.,.F.,.F.,.F.,(4,4),(4,4),(0.,1.),(-0.00130811697392089,0.),
 .UNSPECIFIED.);
#2474=B_SPLINE_SURFACE_WITH_KNOTS('',3,3,((#6200,#6201,#6202,#6203),(#6204,
#6205,#6206,#6207),(#6208,#6209,#6210,#6211),(#6212,#6213,#6214,#6215)),
 .UNSPECIFIED.,.F.,.F.,.F.,(4,4),(4,4),(0.,1.),(-0.00832220733312736,-4.75830315943664E-14),
 .UNSPECIFIED.);
#2475=B_SPLINE_SURFACE_WITH_KNOTS('',3,3,((#6220,#6221,#6222,#6223),(#6224,
#6225,#6226,#6227),(#6228,#6229,#6230,#6231),(#6232,#6233,#6234,#6235)),
 .UNSPECIFIED.,.F.,.F.,.F.,(4,4),(4,4),(0.,1.),(-0.103580359501832,-0.000709527804015836),
 .UNSPECIFIED.);
#2476=B_SPLINE_SURFACE_WITH_KNOTS('',3,3,((#6250,#6251,#6252,#6253,#6254,
#6255,#6256,#6257,#6258),(#6259,#6260,#6261,#6262,#6263,#6264,#6265,#6266,
#6267),(#6268,#6269,#6270,#6271,#6272,#6273,#6274,#6275,#6276),(#6277,#6278,
#6279,#6280,#6281,#6282,#6283,#6284,#6285),(#6286,#6287,#6288,#6289,#6290,
#6291,#6292,#6293,#6294),(#6295,#6296,#6297,#6298,#6299,#6300,#6301,#6302,
#6303),(#6304,#6305,#6306,#6307,#6308,#6309,#6310,#6311,#6312)),
 .UNSPECIFIED.,.F.,.F.,.F.,(4,1,1,1,4),(4,1,1,1,1,1,4),(0.0290187858051979,
0.235534139634168,0.442049493463138,0.717403298568432,0.992757103673725),
(0.,0.0339269700084873,0.0678539400169745,0.101780910025462,0.135707880033949,
0.271415760067898,0.949955160237644),.UNSPECIFIED.);
#2477=B_SPLINE_SURFACE_WITH_KNOTS('',3,3,((#6322,#6323,#6324,#6325,#6326,
#6327,#6328,#6329,#6330),(#6331,#6332,#6333,#6334,#6335,#6336,#6337,#6338,
#6339),(#6340,#6341,#6342,#6343,#6344,#6345,#6346,#6347,#6348),(#6349,#6350,
#6351,#6352,#6353,#6354,#6355,#6356,#6357)),.UNSPECIFIED.,.F.,.F.,.F.,(4,
4),(4,1,1,1,1,1,4),(0.,1.),(-0.0220916260682449,0.000543837016250005,0.00808899137774832,
0.0231793001007449,0.0307244544622432,0.0533599175467382,0.0835405349927314),
 .UNSPECIFIED.);
#2478=B_SPLINE_SURFACE_WITH_KNOTS('',3,3,((#6369,#6370,#6371,#6372),(#6373,
#6374,#6375,#6376),(#6377,#6378,#6379,#6380),(#6381,#6382,#6383,#6384)),
 .UNSPECIFIED.,.F.,.F.,.F.,(4,4),(4,4),(0.,1.),(7.71640031486025E-12,0.000506923452895318),
 .UNSPECIFIED.);
#2479=B_SPLINE_SURFACE_WITH_KNOTS('',3,3,((#6391,#6392,#6393,#6394),(#6395,
#6396,#6397,#6398),(#6399,#6400,#6401,#6402),(#6403,#6404,#6405,#6406)),
 .UNSPECIFIED.,.F.,.F.,.F.,(4,4),(4,4),(0.,1.),(-0.00558788430558092,-3.69376703173876E-16),
 .UNSPECIFIED.);
#2480=B_SPLINE_SURFACE_WITH_KNOTS('',3,3,((#6411,#6412,#6413,#6414),(#6415,
#6416,#6417,#6418),(#6419,#6420,#6421,#6422),(#6423,#6424,#6425,#6426)),
 .UNSPECIFIED.,.F.,.F.,.F.,(4,4),(4,4),(0.,1.),(-0.04876632679696,-0.00639962046911617),
 .UNSPECIFIED.);
#2481=B_SPLINE_SURFACE_WITH_KNOTS('',3,3,((#6436,#6437,#6438,#6439),(#6440,
#6441,#6442,#6443),(#6444,#6445,#6446,#6447),(#6448,#6449,#6450,#6451)),
 .UNSPECIFIED.,.F.,.F.,.F.,(4,4),(4,4),(0.0121449086166354,0.942727553936525),
(0.,0.957756279152283),.UNSPECIFIED.);
#2482=B_SPLINE_SURFACE_WITH_KNOTS('',3,3,((#6462,#6463,#6464,#6465),(#6466,
#6467,#6468,#6469),(#6470,#6471,#6472,#6473),(#6474,#6475,#6476,#6477)),
 .UNSPECIFIED.,.F.,.F.,.F.,(4,4),(4,4),(0.,1.),(-1.36600472225766E-5,0.091910233222846),
 .UNSPECIFIED.);
#2483=B_SPLINE_SURFACE_WITH_KNOTS('',3,3,((#6484,#6485,#6486,#6487,#6488),
(#6489,#6490,#6491,#6492,#6493),(#6494,#6495,#6496,#6497,#6498),(#6499,
#6500,#6501,#6502,#6503)),.UNSPECIFIED.,.F.,.F.,.F.,(4,4),(4,1,4),(0.,1.),
(-0.0133926969641775,-0.0057397272703618,0.),.UNSPECIFIED.);
#2484=B_SPLINE_SURFACE_WITH_KNOTS('',3,3,((#6511,#6512,#6513,#6514),(#6515,
#6516,#6517,#6518),(#6519,#6520,#6521,#6522),(#6523,#6524,#6525,#6526)),
 .UNSPECIFIED.,.F.,.F.,.F.,(4,4),(4,4),(0.,1.),(0.,0.00678697799091958),
 .UNSPECIFIED.);
#2485=B_SPLINE_SURFACE_WITH_KNOTS('',3,3,((#6539,#6540,#6541,#6542,#6543,
#6544,#6545,#6546),(#6547,#6548,#6549,#6550,#6551,#6552,#6553,#6554),(#6555,
#6556,#6557,#6558,#6559,#6560,#6561,#6562),(#6563,#6564,#6565,#6566,#6567,
#6568,#6569,#6570)),.UNSPECIFIED.,.F.,.F.,.F.,(4,4),(4,1,1,1,1,4),(0.,1.),
(-0.0992770524819351,-0.0850946164130872,-0.0709121803442394,-0.0567297442753915,
-0.0283648721376957,0.),.UNSPECIFIED.);
#2486=B_SPLINE_SURFACE_WITH_KNOTS('',3,3,((#6589,#6590,#6591,#6592),(#6593,
#6594,#6595,#6596),(#6597,#6598,#6599,#6600),(#6601,#6602,#6603,#6604)),
 .UNSPECIFIED.,.F.,.F.,.F.,(4,4),(4,4),(0.,1.),(0.,0.000465376187146213),
 .UNSPECIFIED.);
#2487=B_SPLINE_SURFACE_WITH_KNOTS('',3,3,((#6616,#6617,#6618,#6619),(#6620,
#6621,#6622,#6623),(#6624,#6625,#6626,#6627),(#6628,#6629,#6630,#6631)),
 .UNSPECIFIED.,.F.,.F.,.F.,(4,4),(4,4),(0.,1.),(-2.98009498473484E-5,0.00588907464893828),
 .UNSPECIFIED.);
#2488=B_SPLINE_SURFACE_WITH_KNOTS('',3,3,((#6640,#6641,#6642,#6643,#6644),
(#6645,#6646,#6647,#6648,#6649),(#6650,#6651,#6652,#6653,#6654),(#6655,
#6656,#6657,#6658,#6659)),.UNSPECIFIED.,.F.,.F.,.F.,(4,4),(4,1,4),(0.,1.),
(-0.154759539324565,-0.0895328853874678,-0.0025640134713378),
 .UNSPECIFIED.);
#2489=B_SPLINE_SURFACE_WITH_KNOTS('',3,3,((#6665,#6666,#6667,#6668),(#6669,
#6670,#6671,#6672),(#6673,#6674,#6675,#6676),(#6677,#6678,#6679,#6680),
(#6681,#6682,#6683,#6684),(#6685,#6686,#6687,#6688),(#6689,#6690,#6691,
#6692)),.UNSPECIFIED.,.F.,.F.,.F.,(4,1,1,1,4),(4,4),(0.00691059046689476,
0.285983635559856,0.565056680652817,0.844129725745778,0.983666248292259),
(0.,0.946318161626047),.UNSPECIFIED.);
#2490=B_SPLINE_SURFACE_WITH_KNOTS('',3,3,((#6697,#6698,#6699,#6700),(#6701,
#6702,#6703,#6704),(#6705,#6706,#6707,#6708),(#6709,#6710,#6711,#6712)),
 .UNSPECIFIED.,.F.,.F.,.F.,(4,4),(4,4),(0.,1.),(-0.440340310801564,-0.192801390686309),
 .UNSPECIFIED.);
#2491=B_SPLINE_SURFACE_WITH_KNOTS('',3,3,((#6716,#6717,#6718,#6719),(#6720,
#6721,#6722,#6723),(#6724,#6725,#6726,#6727),(#6728,#6729,#6730,#6731)),
 .UNSPECIFIED.,.F.,.F.,.F.,(4,4),(4,4),(0.,1.),(-1.5707963267949,-1.37799493610859),
 .UNSPECIFIED.);
#2492=B_SPLINE_SURFACE_WITH_KNOTS('',3,3,((#6742,#6743,#6744,#6745),(#6746,
#6747,#6748,#6749),(#6750,#6751,#6752,#6753),(#6754,#6755,#6756,#6757)),
 .UNSPECIFIED.,.F.,.F.,.F.,(4,4),(4,4),(0.,1.),(0.192801390682634,0.44034031062094),
 .UNSPECIFIED.);
#2493=B_SPLINE_SURFACE_WITH_KNOTS('',3,3,((#6763,#6764,#6765,#6766),(#6767,
#6768,#6769,#6770),(#6771,#6772,#6773,#6774),(#6775,#6776,#6777,#6778)),
 .UNSPECIFIED.,.F.,.F.,.F.,(4,4),(4,4),(0.,1.),(1.37799493611997,1.5707963267949),
 .UNSPECIFIED.);
#2494=B_SPLINE_SURFACE_WITH_KNOTS('',3,3,((#6802,#6803,#6804,#6805,#6806,
#6807,#6808,#6809),(#6810,#6811,#6812,#6813,#6814,#6815,#6816,#6817),(#6818,
#6819,#6820,#6821,#6822,#6823,#6824,#6825),(#6826,#6827,#6828,#6829,#6830,
#6831,#6832,#6833)),.UNSPECIFIED.,.F.,.F.,.F.,(4,4),(4,1,1,1,1,4),(0.,1.),
(-0.0152565400760811,-0.00107410562071341,0.0131083288346543,0.0272907632900219,
0.0556556322007573,0.0840205011114926),.UNSPECIFIED.);
#2495=B_SPLINE_SURFACE_WITH_KNOTS('',3,3,((#6852,#6853,#6854,#6855),(#6856,
#6857,#6858,#6859),(#6860,#6861,#6862,#6863),(#6864,#6865,#6866,#6867)),
 .UNSPECIFIED.,.F.,.F.,.F.,(4,4),(4,4),(0.,1.),(0.,0.000465376187637717),
 .UNSPECIFIED.);
#2496=B_SPLINE_SURFACE_WITH_KNOTS('',3,3,((#6879,#6880,#6881,#6882),(#6883,
#6884,#6885,#6886),(#6887,#6888,#6889,#6890),(#6891,#6892,#6893,#6894)),
 .UNSPECIFIED.,.F.,.F.,.F.,(4,4),(4,4),(0.,1.),(0.,0.00591887560510472),
 .UNSPECIFIED.);
#2497=B_SPLINE_SURFACE_WITH_KNOTS('',3,3,((#6908,#6909,#6910,#6911),(#6912,
#6913,#6914,#6915),(#6916,#6917,#6918,#6919),(#6920,#6921,#6922,#6923)),
 .UNSPECIFIED.,.F.,.F.,.F.,(4,4),(4,4),(0.,1.),(-0.0806209088554781,0.),
 .UNSPECIFIED.);
#2498=B_SPLINE_SURFACE_WITH_KNOTS('',3,3,((#6930,#6931,#6932,#6933),(#6934,
#6935,#6936,#6937),(#6938,#6939,#6940,#6941),(#6942,#6943,#6944,#6945)),
 .UNSPECIFIED.,.F.,.F.,.F.,(4,4),(4,4),(0.,1.),(-0.00100986967809553,0.),
 .UNSPECIFIED.);
#2499=B_SPLINE_SURFACE_WITH_KNOTS('',3,3,((#6952,#6953,#6954,#6955),(#6956,
#6957,#6958,#6959),(#6960,#6961,#6962,#6963),(#6964,#6965,#6966,#6967)),
 .UNSPECIFIED.,.F.,.F.,.F.,(4,4),(4,4),(0.,1.),(-0.00787448356911069,3.70406147758283E-5),
 .UNSPECIFIED.);
#2500=B_SPLINE_SURFACE_WITH_KNOTS('',3,3,((#6972,#6973,#6974,#6975,#6976),
(#6977,#6978,#6979,#6980,#6981),(#6982,#6983,#6984,#6985,#6986),(#6987,
#6988,#6989,#6990,#6991)),.UNSPECIFIED.,.F.,.F.,.F.,(4,4),(4,1,4),(0.,1.),
(0.00103375662349138,0.0662604105566315,0.153229282467485),
 .UNSPECIFIED.);
#2501=B_SPLINE_SURFACE_WITH_KNOTS('',3,3,((#7002,#7003,#7004,#7005),(#7006,
#7007,#7008,#7009),(#7010,#7011,#7012,#7013),(#7014,#7015,#7016,#7017),
(#7018,#7019,#7020,#7021),(#7022,#7023,#7024,#7025),(#7026,#7027,#7028,
#7029)),.UNSPECIFIED.,.F.,.F.,.F.,(4,1,1,1,4),(4,4),(0.00691059051774228,
0.285983635594828,0.565056680671913,0.844129725748998,0.983666248287541),
(0.,0.946318161623902),.UNSPECIFIED.);
#2502=B_SPLINE_SURFACE_WITH_KNOTS('',3,3,((#7030,#7031,#7032,#7033),(#7034,
#7035,#7036,#7037),(#7038,#7039,#7040,#7041),(#7042,#7043,#7044,#7045)),
 .UNSPECIFIED.,.F.,.F.,.F.,(4,4),(4,4),(0.,1.),(-0.00426788711483064,0.0771040191206107),
 .UNSPECIFIED.);
#2503=B_SPLINE_SURFACE_WITH_KNOTS('',3,3,((#7052,#7053,#7054,#7055),(#7056,
#7057,#7058,#7059),(#7060,#7061,#7062,#7063),(#7064,#7065,#7066,#7067)),
 .UNSPECIFIED.,.F.,.F.,.F.,(4,4),(4,4),(0.,1.),(-0.00130811697746178,0.),
 .UNSPECIFIED.);
#2504=B_SPLINE_SURFACE_WITH_KNOTS('',3,3,((#7079,#7080,#7081,#7082),(#7083,
#7084,#7085,#7086),(#7087,#7088,#7089,#7090),(#7091,#7092,#7093,#7094)),
 .UNSPECIFIED.,.F.,.F.,.F.,(4,4),(4,4),(0.,1.),(-0.00827793354894724,4.42737709546546E-5),
 .UNSPECIFIED.);
#2505=B_SPLINE_SURFACE_WITH_KNOTS('',3,3,((#7104,#7105,#7106,#7107),(#7108,
#7109,#7110,#7111),(#7112,#7113,#7114,#7115),(#7116,#7117,#7118,#7119)),
 .UNSPECIFIED.,.F.,.F.,.F.,(4,4),(4,4),(0.,1.),(0.042507111755177,0.163319077052488),
 .UNSPECIFIED.);
#2506=B_SPLINE_SURFACE_WITH_KNOTS('',3,3,((#7124,#7125,#7126,#7127),(#7128,
#7129,#7130,#7131),(#7132,#7133,#7134,#7135),(#7136,#7137,#7138,#7139)),
 .UNSPECIFIED.,.F.,.F.,.F.,(4,4),(4,4),(0.,1.),(0.,0.000506923445956234),
 .UNSPECIFIED.);
#2507=B_SPLINE_SURFACE_WITH_KNOTS('',3,3,((#7146,#7147,#7148,#7149),(#7150,
#7151,#7152,#7153),(#7154,#7155,#7156,#7157),(#7158,#7159,#7160,#7161)),
 .UNSPECIFIED.,.F.,.F.,.F.,(4,4),(4,4),(0.,1.),(-0.00555939583789656,2.84884777472431E-5),
 .UNSPECIFIED.);
#2508=B_SPLINE_SURFACE_WITH_KNOTS('',3,3,((#7171,#7172,#7173,#7174),(#7175,
#7176,#7177,#7178),(#7179,#7180,#7181,#7182),(#7183,#7184,#7185,#7186)),
 .UNSPECIFIED.,.F.,.F.,.F.,(4,4),(4,4),(0.,1.),(0.00308388942816236,0.105954721124068),
 .UNSPECIFIED.);
#2509=B_SPLINE_SURFACE_WITH_KNOTS('',3,3,((#7195,#7196,#7197,#7198),(#7199,
#7200,#7201,#7202),(#7203,#7204,#7205,#7206),(#7207,#7208,#7209,#7210),
(#7211,#7212,#7213,#7214),(#7215,#7216,#7217,#7218),(#7219,#7220,#7221,
#7222)),.UNSPECIFIED.,.F.,.F.,.F.,(4,1,1,1,4),(4,4),(0.0290187857986999,
0.304372590905088,0.579726396011477,0.786241749841268,0.992757103671059),
(0.,0.949955160224972),.UNSPECIFIED.);
#2510=B_SPLINE_SURFACE_WITH_KNOTS('',3,3,((#7223,#7224,#7225,#7226),(#7227,
#7228,#7229,#7230),(#7231,#7232,#7233,#7234),(#7235,#7236,#7237,#7238)),
 .UNSPECIFIED.,.F.,.F.,.F.,(4,4),(4,4),(0.,1.),(-0.0919292583360311,0.),
 .UNSPECIFIED.);
#2511=B_SPLINE_SURFACE_WITH_KNOTS('',3,3,((#7240,#7241,#7242,#7243,#7244),
(#7245,#7246,#7247,#7248,#7249),(#7250,#7251,#7252,#7253,#7254),(#7255,
#7256,#7257,#7258,#7259)),.UNSPECIFIED.,.F.,.F.,.F.,(4,4),(4,1,4),(0.,1.),
(-0.0133926969512164,-0.00765296968640939,0.),.UNSPECIFIED.);
#2512=B_SPLINE_SURFACE_WITH_KNOTS('',3,3,((#7261,#7262,#7263,#7264),(#7265,
#7266,#7267,#7268),(#7269,#7270,#7271,#7272),(#7273,#7274,#7275,#7276)),
 .UNSPECIFIED.,.F.,.F.,.F.,(4,4),(4,4),(0.,1.),(-3.15612823619401E-5,0.00675541670986609),
 .UNSPECIFIED.);
#2513=B_SPLINE_SURFACE_WITH_KNOTS('',3,3,((#7281,#7282,#7283,#7284),(#7285,
#7286,#7287,#7288),(#7289,#7290,#7291,#7292),(#7293,#7294,#7295,#7296)),
 .UNSPECIFIED.,.F.,.F.,.F.,(4,4),(4,4),(0.,1.),(0.000652320291526697,0.0430190253747162),
 .UNSPECIFIED.);
#2514=ADVANCED_FACE('',(#286),#2408,.T.);
#2515=ADVANCED_FACE('',(#287),#2409,.T.);
#2516=ADVANCED_FACE('',(#288),#2410,.T.);
#2517=ADVANCED_FACE('',(#289),#2411,.T.);
#2518=ADVANCED_FACE('',(#290),#2412,.T.);
#2519=ADVANCED_FACE('',(#291),#2413,.T.);
#2520=ADVANCED_FACE('',(#292),#2414,.T.);
#2521=ADVANCED_FACE('',(#293),#2415,.T.);
#2522=ADVANCED_FACE('',(#294),#2416,.T.);
#2523=ADVANCED_FACE('',(#295),#2417,.T.);
#2524=ADVANCED_FACE('',(#296),#2418,.T.);
#2525=ADVANCED_FACE('',(#297),#2419,.T.);
#2526=ADVANCED_FACE('',(#298),#2420,.T.);
#2527=ADVANCED_FACE('',(#299),#2421,.T.);
#2528=ADVANCED_FACE('',(#300),#2422,.T.);
#2529=ADVANCED_FACE('',(#301),#2423,.F.);
#2530=ADVANCED_FACE('',(#302),#2424,.T.);
#2531=ADVANCED_FACE('',(#303),#2425,.F.);
#2532=ADVANCED_FACE('',(#304),#2426,.T.);
#2533=ADVANCED_FACE('',(#305),#2427,.F.);
#2534=ADVANCED_FACE('',(#306),#2428,.T.);
#2535=ADVANCED_FACE('',(#307),#2429,.F.);
#2536=ADVANCED_FACE('',(#308),#2430,.T.);
#2537=ADVANCED_FACE('',(#309),#2431,.T.);
#2538=ADVANCED_FACE('',(#310),#2432,.T.);
#2539=ADVANCED_FACE('',(#311),#2433,.T.);
#2540=ADVANCED_FACE('',(#312),#2434,.T.);
#2541=ADVANCED_FACE('',(#313),#2435,.T.);
#2542=ADVANCED_FACE('',(#314),#2436,.T.);
#2543=ADVANCED_FACE('',(#315),#2437,.T.);
#2544=ADVANCED_FACE('',(#316),#2438,.T.);
#2545=ADVANCED_FACE('',(#317),#2439,.T.);
#2546=ADVANCED_FACE('',(#318),#2440,.T.);
#2547=ADVANCED_FACE('',(#319),#2441,.T.);
#2548=ADVANCED_FACE('',(#320),#2442,.T.);
#2549=ADVANCED_FACE('',(#321),#2443,.T.);
#2550=ADVANCED_FACE('',(#322),#2444,.T.);
#2551=ADVANCED_FACE('',(#323),#2445,.F.);
#2552=ADVANCED_FACE('',(#324),#2446,.F.);
#2553=ADVANCED_FACE('',(#325),#2447,.T.);
#2554=ADVANCED_FACE('',(#326),#88,.F.);
#2555=ADVANCED_FACE('',(#327),#2448,.F.);
#2556=ADVANCED_FACE('',(#328),#2449,.F.);
#2557=ADVANCED_FACE('',(#329),#2450,.F.);
#2558=ADVANCED_FACE('',(#330),#2451,.T.);
#2559=ADVANCED_FACE('',(#331),#2452,.F.);
#2560=ADVANCED_FACE('',(#332),#2453,.T.);
#2561=ADVANCED_FACE('',(#333),#2454,.F.);
#2562=ADVANCED_FACE('',(#334),#89,.T.);
#2563=ADVANCED_FACE('',(#335),#2455,.T.);
#2564=ADVANCED_FACE('',(#336),#2456,.F.);
#2565=ADVANCED_FACE('',(#337),#2457,.T.);
#2566=ADVANCED_FACE('',(#338),#2458,.F.);
#2567=ADVANCED_FACE('',(#339),#2459,.T.);
#2568=ADVANCED_FACE('',(#340),#2460,.T.);
#2569=ADVANCED_FACE('',(#341),#2461,.T.);
#2570=ADVANCED_FACE('',(#342),#2462,.T.);
#2571=ADVANCED_FACE('',(#343),#90,.T.);
#2572=ADVANCED_FACE('',(#344),#91,.T.);
#2573=ADVANCED_FACE('',(#345),#2463,.T.);
#2574=ADVANCED_FACE('',(#346),#2464,.T.);
#2575=ADVANCED_FACE('',(#347),#2465,.T.);
#2576=ADVANCED_FACE('',(#348),#2466,.T.);
#2577=ADVANCED_FACE('',(#349),#92,.T.);
#2578=ADVANCED_FACE('',(#350),#93,.T.);
#2579=ADVANCED_FACE('',(#351),#94,.T.);
#2580=ADVANCED_FACE('',(#352),#95,.F.);
#2581=ADVANCED_FACE('',(#353),#96,.T.);
#2582=ADVANCED_FACE('',(#354),#97,.T.);
#2583=ADVANCED_FACE('',(#355),#62,.T.);
#2584=ADVANCED_FACE('',(#356),#98,.F.);
#2585=ADVANCED_FACE('',(#357),#99,.T.);
#2586=ADVANCED_FACE('',(#358),#100,.F.);
#2587=ADVANCED_FACE('',(#359),#101,.T.);
#2588=ADVANCED_FACE('',(#360),#102,.F.);
#2589=ADVANCED_FACE('',(#361),#103,.F.);
#2590=ADVANCED_FACE('',(#362),#104,.F.);
#2591=ADVANCED_FACE('',(#363),#105,.F.);
#2592=ADVANCED_FACE('',(#364),#63,.F.);
#2593=ADVANCED_FACE('',(#365),#106,.F.);
#2594=ADVANCED_FACE('',(#366),#107,.F.);
#2595=ADVANCED_FACE('',(#367),#64,.F.);
#2596=ADVANCED_FACE('',(#368),#108,.F.);
#2597=ADVANCED_FACE('',(#369),#65,.F.);
#2598=ADVANCED_FACE('',(#370,#17,#18),#109,.F.);
#2599=ADVANCED_FACE('',(#371),#2467,.F.);
#2600=ADVANCED_FACE('',(#372),#2468,.F.);
#2601=ADVANCED_FACE('',(#373),#2469,.F.);
#2602=ADVANCED_FACE('',(#374),#2470,.F.);
#2603=ADVANCED_FACE('',(#375),#2471,.F.);
#2604=ADVANCED_FACE('',(#376),#66,.T.);
#2605=ADVANCED_FACE('',(#377),#2472,.F.);
#2606=ADVANCED_FACE('',(#378),#2473,.F.);
#2607=ADVANCED_FACE('',(#379),#2474,.F.);
#2608=ADVANCED_FACE('',(#380),#2475,.F.);
#2609=ADVANCED_FACE('',(#381),#2476,.T.);
#2610=ADVANCED_FACE('',(#382),#2477,.F.);
#2611=ADVANCED_FACE('',(#383),#2478,.F.);
#2612=ADVANCED_FACE('',(#384),#2479,.F.);
#2613=ADVANCED_FACE('',(#385),#2480,.F.);
#2614=ADVANCED_FACE('',(#386),#2481,.T.);
#2615=ADVANCED_FACE('',(#387),#2482,.F.);
#2616=ADVANCED_FACE('',(#388),#2483,.F.);
#2617=ADVANCED_FACE('',(#389),#2484,.F.);
#2618=ADVANCED_FACE('',(#390),#67,.T.);
#2619=ADVANCED_FACE('',(#391),#110,.T.);
#2620=ADVANCED_FACE('',(#392),#2485,.F.);
#2621=ADVANCED_FACE('',(#393),#2486,.F.);
#2622=ADVANCED_FACE('',(#394),#2487,.F.);
#2623=ADVANCED_FACE('',(#395),#2488,.F.);
#2624=ADVANCED_FACE('',(#396),#2489,.T.);
#2625=ADVANCED_FACE('',(#397),#68,.T.);
#2626=ADVANCED_FACE('',(#398),#2490,.F.);
#2627=ADVANCED_FACE('',(#399),#2491,.F.);
#2628=ADVANCED_FACE('',(#400),#69,.T.);
#2629=ADVANCED_FACE('',(#401),#111,.T.);
#2630=ADVANCED_FACE('',(#402),#70,.T.);
#2631=ADVANCED_FACE('',(#403),#2492,.F.);
#2632=ADVANCED_FACE('',(#404),#2493,.F.);
#2633=ADVANCED_FACE('',(#405),#71,.T.);
#2634=ADVANCED_FACE('',(#406),#112,.F.);
#2635=ADVANCED_FACE('',(#407),#2494,.F.);
#2636=ADVANCED_FACE('',(#408),#2495,.F.);
#2637=ADVANCED_FACE('',(#409),#2496,.F.);
#2638=ADVANCED_FACE('',(#410),#72,.T.);
#2639=ADVANCED_FACE('',(#411),#113,.F.);
#2640=ADVANCED_FACE('',(#412),#2497,.F.);
#2641=ADVANCED_FACE('',(#413),#2498,.F.);
#2642=ADVANCED_FACE('',(#414),#2499,.F.);
#2643=ADVANCED_FACE('',(#415),#2500,.F.);
#2644=ADVANCED_FACE('',(#416),#2501,.F.);
#2645=ADVANCED_FACE('',(#417),#2502,.F.);
#2646=ADVANCED_FACE('',(#418),#2503,.F.);
#2647=ADVANCED_FACE('',(#419),#2504,.F.);
#2648=ADVANCED_FACE('',(#420),#2505,.F.);
#2649=ADVANCED_FACE('',(#421),#2506,.F.);
#2650=ADVANCED_FACE('',(#422),#2507,.F.);
#2651=ADVANCED_FACE('',(#423),#2508,.F.);
#2652=ADVANCED_FACE('',(#424),#2509,.F.);
#2653=ADVANCED_FACE('',(#425),#2510,.F.);
#2654=ADVANCED_FACE('',(#426),#2511,.F.);
#2655=ADVANCED_FACE('',(#427),#2512,.F.);
#2656=ADVANCED_FACE('',(#428),#2513,.F.);
#2657=ADVANCED_FACE('',(#429),#114,.F.);
#2658=ADVANCED_FACE('',(#430),#14,.T.);
#2659=ADVANCED_FACE('',(#431),#73,.F.);
#2660=ADVANCED_FACE('',(#432),#15,.T.);
#2661=ADVANCED_FACE('',(#433),#74,.T.);
#2662=ADVANCED_FACE('',(#434),#16,.T.);
#2663=ADVANCED_FACE('',(#435,#19),#115,.F.);
#2664=ADVANCED_FACE('',(#436),#116,.F.);
#2665=ADVANCED_FACE('',(#437),#75,.T.);
#2666=ADVANCED_FACE('',(#438),#117,.T.);
#2667=ADVANCED_FACE('',(#439),#118,.T.);
#2668=ADVANCED_FACE('',(#440),#119,.T.);
#2669=ADVANCED_FACE('',(#441),#120,.T.);
#2670=ADVANCED_FACE('',(#442),#121,.T.);
#2671=ADVANCED_FACE('',(#443),#122,.T.);
#2672=ADVANCED_FACE('',(#444),#123,.F.);
#2673=ADVANCED_FACE('',(#445),#76,.F.);
#2674=ADVANCED_FACE('',(#446),#77,.F.);
#2675=ADVANCED_FACE('',(#447),#78,.F.);
#2676=ADVANCED_FACE('',(#448),#79,.F.);
#2677=ADVANCED_FACE('',(#449,#20),#124,.T.);
#2678=ADVANCED_FACE('',(#450),#80,.F.);
#2679=ADVANCED_FACE('',(#451,#21,#22,#23,#24,#25,#26),#125,.T.);
#2680=ADVANCED_FACE('',(#452),#81,.F.);
#2681=ADVANCED_FACE('',(#453),#82,.F.);
#2682=ADVANCED_FACE('',(#454),#83,.F.);
#2683=ADVANCED_FACE('',(#455),#84,.F.);
#2684=ADVANCED_FACE('',(#456),#85,.F.);
#2685=ADVANCED_FACE('',(#457),#86,.F.);
#2686=ADVANCED_FACE('',(#458),#87,.F.);
#2687=CLOSED_SHELL('',(#2514,#2515,#2516,#2517,#2518,#2519,#2520,#2521,
#2522,#2523,#2524,#2525,#2526,#2527,#2528,#2529,#2530,#2531,#2532,#2533,
#2534,#2535,#2536,#2537,#2538,#2539,#2540,#2541,#2542,#2543,#2544,#2545,
#2546,#2547,#2548,#2549,#2550,#2551,#2552,#2553,#2554,#2555,#2556,#2557,
#2558,#2559,#2560,#2561,#2562,#2563,#2564,#2565,#2566,#2567,#2568,#2569,
#2570,#2571,#2572,#2573,#2574,#2575,#2576,#2577,#2578,#2579,#2580,#2581,
#2582,#2583,#2584,#2585,#2586,#2587,#2588,#2589,#2590,#2591,#2592,#2593,
#2594,#2595,#2596,#2597,#2598,#2599,#2600,#2601,#2602,#2603,#2604,#2605,
#2606,#2607,#2608,#2609,#2610,#2611,#2612,#2613,#2614,#2615,#2616,#2617,
#2618,#2619,#2620,#2621,#2622,#2623,#2624,#2625,#2626,#2627,#2628,#2629,
#2630,#2631,#2632,#2633,#2634,#2635,#2636,#2637,#2638,#2639,#2640,#2641,
#2642,#2643,#2644,#2645,#2646,#2647,#2648,#2649,#2650,#2651,#2652,#2653,
#2654,#2655,#2656,#2657,#2658,#2659,#2660,#2661,#2662,#2663,#2664,#2665));
#2688=CLOSED_SHELL('',(#2666,#2667,#2668,#2669,#2670,#2671,#2672,#2673,
#2674,#2675,#2676,#2677,#2678,#2679,#2680,#2681,#2682,#2683,#2684,#2685,
#2686));
#2689=BREP_WITH_VOIDS('Solid1',#2687,(#13));
#2690=DERIVED_UNIT_ELEMENT(#2693,1.);
#2691=DERIVED_UNIT_ELEMENT(#7418,-3.);
#2692=DIMENSIONAL_EXPONENTS(0.,1.,0.,0.,0.,0.,0.);
#2693=(
CONVERSION_BASED_UNIT('gram',#2695)
MASS_UNIT()
NAMED_UNIT(#2692)
);
#2694=(
MASS_UNIT()
NAMED_UNIT(*)
SI_UNIT(.KILO.,.GRAM.)
);
#2695=MASS_MEASURE_WITH_UNIT(MASS_MEASURE(0.001),#2694);
#2696=DERIVED_UNIT((#2690,#2691));
#2697=MEASURE_REPRESENTATION_ITEM('density measure',
POSITIVE_RATIO_MEASURE(1.),#2696);
#2698=PROPERTY_DEFINITION_REPRESENTATION(#2703,#2700);
#2699=PROPERTY_DEFINITION_REPRESENTATION(#2704,#2701);
#2700=REPRESENTATION('material name',(#2702),#7415);
#2701=REPRESENTATION('density',(#2697),#7415);
#2702=DESCRIPTIVE_REPRESENTATION_ITEM('Generic','Generic');
#2703=PROPERTY_DEFINITION('material property','material name',#7425);
#2704=PROPERTY_DEFINITION('material property','density of part',#7425);
#2705=DATE_TIME_ROLE('creation_date');
#2706=APPLIED_DATE_AND_TIME_ASSIGNMENT(#2707,#2705,(#7425));
#2707=DATE_AND_TIME(#2708,#2709);
#2708=CALENDAR_DATE(2010,25,2);
#2709=LOCAL_TIME(0,0,0.,#2710);
#2710=COORDINATED_UNIVERSAL_TIME_OFFSET(0,0,.BEHIND.);
#2711=AXIS2_PLACEMENT_3D('',#3316,#2886,#2887);
#2712=AXIS2_PLACEMENT_3D('',#3339,#2888,#2889);
#2713=AXIS2_PLACEMENT_3D('',#3346,#2890,#2891);
#2714=AXIS2_PLACEMENT_3D('',#3373,#2892,#2893);
#2715=AXIS2_PLACEMENT_3D('',#3414,#2894,#2895);
#2716=AXIS2_PLACEMENT_3D('',#3449,#2896,#2897);
#2717=AXIS2_PLACEMENT_3D('',#3485,#2898,#2899);
#2718=AXIS2_PLACEMENT_3D('',#3518,#2900,#2901);
#2719=AXIS2_PLACEMENT_3D('',#3549,#2902,#2903);
#2720=AXIS2_PLACEMENT_3D('',#3580,#2904,#2905);
#2721=AXIS2_PLACEMENT_3D('',#3611,#2906,#2907);
#2722=AXIS2_PLACEMENT_3D('',#3642,#2908,#2909);
#2723=AXIS2_PLACEMENT_3D('',#3678,#2910,#2911);
#2724=AXIS2_PLACEMENT_3D('',#3711,#2912,#2913);
#2725=AXIS2_PLACEMENT_3D('',#3742,#2914,#2915);
#2726=AXIS2_PLACEMENT_3D('',#3777,#2916,#2917);
#2727=AXIS2_PLACEMENT_3D('',#4106,#2919,#2920);
#2728=AXIS2_PLACEMENT_3D('',#4115,#2921,#2922);
#2729=AXIS2_PLACEMENT_3D('',#4144,#2923,#2924);
#2730=AXIS2_PLACEMENT_3D('',#4175,#2925,#2926);
#2731=AXIS2_PLACEMENT_3D('',#4206,#2927,#2928);
#2732=AXIS2_PLACEMENT_3D('',#4247,#2929,#2930);
#2733=AXIS2_PLACEMENT_3D('',#4282,#2931,#2932);
#2734=AXIS2_PLACEMENT_3D('',#4313,#2933,#2934);
#2735=AXIS2_PLACEMENT_3D('',#4349,#2935,#2936);
#2736=AXIS2_PLACEMENT_3D('',#4382,#2937,#2938);
#2737=AXIS2_PLACEMENT_3D('',#4413,#2939,#2940);
#2738=AXIS2_PLACEMENT_3D('',#4420,#2941,#2942);
#2739=AXIS2_PLACEMENT_3D('',#4452,#2943,#2944);
#2740=AXIS2_PLACEMENT_3D('',#4490,#2945,#2946);
#2741=AXIS2_PLACEMENT_3D('',#4674,#2947,#2948);
#2742=AXIS2_PLACEMENT_3D('',#4909,#2952,#2953);
#2743=AXIS2_PLACEMENT_3D('',#5348,#2960,#2961);
#2744=AXIS2_PLACEMENT_3D('',#5354,#2965,#2966);
#2745=AXIS2_PLACEMENT_3D('',#5634,#2973,#2974);
#2746=AXIS2_PLACEMENT_3D('',#5640,#2978,#2979);
#2747=AXIS2_PLACEMENT_3D('',#5644,#2982,#2983);
#2748=AXIS2_PLACEMENT_3D('',#5648,#2986,#2987);
#2749=AXIS2_PLACEMENT_3D('',#5670,#2991,#2992);
#2750=AXIS2_PLACEMENT_3D('',#5674,#2995,#2996);
#2751=AXIS2_PLACEMENT_3D('',#5676,#2998,#2999);
#2752=AXIS2_PLACEMENT_3D('',#5688,#3001,#3002);
#2753=AXIS2_PLACEMENT_3D('',#5689,#3003,#3004);
#2754=AXIS2_PLACEMENT_3D('',#5691,#3006,#3007);
#2755=AXIS2_PLACEMENT_3D('',#5692,#3008,#3009);
#2756=AXIS2_PLACEMENT_3D('',#5709,#3018,#3019);
#2757=AXIS2_PLACEMENT_3D('',#5711,#3020,#3021);
#2758=AXIS2_PLACEMENT_3D('',#5714,#3023,#3024);
#2759=AXIS2_PLACEMENT_3D('',#5715,#3025,#3026);
#2760=AXIS2_PLACEMENT_3D('',#5717,#3027,#3028);
#2761=AXIS2_PLACEMENT_3D('',#5718,#3029,#3030);
#2762=AXIS2_PLACEMENT_3D('',#5720,#3031,#3032);
#2763=AXIS2_PLACEMENT_3D('',#5747,#3034,#3035);
#2764=AXIS2_PLACEMENT_3D('',#5749,#3036,#3037);
#2765=AXIS2_PLACEMENT_3D('',#5825,#3040,#3041);
#2766=AXIS2_PLACEMENT_3D('',#5930,#3043,#3044);
#2767=AXIS2_PLACEMENT_3D('',#5931,#3045,#3046);
#2768=AXIS2_PLACEMENT_3D('',#5935,#3048,#3049);
#2769=AXIS2_PLACEMENT_3D('',#5937,#3051,#3052);
#2770=AXIS2_PLACEMENT_3D('',#5949,#3055,#3056);
#2771=AXIS2_PLACEMENT_3D('',#5956,#3058,#3059);
#2772=AXIS2_PLACEMENT_3D('',#5958,#3060,#3061);
#2773=AXIS2_PLACEMENT_3D('',#5960,#3063,#3064);
#2774=AXIS2_PLACEMENT_3D('',#5962,#3066,#3067);
#2775=AXIS2_PLACEMENT_3D('',#5965,#3069,#3070);
#2776=AXIS2_PLACEMENT_3D('',#5966,#3071,#3072);
#2777=AXIS2_PLACEMENT_3D('',#5968,#3073,#3074);
#2778=AXIS2_PLACEMENT_3D('',#6081,#3075,#3076);
#2779=AXIS2_PLACEMENT_3D('',#6099,#3077,#3078);
#2780=AXIS2_PLACEMENT_3D('',#6126,#3079,#3080);
#2781=AXIS2_PLACEMENT_3D('',#6155,#3081,#3082);
#2782=AXIS2_PLACEMENT_3D('',#6177,#3083,#3084);
#2783=AXIS2_PLACEMENT_3D('',#6195,#3085,#3086);
#2784=AXIS2_PLACEMENT_3D('',#6368,#3087,#3088);
#2785=AXIS2_PLACEMENT_3D('',#6386,#3089,#3090);
#2786=AXIS2_PLACEMENT_3D('',#6483,#3091,#3092);
#2787=AXIS2_PLACEMENT_3D('',#6510,#3093,#3094);
#2788=AXIS2_PLACEMENT_3D('',#6531,#3095,#3096);
#2789=AXIS2_PLACEMENT_3D('',#6535,#3098,#3099);
#2790=AXIS2_PLACEMENT_3D('',#6536,#3100,#3101);
#2791=AXIS2_PLACEMENT_3D('',#6537,#3102,#3103);
#2792=AXIS2_PLACEMENT_3D('',#6580,#3105,#3106);
#2793=AXIS2_PLACEMENT_3D('',#6611,#3107,#3108);
#2794=AXIS2_PLACEMENT_3D('',#6693,#3109,#3110);
#2795=AXIS2_PLACEMENT_3D('',#6695,#3111,#3112);
#2796=AXIS2_PLACEMENT_3D('',#6714,#3114,#3115);
#2797=AXIS2_PLACEMENT_3D('',#6715,#3116,#3117);
#2798=AXIS2_PLACEMENT_3D('',#6732,#3118,#3119);
#2799=AXIS2_PLACEMENT_3D('',#6733,#3120,#3121);
#2800=AXIS2_PLACEMENT_3D('',#6735,#3123,#3124);
#2801=AXIS2_PLACEMENT_3D('',#6736,#3125,#3126);
#2802=AXIS2_PLACEMENT_3D('',#6739,#3127,#3128);
#2803=AXIS2_PLACEMENT_3D('',#6760,#3131,#3132);
#2804=AXIS2_PLACEMENT_3D('',#6761,#3133,#3134);
#2805=AXIS2_PLACEMENT_3D('',#6762,#3135,#3136);
#2806=AXIS2_PLACEMENT_3D('',#6780,#3137,#3138);
#2807=AXIS2_PLACEMENT_3D('',#6781,#3139,#3140);
#2808=AXIS2_PLACEMENT_3D('',#6782,#3141,#3142);
#2809=AXIS2_PLACEMENT_3D('',#6797,#3145,#3146);
#2810=AXIS2_PLACEMENT_3D('',#6844,#3147,#3148);
#2811=AXIS2_PLACEMENT_3D('',#6870,#3149,#3150);
#2812=AXIS2_PLACEMENT_3D('',#6904,#3151,#3152);
#2813=AXIS2_PLACEMENT_3D('',#6907,#3155,#3156);
#2814=AXIS2_PLACEMENT_3D('',#6929,#3157,#3158);
#2815=AXIS2_PLACEMENT_3D('',#6947,#3159,#3160);
#2816=AXIS2_PLACEMENT_3D('',#7047,#3161,#3162);
#2817=AXIS2_PLACEMENT_3D('',#7074,#3163,#3164);
#2818=AXIS2_PLACEMENT_3D('',#7145,#3165,#3166);
#2819=AXIS2_PLACEMENT_3D('',#7239,#3167,#3168);
#2820=AXIS2_PLACEMENT_3D('',#7260,#3169,#3170);
#2821=AXIS2_PLACEMENT_3D('',#7301,#3171,#3172);
#2822=AXIS2_PLACEMENT_3D('',#7302,#3173,#3174);
#2823=AXIS2_PLACEMENT_3D('',#7304,#3175,#3176);
#2824=AXIS2_PLACEMENT_3D('',#7306,#3177,#3178);
#2825=AXIS2_PLACEMENT_3D('',#7307,#3179,#3180);
#2826=AXIS2_PLACEMENT_3D('',#7308,#3181,#3182);
#2827=AXIS2_PLACEMENT_3D('',#7310,#3184,#3185);
#2828=AXIS2_PLACEMENT_3D('',#7313,#3186,#3187);
#2829=AXIS2_PLACEMENT_3D('',#7314,#3188,#3189);
#2830=AXIS2_PLACEMENT_3D('',#7315,#3190,#3191);
#2831=AXIS2_PLACEMENT_3D('',#7316,#3192,#3193);
#2832=AXIS2_PLACEMENT_3D('',#7318,#3194,#3195);
#2833=AXIS2_PLACEMENT_3D('',#7320,#3197,#3198);
#2834=AXIS2_PLACEMENT_3D('',#7322,#3199,#3200);
#2835=AXIS2_PLACEMENT_3D('',#7323,#3201,#3202);
#2836=AXIS2_PLACEMENT_3D('',#7324,#3203,#3204);
#2837=AXIS2_PLACEMENT_3D('',#7326,#3205,#3206);
#2838=AXIS2_PLACEMENT_3D('',#7327,#3207,#3208);
#2839=AXIS2_PLACEMENT_3D('',#7329,#3209,#3210);
#2840=AXIS2_PLACEMENT_3D('',#7330,#3211,#3212);
#2841=AXIS2_PLACEMENT_3D('',#7332,#3214,#3215);
#2842=AXIS2_PLACEMENT_3D('',#7334,#3216,#3217);
#2843=AXIS2_PLACEMENT_3D('',#7335,#3218,#3219);
#2844=AXIS2_PLACEMENT_3D('',#7337,#3220,#3221);
#2845=AXIS2_PLACEMENT_3D('',#7338,#3222,#3223);
#2846=AXIS2_PLACEMENT_3D('',#7340,#3224,#3225);
#2847=AXIS2_PLACEMENT_3D('',#7341,#3226,#3227);
#2848=AXIS2_PLACEMENT_3D('',#7343,#3228,#3229);
#2849=AXIS2_PLACEMENT_3D('',#7344,#3230,#3231);
#2850=AXIS2_PLACEMENT_3D('',#7346,#3232,#3233);
#2851=AXIS2_PLACEMENT_3D('',#7347,#3234,#3235);
#2852=AXIS2_PLACEMENT_3D('',#7349,#3236,#3237);
#2853=AXIS2_PLACEMENT_3D('',#7350,#3238,#3239);
#2854=AXIS2_PLACEMENT_3D('',#7352,#3240,#3241);
#2855=AXIS2_PLACEMENT_3D('',#7353,#3242,#3243);
#2856=AXIS2_PLACEMENT_3D('',#7356,#3245,#3246);
#2857=AXIS2_PLACEMENT_3D('',#7357,#3247,#3248);
#2858=AXIS2_PLACEMENT_3D('',#7362,#3250,#3251);
#2859=AXIS2_PLACEMENT_3D('',#7365,#3253,#3254);
#2860=AXIS2_PLACEMENT_3D('',#7366,#3255,#3256);
#2861=AXIS2_PLACEMENT_3D('',#7370,#3258,#3259);
#2862=AXIS2_PLACEMENT_3D('',#7371,#3260,#3261);
#2863=AXIS2_PLACEMENT_3D('',#7372,#3262,#3263);
#2864=AXIS2_PLACEMENT_3D('',#7376,#3265,#3266);
#2865=AXIS2_PLACEMENT_3D('',#7377,#3267,#3268);
#2866=AXIS2_PLACEMENT_3D('',#7378,#3269,#3270);
#2867=AXIS2_PLACEMENT_3D('',#7380,#3271,#3272);
#2868=AXIS2_PLACEMENT_3D('',#7381,#3273,#3274);
#2869=AXIS2_PLACEMENT_3D('',#7382,#3275,#3276);
#2870=AXIS2_PLACEMENT_3D('',#7384,#3277,#3278);
#2871=AXIS2_PLACEMENT_3D('',#7386,#3280,#3281);
#2872=AXIS2_PLACEMENT_3D('',#7387,#3282,#3283);
#2873=AXIS2_PLACEMENT_3D('',#7389,#3284,#3285);
#2874=AXIS2_PLACEMENT_3D('',#7391,#3286,#3287);
#2875=AXIS2_PLACEMENT_3D('',#7393,#3288,#3289);
#2876=AXIS2_PLACEMENT_3D('',#7395,#3290,#3291);
#2877=AXIS2_PLACEMENT_3D('',#7397,#3292,#3293);
#2878=AXIS2_PLACEMENT_3D('',#7399,#3294,#3295);
#2879=AXIS2_PLACEMENT_3D('',#7400,#3296,#3297);
#2880=AXIS2_PLACEMENT_3D('',#7401,#3298,#3299);
#2881=AXIS2_PLACEMENT_3D('',#7403,#3301,#3302);
#2882=AXIS2_PLACEMENT_3D('',#7405,#3304,#3305);
#2883=AXIS2_PLACEMENT_3D('',#7407,#3307,#3308);
#2884=AXIS2_PLACEMENT_3D('',#7409,#3310,#3311);
#2885=AXIS2_PLACEMENT_3D('',#7411,#3313,#3314);
#2886=DIRECTION('axis',(0.,0.,1.));
#2887=DIRECTION('refdir',(1.,0.,0.));
#2888=DIRECTION('center_axis',(0.682868475976331,0.194408795177456,0.704198739615041));
#2889=DIRECTION('ref_axis',(0.695608884139666,0.121479060329584,-0.708075644410546));
#2890=DIRECTION('center_axis',(-0.741470468282913,-0.121700306576159,-0.659856484429445));
#2891=DIRECTION('ref_axis',(0.0364375868041363,0.974659686107039,-0.220705229991542));
#2892=DIRECTION('center_axis',(0.621946585523929,0.208384767716862,0.75482331266245));
#2893=DIRECTION('ref_axis',(0.751924082638836,0.1101847538029,-0.649976533404968));
#2894=DIRECTION('center_axis',(0.620919159373576,-0.208601635563591,-0.755608863872709));
#2895=DIRECTION('ref_axis',(-0.751359253735528,0.116366005518156,-0.649552326287682));
#2896=DIRECTION('center_axis',(0.728426691449227,-0.182322445615555,-0.660418867847593));
#2897=DIRECTION('ref_axis',(-0.646940862975213,0.134263382625213,-0.750626980529559));
#2898=DIRECTION('center_axis',(-0.245333760167559,-0.257983218078951,-0.934481677354712));
#2899=DIRECTION('ref_axis',(-0.913521369271565,0.384165622707555,0.133773996777853));
#2900=DIRECTION('center_axis',(-0.556545094192261,3.74011755802832E-12,
-0.83081740360354));
#2901=DIRECTION('ref_axis',(-0.767789753820082,0.382059363441608,0.514324349740016));
#2902=DIRECTION('center_axis',(-0.744017634800397,-1.48361318824436E-16,
-0.668159980173927));
#2903=DIRECTION('ref_axis',(-0.637354249515387,0.300141536966894,0.709714462591701));
#2904=DIRECTION('center_axis',(-0.69590041349339,7.59683021641353E-16,-0.718138297613857));
#2905=DIRECTION('ref_axis',(-0.684824836294464,0.30104049619564,0.66361853744794));
#2906=DIRECTION('center_axis',(-0.660691426121718,0.0299576650977013,-0.75005958280069));
#2907=DIRECTION('ref_axis',(-0.709809730266259,0.300186776822673,0.637226840175581));
#2908=DIRECTION('center_axis',(-0.791562884472439,0.276706929069213,-0.544849956713551));
#2909=DIRECTION('ref_axis',(-0.448989514541548,0.341471377476019,0.825715274290342));
#2910=DIRECTION('center_axis',(-0.655567954310494,0.0347562743058735,0.754335905732671));
#2911=DIRECTION('ref_axis',(0.751881336672938,0.122692010835082,0.647781696283678));
#2912=DIRECTION('center_axis',(-0.761099395502857,0.0805476451391859,0.643614626176036));
#2913=DIRECTION('ref_axis',(0.648470063672612,0.116882909790342,0.752213375259561));
#2914=DIRECTION('center_axis',(0.126850466735273,-0.133075223495663,0.982954700879254));
#2915=DIRECTION('ref_axis',(0.986109227326418,0.124041041533718,-0.110464527324052));
#2916=DIRECTION('center_axis',(-0.219602271639185,0.0160706160284995,-0.975457112123016));
#2917=DIRECTION('ref_axis',(0.180800774013535,0.983214419135826,-0.0245048182916572));
#2918=DIRECTION('',(0.788444196340353,-0.163689673595235,-0.592926167423483));
#2919=DIRECTION('center_axis',(0.455496070729943,-1.43312561933487E-15,
-0.890237793822293));
#2920=DIRECTION('ref_axis',(-0.749778088996267,0.539130466883349,-0.383628931311558));
#2921=DIRECTION('center_axis',(-0.70492222359789,1.57492821115634E-16,0.709284610489898));
#2922=DIRECTION('ref_axis',(0.,1.,-2.22044604925031E-16));
#2923=DIRECTION('center_axis',(0.218601670340079,0.259679841712211,-0.940627285130964));
#2924=DIRECTION('ref_axis',(-0.845659391684095,0.531391787556263,-0.049829322434139));
#2925=DIRECTION('center_axis',(-0.711864614172914,0.186897770170494,-0.676991871881594));
#2926=DIRECTION('ref_axis',(-0.632575270219168,0.248153060421899,0.733667899059507));
#2927=DIRECTION('center_axis',(-0.596955326774891,0.2134981374183,-0.773345254820898));
#2928=DIRECTION('ref_axis',(-0.736797003289896,0.23552531255272,0.633764943090079));
#2929=DIRECTION('center_axis',(-0.597927022600051,-0.21330548712324,0.772647425937442));
#2930=DIRECTION('ref_axis',(0.737484471233398,0.231222416697083,0.634549327244428));
#2931=DIRECTION('center_axis',(-0.645679128698379,-0.203208589132651,0.736073863186311));
#2932=DIRECTION('ref_axis',(0.696717510004016,0.237764638271201,0.676795898363434));
#2933=DIRECTION('center_axis',(-0.729252437446268,-0.129807044346993,0.671819182307691));
#2934=DIRECTION('ref_axis',(0.633396630993209,0.243355645875208,0.734565679478094));
#2935=DIRECTION('center_axis',(-0.236748510691363,0.0406738288018856,0.9707192088014));
#2936=DIRECTION('ref_axis',(0.925227596580714,0.31433254527099,0.212482812267105));
#2937=DIRECTION('center_axis',(-0.176054243555073,0.138593766594523,0.974575123419121));
#2938=DIRECTION('ref_axis',(0.942816082990328,0.308391777050272,0.126460845729223));
#2939=DIRECTION('center_axis',(0.658628167566849,-0.0334086960779058,0.751726543308076));
#2940=DIRECTION('ref_axis',(0.733703347679227,0.250227728342801,-0.631716298327577));
#2941=DIRECTION('center_axis',(-0.768727173888419,0.0794595792204302,-0.634621704163698));
#2942=DIRECTION('ref_axis',(0.214164203141277,0.966950239865576,-0.138350741656007));
#2943=DIRECTION('center_axis',(0.782969207454471,-0.27426938840312,-0.558332806454265));
#2944=DIRECTION('ref_axis',(-0.383143328063034,0.494469606928485,-0.78019292356748));
#2945=DIRECTION('center_axis',(0.715229313745284,-3.81940269573262E-16,
-0.698889854526054));
#2946=DIRECTION('ref_axis',(-0.643440136254835,0.390364739865699,-0.658483227520599));
#2947=DIRECTION('center_axis',(2.57459561559101E-11,0.963940990472595,0.266116077843321));
#2948=DIRECTION('ref_axis',(1.,-2.67090583452494E-11,5.93060230819052E-27));
#2949=DIRECTION('',(0.788444196384965,-0.16368967362243,0.592926167356652));
#2950=DIRECTION('',(-1.,2.14821693953495E-26,9.67470900840058E-11));
#2951=DIRECTION('',(1.,-2.14821693953495E-26,-9.67470900840058E-11));
#2952=DIRECTION('center_axis',(1.64444279172897E-15,-0.963940990485523,
0.266116077796492));
#2953=DIRECTION('ref_axis',(-1.,-1.70595794551769E-15,3.78798758031194E-31));
#2954=DIRECTION('',(-1.,1.37210668755801E-30,6.17941916679884E-15));
#2955=DIRECTION('',(1.,-1.37210668755801E-30,-6.17941916679884E-15));
#2956=DIRECTION('',(0.,-1.,2.22044604925031E-16));
#2957=DIRECTION('',(0.,-1.,2.22044604925031E-16));
#2958=DIRECTION('',(0.,-1.,2.22044604925031E-16));
#2959=DIRECTION('',(0.,-1.,2.22044604925031E-16));
#2960=DIRECTION('center_axis',(0.,2.22044604925031E-16,1.));
#2961=DIRECTION('ref_axis',(0.,-1.,2.22044604925031E-16));
#2962=DIRECTION('',(0.,-1.,2.22044604925031E-16));
#2963=DIRECTION('',(1.,0.,0.));
#2964=DIRECTION('',(0.,-1.,2.22044604925031E-16));
#2965=DIRECTION('center_axis',(-1.,0.,0.));
#2966=DIRECTION('ref_axis',(0.,1.,-2.22044604925031E-16));
#2967=DIRECTION('',(0.,-1.,2.22044604925031E-16));
#2968=DIRECTION('',(0.,2.22044604925031E-16,1.));
#2969=DIRECTION('',(0.,-1.,2.22044604925031E-16));
#2970=DIRECTION('',(0.,-1.,2.22044604925031E-16));
#2971=DIRECTION('',(0.,-1.,2.22044604925031E-16));
#2972=DIRECTION('',(0.,-1.,2.22044604925031E-16));
#2973=DIRECTION('center_axis',(3.46944695195362E-16,-2.22044604925031E-16,
-1.));
#2974=DIRECTION('ref_axis',(0.,1.,-2.22044604925031E-16));
#2975=DIRECTION('',(0.,-1.,2.22044604925031E-16));
#2976=DIRECTION('',(-1.,-7.70371977754895E-32,-3.46944695195362E-16));
#2977=DIRECTION('',(0.,-1.,2.22044604925031E-16));
#2978=DIRECTION('center_axis',(1.,0.,0.));
#2979=DIRECTION('ref_axis',(0.,-1.,2.22044604925031E-16));
#2980=DIRECTION('',(0.,-1.,2.22044604925031E-16));
#2981=DIRECTION('',(0.,-2.22044604925031E-16,-1.));
#2982=DIRECTION('center_axis',(1.,0.,0.));
#2983=DIRECTION('ref_axis',(0.,-1.,2.22044604925031E-16));
#2984=DIRECTION('',(0.,-2.22044604925031E-16,-1.));
#2985=DIRECTION('',(0.,-1.,2.22044604925031E-16));
#2986=DIRECTION('center_axis',(0.,1.,-2.22044604925031E-16));
#2987=DIRECTION('ref_axis',(1.,0.,0.));
#2988=DIRECTION('',(-1.45491337696646E-16,-2.22044604925031E-16,-1.));
#2989=DIRECTION('',(1.,2.52823610069973E-31,1.13861631610159E-15));
#2990=DIRECTION('',(1.,-1.37210668755801E-30,-6.17941916679884E-15));
#2991=DIRECTION('center_axis',(0.,2.22044604925031E-16,1.));
#2992=DIRECTION('ref_axis',(0.,-1.,2.22044604925031E-16));
#2993=DIRECTION('',(0.,-1.,2.22044604925031E-16));
#2994=DIRECTION('',(1.,0.,0.));
#2995=DIRECTION('center_axis',(-1.,0.,0.));
#2996=DIRECTION('ref_axis',(0.,1.,-2.22044604925031E-16));
#2997=DIRECTION('',(0.,2.22044604925031E-16,1.));
#2998=DIRECTION('center_axis',(-1.,2.14821693953495E-26,9.67470900840058E-11));
#2999=DIRECTION('ref_axis',(-1.29905363164358E-11,-0.990944244262157,-0.13427399138963));
#3000=DIRECTION('',(-1.,2.14821693953495E-26,9.67470900840058E-11));
#3001=DIRECTION('center_axis',(0.,1.,-2.22044604925031E-16));
#3002=DIRECTION('ref_axis',(1.,0.,0.));
#3003=DIRECTION('center_axis',(0.,-2.22044604925031E-16,-1.));
#3004=DIRECTION('ref_axis',(0.,1.,-2.22044604925031E-16));
#3005=DIRECTION('',(-1.,0.,0.));
#3006=DIRECTION('center_axis',(0.,1.,-2.22044604925031E-16));
#3007=DIRECTION('ref_axis',(1.,0.,0.));
#3008=DIRECTION('center_axis',(-1.,3.86718986246313E-32,1.74162748235599E-16));
#3009=DIRECTION('ref_axis',(0.,1.,-2.22044604925031E-16));
#3010=DIRECTION('',(1.74162748235599E-16,2.22044604925031E-16,1.));
#3011=DIRECTION('',(0.,-1.,2.22044604925031E-16));
#3012=DIRECTION('',(1.74162748235599E-16,2.22044604925031E-16,1.));
#3013=DIRECTION('',(-1.317559854971E-11,-2.22044604925031E-16,-1.));
#3014=DIRECTION('',(1.74162748235599E-16,2.22044604925031E-16,1.));
#3015=DIRECTION('',(-1.45491337696646E-16,-2.22044604925031E-16,-1.));
#3016=DIRECTION('',(1.74162748235599E-16,2.22044604925031E-16,1.));
#3017=DIRECTION('',(0.,1.,-2.22044604925031E-16));
#3018=DIRECTION('center_axis',(0.,1.,-2.22044604925031E-16));
#3019=DIRECTION('ref_axis',(1.,0.,0.));
#3020=DIRECTION('center_axis',(0.,1.,-2.22044604925031E-16));
#3021=DIRECTION('ref_axis',(0.108175744047146,2.20741599717637E-16,0.994131786233519));
#3022=DIRECTION('',(-1.00300958894957E-15,-2.22044604925031E-16,-1.));
#3023=DIRECTION('center_axis',(0.,1.,-2.22044604925031E-16));
#3024=DIRECTION('ref_axis',(0.434070280134073,2.00035324014226E-16,0.900879010691407));
#3025=DIRECTION('center_axis',(0.,1.,-2.22044604925031E-16));
#3026=DIRECTION('ref_axis',(1.,0.,0.));
#3027=DIRECTION('center_axis',(0.,1.,-2.22044604925031E-16));
#3028=DIRECTION('ref_axis',(1.,0.,0.));
#3029=DIRECTION('center_axis',(0.,1.,-2.22044604925031E-16));
#3030=DIRECTION('ref_axis',(1.,0.,0.));
#3031=DIRECTION('center_axis',(0.,-1.,2.22044604925031E-16));
#3032=DIRECTION('ref_axis',(0.434070280134073,2.00035324014226E-16,0.900879010691407));
#3033=DIRECTION('',(-1.06188436807195E-15,-2.22044604925031E-16,-1.));
#3034=DIRECTION('center_axis',(0.,1.,-2.22044604925031E-16));
#3035=DIRECTION('ref_axis',(1.,0.,0.));
#3036=DIRECTION('center_axis',(0.,1.,-2.22044604925031E-16));
#3037=DIRECTION('ref_axis',(0.382767953888356,-2.05134691015969E-16,-0.923844518020279));
#3038=DIRECTION('',(-1.,1.16916593007691E-26,5.26545524702865E-11));
#3039=DIRECTION('',(5.0539258597404E-15,2.22044604925031E-16,1.));
#3040=DIRECTION('center_axis',(0.,-1.,2.22044604925031E-16));
#3041=DIRECTION('ref_axis',(0.108175744047146,2.20741599717637E-16,0.994131786233519));
#3042=DIRECTION('',(1.,2.52823610069973E-31,1.13861631610159E-15));
#3043=DIRECTION('center_axis',(0.,1.,-2.22044604925031E-16));
#3044=DIRECTION('ref_axis',(0.382767953766074,2.05134691027218E-16,0.923844518070943));
#3045=DIRECTION('center_axis',(0.,-1.,2.22044604925031E-16));
#3046=DIRECTION('ref_axis',(0.434070280134073,2.00035324014226E-16,0.900879010691407));
#3047=DIRECTION('',(0.,-1.,2.22044604925031E-16));
#3048=DIRECTION('center_axis',(0.,1.,-2.22044604925031E-16));
#3049=DIRECTION('ref_axis',(0.434070280134073,2.00035324014226E-16,0.900879010691407));
#3050=DIRECTION('',(0.,-1.,2.22044604925031E-16));
#3051=DIRECTION('center_axis',(1.,-1.12219697084646E-30,-5.0539258597404E-15));
#3052=DIRECTION('ref_axis',(0.,-1.,2.22044604925031E-16));
#3053=DIRECTION('',(-5.0539258597404E-15,-2.22044604925031E-16,-1.));
#3054=DIRECTION('',(0.,-1.,2.22044604925031E-16));
#3055=DIRECTION('center_axis',(-1.,2.35785694984602E-31,1.06188436807195E-15));
#3056=DIRECTION('ref_axis',(0.,1.,-2.22044604925031E-16));
#3057=DIRECTION('',(1.06188436807195E-15,2.22044604925031E-16,1.));
#3058=DIRECTION('center_axis',(0.,-1.,2.22044604925031E-16));
#3059=DIRECTION('ref_axis',(-0.985532428589032,-3.76336667693051E-17,-0.169486967638828));
#3060=DIRECTION('center_axis',(0.,1.,-2.22044604925031E-16));
#3061=DIRECTION('ref_axis',(0.108175744047146,2.20741599717637E-16,0.994131786233519));
#3062=DIRECTION('',(0.,-1.,2.22044604925031E-16));
#3063=DIRECTION('center_axis',(1.,-2.22712867914326E-31,-1.00300958894957E-15));
#3064=DIRECTION('ref_axis',(0.,-1.,2.22044604925031E-16));
#3065=DIRECTION('',(-1.00300958894957E-15,-2.22044604925031E-16,-1.));
#3066=DIRECTION('center_axis',(0.,-1.,2.22044604925031E-16));
#3067=DIRECTION('ref_axis',(1.,0.,0.));
#3068=DIRECTION('',(0.,-1.,2.22044604925031E-16));
#3069=DIRECTION('center_axis',(0.,1.,-2.22044604925031E-16));
#3070=DIRECTION('ref_axis',(1.,0.,0.));
#3071=DIRECTION('center_axis',(0.,1.,-2.22044604925031E-16));
#3072=DIRECTION('ref_axis',(1.,0.,0.));
#3073=DIRECTION('center_axis',(0.,1.,-2.22044604925031E-16));
#3074=DIRECTION('ref_axis',(1.,0.,0.));
#3075=DIRECTION('center_axis',(0.218926713245566,0.182230996439246,0.958573397379801));
#3076=DIRECTION('ref_axis',(-0.039047657512533,-0.979982063914611,0.195218940803509));
#3077=DIRECTION('center_axis',(0.525638001944215,0.226387168535813,0.8200326462004));
#3078=DIRECTION('ref_axis',(2.08166817117217E-15,-0.963940990485619,0.266116077796146));
#3079=DIRECTION('center_axis',(0.417713731337708,0.215733627297461,0.882595173737659));
#3080=DIRECTION('ref_axis',(1.38777878078145E-15,-0.971402017230205,0.237440773501706));
#3081=DIRECTION('center_axis',(-1.,1.37210668755801E-30,6.17941916679884E-15));
#3082=DIRECTION('ref_axis',(8.40276608182047E-16,-0.990944244265419,0.13427399136556));
#3083=DIRECTION('center_axis',(0.364937199153014,0.224420947435402,-0.90357959197104));
#3084=DIRECTION('ref_axis',(0.169584256734055,-0.970301295612091,-0.172500943769752));
#3085=DIRECTION('center_axis',(0.242942785977887,0.211384386269371,-0.946728812270348));
#3086=DIRECTION('ref_axis',(0.166814718803869,-0.970532963125909,-0.173892544625781));
#3087=DIRECTION('center_axis',(0.218926713033527,0.182230996443786,-0.958573397427365));
#3088=DIRECTION('ref_axis',(0.021995509720751,-0.983077318593196,-0.181865838517674));
#3089=DIRECTION('center_axis',(-0.0372228961519341,0.1809791869754,-0.982782269825716));
#3090=DIRECTION('ref_axis',(0.0220075698151295,-0.983076839541402,-0.181866969040894));
#3091=DIRECTION('center_axis',(0.387851770399553,0.182754330509129,-0.903422303730704));
#3092=DIRECTION('ref_axis',(0.426247337159553,-0.904606659031643,2.00863028217234E-16));
#3093=DIRECTION('center_axis',(0.805614205159407,0.150007154098355,-0.573134893515208));
#3094=DIRECTION('ref_axis',(0.183055870903679,-0.983102511505131,2.18292608767963E-16));
#3095=DIRECTION('center_axis',(1.45491337696646E-16,2.22044604925031E-16,
1.));
#3096=DIRECTION('ref_axis',(0.218395674142496,-0.975860302254296,2.16684515276077E-16));
#3097=DIRECTION('',(1.45491337696646E-16,2.22044604925031E-16,1.));
#3098=DIRECTION('center_axis',(4.29393487280974E-17,-0.950928530844685,
0.309410615890226));
#3099=DIRECTION('ref_axis',(-1.7175739491239E-16,-0.309410615890226,-0.950928530844685));
#3100=DIRECTION('center_axis',(-0.514495755427527,1.19001048697407E-16,
0.857492925712544));
#3101=DIRECTION('ref_axis',(0.857492925712544,1.14241006749511E-16,0.514495755427527));
#3102=DIRECTION('center_axis',(0.426247337159453,-0.90460665903169,1.38847732944282E-16));
#3103=DIRECTION('ref_axis',(-0.90460665903169,-0.426247337159453,9.46459215799172E-17));
#3104=DIRECTION('',(0.376690246028641,0.177495061196562,0.909175429605151));
#3105=DIRECTION('center_axis',(-0.0598293683035567,0.191265882849182,0.97971312573953));
#3106=DIRECTION('ref_axis',(-0.0897450905040953,-0.978527264650445,0.185553795612297));
#3107=DIRECTION('center_axis',(-0.218812309531461,0.186965857448776,0.957687287869037));
#3108=DIRECTION('ref_axis',(-0.0832136653399512,-0.981471314980981,0.172596476702724));
#3109=DIRECTION('center_axis',(-0.376690246028641,-0.177495061196562,-0.909175429605151));
#3110=DIRECTION('ref_axis',(0.219363040980775,-0.970647236563277,0.0986093220935038));
#3111=DIRECTION('center_axis',(0.376690246028642,0.177495061196562,0.909175429605151));
#3112=DIRECTION('ref_axis',(0.,-0.98147131498098,0.191609127834522));
#3113=DIRECTION('',(-0.376690246028641,-0.177495061196562,-0.909175429605151));
#3114=DIRECTION('center_axis',(0.700464020815317,0.136749080751778,0.700464020815333));
#3115=DIRECTION('ref_axis',(-6.9388939039072E-16,-0.98147131498098,0.191609127834521));
#3116=DIRECTION('center_axis',(2.18169279266382E-16,0.98147131498098,-0.191609127834522));
#3117=DIRECTION('ref_axis',(-1.71734240337426E-16,-0.191609127834522,-0.98147131498098));
#3118=DIRECTION('center_axis',(0.857492925712545,-3.99843523623287E-16,
-0.514495755427526));
#3119=DIRECTION('ref_axis',(0.514495755427526,1.90401677915851E-16,0.857492925712545));
#3120=DIRECTION('center_axis',(-1.,-2.52823610069973E-31,-1.13861631610159E-15));
#3121=DIRECTION('ref_axis',(-6.97126111894824E-17,-0.995357050254073,0.0962514545838665));
#3122=DIRECTION('',(-1.,-2.52823610069973E-31,-1.13861631610159E-15));
#3123=DIRECTION('center_axis',(-2.18169279266382E-16,-0.98147131498098,
0.191609127834522));
#3124=DIRECTION('ref_axis',(-1.,2.22287983292319E-16,-4.93578474297249E-32));
#3125=DIRECTION('center_axis',(-0.376690246150609,-0.177495061172984,0.90917542955922));
#3126=DIRECTION('ref_axis',(0.219363040883402,-0.970647236585779,-0.0986093220886217));
#3127=DIRECTION('center_axis',(0.376690246150608,0.177495061172984,-0.909175429559221));
#3128=DIRECTION('ref_axis',(0.426247336989089,-0.904606659111965,-5.61613986279428E-12));
#3129=DIRECTION('',(0.376690246150609,0.177495061172984,-0.90917542955922));
#3130=DIRECTION('',(-0.376690246150609,-0.177495061172984,0.90917542955922));
#3131=DIRECTION('center_axis',(0.700464020793325,0.136749080741008,-0.700464020839427));
#3132=DIRECTION('ref_axis',(0.191609127823353,-0.98147131498316,-2.52276389305029E-12));
#3133=DIRECTION('center_axis',(1.00890928747607E-11,0.98147131498316,0.191609127823354));
#3134=DIRECTION('ref_axis',(1.14546738298387E-11,-0.191609127823354,0.98147131498316));
#3135=DIRECTION('center_axis',(-1.14062416866709E-11,-0.950928530850193,
-0.309410615873299));
#3136=DIRECTION('ref_axis',(1.01442923184118E-11,-0.309410615873299,0.950928530850193));
#3137=DIRECTION('center_axis',(-0.514495755453759,-1.90401677912356E-16,
-0.857492925696804));
#3138=DIRECTION('ref_axis',(0.857492925696804,-1.14241006755336E-16,-0.514495755453759));
#3139=DIRECTION('center_axis',(0.857492925730674,2.33242055442724E-16,0.514495755397311));
#3140=DIRECTION('ref_axis',(0.514495755397311,-1.90401677919877E-16,-0.857492925730674));
#3141=DIRECTION('center_axis',(-1.317559854971E-11,-2.22044604925031E-16,
-1.));
#3142=DIRECTION('ref_axis',(0.218395674050604,-0.975860302274861,-2.87699229993851E-12));
#3143=DIRECTION('',(1.317559854971E-11,2.22044604925031E-16,1.));
#3144=DIRECTION('',(-1.317559854971E-11,-2.22044604925031E-16,-1.));
#3145=DIRECTION('center_axis',(-0.426247336989088,0.904606659111965,5.61586293202295E-12));
#3146=DIRECTION('ref_axis',(0.904606659111965,0.426247336989088,-9.46459215420888E-17));
#3147=DIRECTION('center_axis',(-0.0598293679885888,0.191265882842244,-0.979713125760119));
#3148=DIRECTION('ref_axis',(-1.00891517362811E-11,-0.98147131498316,-0.191609127823354));
#3149=DIRECTION('center_axis',(-0.218812309470243,0.186965857442677,-0.957687287884215));
#3150=DIRECTION('ref_axis',(-1.00888047915859E-11,-0.98147131498316,-0.191609127823357));
#3151=DIRECTION('center_axis',(-1.,1.16916593007691E-26,5.26545524702865E-11));
#3152=DIRECTION('ref_axis',(-5.06810683347258E-12,-0.995357050254621,-0.0962514545782033));
#3153=DIRECTION('',(-1.,1.16916593007691E-26,5.26545524702865E-11));
#3154=DIRECTION('',(1.,-1.16916593007691E-26,-5.26545524702865E-11));
#3155=DIRECTION('center_axis',(1.00890928747607E-11,0.98147131498316,0.191609127823354));
#3156=DIRECTION('ref_axis',(1.,-1.02795595966386E-11,2.28252074943894E-27));
#3157=DIRECTION('center_axis',(0.525638002122499,0.226387168533289,-0.820032646086818));
#3158=DIRECTION('ref_axis',(0.184905952292322,-0.971299441080828,-0.149623475975334));
#3159=DIRECTION('center_axis',(0.417713731340467,0.215733627277849,-0.882595173741148));
#3160=DIRECTION('ref_axis',(0.183621516883185,-0.971402017233435,-0.150536571810082));
#3161=DIRECTION('center_axis',(0.364937199376383,0.224420947393102,0.903579591891331));
#3162=DIRECTION('ref_axis',(-0.0708638671611985,-0.961003165158416,0.267303626773874));
#3163=DIRECTION('center_axis',(0.242942785864787,0.211384386201374,0.946728812314553));
#3164=DIRECTION('ref_axis',(-0.0624701483324379,-0.970532963141355,0.232729989523018));
#3165=DIRECTION('center_axis',(-0.0372228962657703,0.180979186976702,0.982782269821164));
#3166=DIRECTION('ref_axis',(-0.0357012150553638,-0.983076839541093,0.179681247773567));
#3167=DIRECTION('center_axis',(0.387851770595636,0.182754330506651,0.903422303647024));
#3168=DIRECTION('ref_axis',(0.062660156258807,-0.983106819175333,0.171972924928844));
#3169=DIRECTION('center_axis',(0.805614205138311,0.150007154093716,0.573134893546076));
#3170=DIRECTION('ref_axis',(0.060025724834116,-0.983102511777605,0.172934564777265));
#3171=DIRECTION('center_axis',(0.,1.,-2.22044604925031E-16));
#3172=DIRECTION('ref_axis',(1.,0.,0.));
#3173=DIRECTION('center_axis',(0.,1.,-2.22044604925031E-16));
#3174=DIRECTION('ref_axis',(1.,0.,0.));
#3175=DIRECTION('center_axis',(0.,-1.,2.22044604925031E-16));
#3176=DIRECTION('ref_axis',(1.,0.,0.));
#3177=DIRECTION('center_axis',(1.22464679914735E-16,2.22044604925031E-16,
1.));
#3178=DIRECTION('ref_axis',(-1.,0.,1.22464679914735E-16));
#3179=DIRECTION('center_axis',(0.,1.,-2.22044604925031E-16));
#3180=DIRECTION('ref_axis',(1.,0.,0.));
#3181=DIRECTION('center_axis',(0.,1.,-2.22044604925031E-16));
#3182=DIRECTION('ref_axis',(1.,0.,0.));
#3183=DIRECTION('',(0.,1.,-2.22044604925031E-16));
#3184=DIRECTION('center_axis',(0.,1.,-2.22044604925031E-16));
#3185=DIRECTION('ref_axis',(1.,0.,1.23086524559069E-16));
#3186=DIRECTION('center_axis',(0.,-1.,2.22044604925031E-16));
#3187=DIRECTION('ref_axis',(1.,2.73306987173136E-32,1.23086524559069E-16));
#3188=DIRECTION('center_axis',(0.,-1.,2.22044604925031E-16));
#3189=DIRECTION('ref_axis',(1.,2.73306987173136E-32,1.23086524559069E-16));
#3190=DIRECTION('center_axis',(-2.45551204473804E-16,2.22044604925031E-16,
1.));
#3191=DIRECTION('ref_axis',(-1.,0.,-2.45551204473804E-16));
#3192=DIRECTION('center_axis',(0.,1.,-2.22044604925031E-16));
#3193=DIRECTION('ref_axis',(-1.,0.,0.));
#3194=DIRECTION('center_axis',(0.,1.,-2.22044604925031E-16));
#3195=DIRECTION('ref_axis',(-1.,0.,0.));
#3196=DIRECTION('',(0.,-1.,2.22044604925031E-16));
#3197=DIRECTION('center_axis',(0.,-1.,2.22044604925031E-16));
#3198=DIRECTION('ref_axis',(-1.,0.,0.));
#3199=DIRECTION('center_axis',(-1.22464679914735E-16,2.22044604925031E-16,
1.));
#3200=DIRECTION('ref_axis',(1.,0.,1.22464679914735E-16));
#3201=DIRECTION('center_axis',(0.,-1.,2.22044604925031E-16));
#3202=DIRECTION('ref_axis',(-1.,0.,0.));
#3203=DIRECTION('center_axis',(0.,-1.,2.22044604925031E-16));
#3204=DIRECTION('ref_axis',(-1.,0.,0.));
#3205=DIRECTION('center_axis',(0.,-1.,2.22044604925031E-16));
#3206=DIRECTION('ref_axis',(-1.,0.,0.));
#3207=DIRECTION('center_axis',(0.,-1.,2.22044604925031E-16));
#3208=DIRECTION('ref_axis',(-1.,0.,0.));
#3209=DIRECTION('center_axis',(0.,-1.,2.22044604925031E-16));
#3210=DIRECTION('ref_axis',(-1.,0.,0.));
#3211=DIRECTION('center_axis',(0.,1.,-2.22044604925031E-16));
#3212=DIRECTION('ref_axis',(-1.,0.,0.));
#3213=DIRECTION('',(0.,-1.,2.22044604925031E-16));
#3214=DIRECTION('center_axis',(0.,-1.,2.22044604925031E-16));
#3215=DIRECTION('ref_axis',(-1.,0.,0.));
#3216=DIRECTION('center_axis',(0.,-1.,2.22044604925031E-16));
#3217=DIRECTION('ref_axis',(-1.,0.,0.));
#3218=DIRECTION('center_axis',(0.,-1.,2.22044604925031E-16));
#3219=DIRECTION('ref_axis',(-1.,0.,0.));
#3220=DIRECTION('center_axis',(0.,-1.,2.22044604925031E-16));
#3221=DIRECTION('ref_axis',(-1.,0.,0.));
#3222=DIRECTION('center_axis',(0.,-1.,2.22044604925031E-16));
#3223=DIRECTION('ref_axis',(-1.,0.,0.));
#3224=DIRECTION('center_axis',(0.,-1.,2.22044604925031E-16));
#3225=DIRECTION('ref_axis',(-1.,0.,0.));
#3226=DIRECTION('center_axis',(0.,-1.,2.22044604925031E-16));
#3227=DIRECTION('ref_axis',(-1.,0.,0.));
#3228=DIRECTION('center_axis',(0.,-1.,2.22044604925031E-16));
#3229=DIRECTION('ref_axis',(-1.,0.,0.));
#3230=DIRECTION('center_axis',(0.,-1.,2.22044604925031E-16));
#3231=DIRECTION('ref_axis',(-1.,0.,0.));
#3232=DIRECTION('center_axis',(0.,-1.,2.22044604925031E-16));
#3233=DIRECTION('ref_axis',(-1.,0.,0.));
#3234=DIRECTION('center_axis',(0.,-1.,2.22044604925031E-16));
#3235=DIRECTION('ref_axis',(-1.,0.,0.));
#3236=DIRECTION('center_axis',(0.,-1.,2.22044604925031E-16));
#3237=DIRECTION('ref_axis',(-1.,0.,0.));
#3238=DIRECTION('center_axis',(0.,-1.,2.22044604925031E-16));
#3239=DIRECTION('ref_axis',(-1.,0.,0.));
#3240=DIRECTION('center_axis',(0.,-1.,2.22044604925031E-16));
#3241=DIRECTION('ref_axis',(-1.,0.,0.));
#3242=DIRECTION('center_axis',(0.,1.,-2.22044604925031E-16));
#3243=DIRECTION('ref_axis',(-1.,0.,0.));
#3244=DIRECTION('',(0.,1.,-2.22044604925031E-16));
#3245=DIRECTION('center_axis',(0.,1.,-2.22044604925031E-16));
#3246=DIRECTION('ref_axis',(-1.,0.,0.));
#3247=DIRECTION('center_axis',(0.,-1.,2.22044604925031E-16));
#3248=DIRECTION('ref_axis',(0.951056516295154,-6.86155564311057E-17,-0.309016994374947));
#3249=DIRECTION('',(0.,-1.,2.22044604925031E-16));
#3250=DIRECTION('center_axis',(0.,1.,-2.22044604925031E-16));
#3251=DIRECTION('ref_axis',(-1.,0.,0.));
#3252=DIRECTION('',(0.,1.,-2.22044604925031E-16));
#3253=DIRECTION('center_axis',(0.,1.,-2.22044604925031E-16));
#3254=DIRECTION('ref_axis',(-1.,0.,0.));
#3255=DIRECTION('center_axis',(0.,-1.,2.22044604925031E-16));
#3256=DIRECTION('ref_axis',(-1.,0.,0.));
#3257=DIRECTION('',(0.,1.,-2.22044604925031E-16));
#3258=DIRECTION('center_axis',(0.,1.,-2.22044604925031E-16));
#3259=DIRECTION('ref_axis',(-1.,0.,0.));
#3260=DIRECTION('center_axis',(0.,1.,-2.22044604925031E-16));
#3261=DIRECTION('ref_axis',(-1.,0.,0.));
#3262=DIRECTION('center_axis',(0.,-1.,2.22044604925031E-16));
#3263=DIRECTION('ref_axis',(0.587785252292473,1.79637858893621E-16,0.809016994374947));
#3264=DIRECTION('',(0.,1.,-2.22044604925031E-16));
#3265=DIRECTION('center_axis',(0.,1.,-2.22044604925031E-16));
#3266=DIRECTION('ref_axis',(-1.,0.,0.));
#3267=DIRECTION('center_axis',(0.,1.,-2.22044604925031E-16));
#3268=DIRECTION('ref_axis',(-1.,0.,0.));
#3269=DIRECTION('center_axis',(0.,-1.,2.22044604925031E-16));
#3270=DIRECTION('ref_axis',(-1.,0.,0.));
#3271=DIRECTION('center_axis',(0.,1.,-2.22044604925031E-16));
#3272=DIRECTION('ref_axis',(-1.,0.,0.));
#3273=DIRECTION('center_axis',(0.,1.,-2.22044604925031E-16));
#3274=DIRECTION('ref_axis',(-1.,0.,0.));
#3275=DIRECTION('center_axis',(0.,-1.,2.22044604925031E-16));
#3276=DIRECTION('ref_axis',(-1.,0.,0.));
#3277=DIRECTION('center_axis',(0.,1.,-2.22044604925031E-16));
#3278=DIRECTION('ref_axis',(-1.,0.,0.));
#3279=DIRECTION('',(0.,1.,-2.22044604925031E-16));
#3280=DIRECTION('center_axis',(0.,-1.,2.22044604925031E-16));
#3281=DIRECTION('ref_axis',(-1.,0.,0.));
#3282=DIRECTION('center_axis',(0.,1.,-2.22044604925031E-16));
#3283=DIRECTION('ref_axis',(-1.,0.,0.));
#3284=DIRECTION('center_axis',(0.,1.,-2.22044604925031E-16));
#3285=DIRECTION('ref_axis',(-1.,0.,0.));
#3286=DIRECTION('center_axis',(0.,1.,-2.22044604925031E-16));
#3287=DIRECTION('ref_axis',(-1.,0.,0.));
#3288=DIRECTION('center_axis',(0.,1.,-2.22044604925031E-16));
#3289=DIRECTION('ref_axis',(-1.,0.,0.));
#3290=DIRECTION('center_axis',(0.,1.,-2.22044604925031E-16));
#3291=DIRECTION('ref_axis',(-1.,0.,0.));
#3292=DIRECTION('center_axis',(0.,1.,-2.22044604925031E-16));
#3293=DIRECTION('ref_axis',(-1.,0.,0.));
#3294=DIRECTION('center_axis',(0.,1.,-2.22044604925031E-16));
#3295=DIRECTION('ref_axis',(-1.,0.,0.));
#3296=DIRECTION('center_axis',(0.,-1.,2.22044604925031E-16));
#3297=DIRECTION('ref_axis',(-1.,0.,0.));
#3298=DIRECTION('center_axis',(0.,-1.,2.22044604925031E-16));
#3299=DIRECTION('ref_axis',(-1.,0.,0.));
#3300=DIRECTION('',(0.,-1.,2.22044604925031E-16));
#3301=DIRECTION('center_axis',(0.,-1.,2.22044604925031E-16));
#3302=DIRECTION('ref_axis',(-1.,0.,0.));
#3303=DIRECTION('',(0.,-1.,2.22044604925031E-16));
#3304=DIRECTION('center_axis',(0.,-1.,2.22044604925031E-16));
#3305=DIRECTION('ref_axis',(-1.,0.,0.));
#3306=DIRECTION('',(0.,-1.,2.22044604925031E-16));
#3307=DIRECTION('center_axis',(0.,-1.,2.22044604925031E-16));
#3308=DIRECTION('ref_axis',(-1.,0.,0.));
#3309=DIRECTION('',(0.,-1.,2.22044604925031E-16));
#3310=DIRECTION('center_axis',(0.,-1.,2.22044604925031E-16));
#3311=DIRECTION('ref_axis',(-1.,0.,0.));
#3312=DIRECTION('',(0.,-1.,2.22044604925031E-16));
#3313=DIRECTION('center_axis',(0.,-1.,2.22044604925031E-16));
#3314=DIRECTION('ref_axis',(-1.,0.,0.));
#3315=DIRECTION('',(0.,-1.,2.22044604925031E-16));
#3316=CARTESIAN_POINT('',(0.,0.,0.));
#3317=CARTESIAN_POINT('Ctrl Pts',(-2.3356734161463,-2.2425158750462,-0.966188515503942));
#3318=CARTESIAN_POINT('Ctrl Pts',(-2.3285740913118,-2.24143187562932,-0.96022937807724));
#3319=CARTESIAN_POINT('Ctrl Pts',(-2.32192644807851,-2.24008969672911,-0.954199368594083));
#3320=CARTESIAN_POINT('Ctrl Pts',(-2.31599830908829,-2.23848732940335,-0.948395181339101));
#3321=CARTESIAN_POINT('Ctrl Pts',(-2.31970283887446,-2.24698981236382,-0.983309256349751));
#3322=CARTESIAN_POINT('Ctrl Pts',(-2.31209975637185,-2.24589395774929,-0.976921984061777));
#3323=CARTESIAN_POINT('Ctrl Pts',(-2.30493410213628,-2.2445229181943,-0.970448069304214));
#3324=CARTESIAN_POINT('Ctrl Pts',(-2.29846110875116,-2.24284971093975,-0.96419685109873));
#3325=CARTESIAN_POINT('Ctrl Pts',(-2.29243043830782,-2.26995321743291,-1.00971958434322));
#3326=CARTESIAN_POINT('Ctrl Pts',(-2.28379810108891,-2.26883561306117,-1.00238237270327));
#3327=CARTESIAN_POINT('Ctrl Pts',(-2.27555540504393,-2.26742929691488,-0.994905166341638));
#3328=CARTESIAN_POINT('Ctrl Pts',(-2.26789435894578,-2.26567305552734,-0.987536868635641));
#3329=CARTESIAN_POINT('Ctrl Pts',(-2.27770352712201,-2.30960428022075,-1.01895496109522));
#3330=CARTESIAN_POINT('Ctrl Pts',(-2.26823871919685,-2.30844984896937,-1.01069886112095));
#3331=CARTESIAN_POINT('Ctrl Pts',(-2.25911912922415,-2.30701884086448,-1.00217741791103));
#3332=CARTESIAN_POINT('Ctrl Pts',(-2.25045601259642,-2.30520866728139,-0.993532372617827));
#3333=CARTESIAN_POINT('Ctrl Pts',(-2.27456140514458,-2.32720131154341,-1.01924021486123));
#3334=CARTESIAN_POINT('Ctrl Pts',(-2.26482957712338,-2.32602511112958,-1.0106512186781));
#3335=CARTESIAN_POINT('Ctrl Pts',(-2.25542467944647,-2.32457618644181,-1.00173629387624));
#3336=CARTESIAN_POINT('Ctrl Pts',(-2.24643742067417,-2.32273352241889,-0.992591138000312));
#3337=CARTESIAN_POINT('',(-2.24643742067417,-2.32273352241889,-0.992591138000315));
#3338=CARTESIAN_POINT('',(-2.31599830908856,-2.23848732940345,-0.948395181339432));
#3339=CARTESIAN_POINT('Origin',(-2.31599830908813,-2.33488142845185,-0.92178357355926));
#3340=CARTESIAN_POINT('',(-2.3356734161463,-2.2425158750462,-0.966188515503942));
#3341=CARTESIAN_POINT('Ctrl Pts',(-2.31599830908829,-2.23848732940335,-0.948395181339101));
#3342=CARTESIAN_POINT('Ctrl Pts',(-2.32192644807851,-2.24008969672911,-0.954199368594083));
#3343=CARTESIAN_POINT('Ctrl Pts',(-2.3285740913118,-2.24143187562932,-0.96022937807724));
#3344=CARTESIAN_POINT('Ctrl Pts',(-2.3356734161463,-2.2425158750462,-0.966188515503942));
#3345=CARTESIAN_POINT('',(-2.27456140514458,-2.32720131154341,-1.01924021486123));
#3346=CARTESIAN_POINT('Origin',(-2.33931717482671,-2.33998184365691,-0.944117992504788));
#3347=CARTESIAN_POINT('Ctrl Pts',(-2.27456140514458,-2.32720131154341,-1.01924021486123));
#3348=CARTESIAN_POINT('Ctrl Pts',(-2.26482957712338,-2.32602511112958,-1.0106512186781));
#3349=CARTESIAN_POINT('Ctrl Pts',(-2.25542467944647,-2.32457618644181,-1.00173629387624));
#3350=CARTESIAN_POINT('Ctrl Pts',(-2.24643742067417,-2.32273352241889,-0.992591138000312));
#3351=CARTESIAN_POINT('Ctrl Pts',(-2.31599830908814,-2.23848732940331,-0.948395181338913));
#3352=CARTESIAN_POINT('Ctrl Pts',(-2.30656728559179,-2.23580237032312,-0.938669567852506));
#3353=CARTESIAN_POINT('Ctrl Pts',(-2.29754013911452,-2.23301298143292,-0.928565682691068));
#3354=CARTESIAN_POINT('Ctrl Pts',(-2.2889505013323,-2.23013500169047,-0.918140898640059));
#3355=CARTESIAN_POINT('Ctrl Pts',(-2.29846110875102,-2.2428497109397,-0.96419685109856));
#3356=CARTESIAN_POINT('Ctrl Pts',(-2.28846153572352,-2.24006487735051,-0.954123328658422));
#3357=CARTESIAN_POINT('Ctrl Pts',(-2.27888038596744,-2.23718239905725,-0.943652258276202));
#3358=CARTESIAN_POINT('Ctrl Pts',(-2.26974159366115,-2.23419505760396,-0.932847467108521));
#3359=CARTESIAN_POINT('Ctrl Pts',(-2.26789428822899,-2.26567296262916,-0.987536962856679));
#3360=CARTESIAN_POINT('Ctrl Pts',(-2.25691394228446,-2.26294428781081,-0.976789555553096));
#3361=CARTESIAN_POINT('Ctrl Pts',(-2.24635673288203,-2.26010931810266,-0.965618135301607));
#3362=CARTESIAN_POINT('Ctrl Pts',(-2.23627332781938,-2.25719016536074,-0.954075803868102));
#3363=CARTESIAN_POINT('Ctrl Pts',(-2.2504560125964,-2.30520866728138,-0.993532372617799));
#3364=CARTESIAN_POINT('Ctrl Pts',(-2.23908399130124,-2.30276186881606,-0.982164410511926));
#3365=CARTESIAN_POINT('Ctrl Pts',(-2.22818063559723,-2.30023238267365,-0.97034930820134));
#3366=CARTESIAN_POINT('Ctrl Pts',(-2.21778016181935,-2.29763113490178,-0.958148915222258));
#3367=CARTESIAN_POINT('Ctrl Pts',(-2.24643742067417,-2.3227335224189,-0.992591138000317));
#3368=CARTESIAN_POINT('Ctrl Pts',(-2.23504645230276,-2.32039802411673,-0.981000041763576));
#3369=CARTESIAN_POINT('Ctrl Pts',(-2.22413921477277,-2.31798856320025,-0.968956387373252));
#3370=CARTESIAN_POINT('Ctrl Pts',(-2.21375809306841,-2.31551062535874,-0.956526944200907));
#3371=CARTESIAN_POINT('',(-2.21375809306841,-2.31551062535874,-0.956526944200907));
#3372=CARTESIAN_POINT('',(-2.2889505013323,-2.23013500169048,-0.918140898640059));
#3373=CARTESIAN_POINT('Origin',(-2.28895050133229,-2.32652910073903,-0.89152929086041));
#3374=CARTESIAN_POINT('Ctrl Pts',(-2.2889505013323,-2.23013500169047,-0.918140898640059));
#3375=CARTESIAN_POINT('Ctrl Pts',(-2.29754013911452,-2.23301298143292,-0.928565682691068));
#3376=CARTESIAN_POINT('Ctrl Pts',(-2.30656728559179,-2.23580237032312,-0.938669567852506));
#3377=CARTESIAN_POINT('Ctrl Pts',(-2.31599830908814,-2.23848732940331,-0.948395181338913));
#3378=CARTESIAN_POINT('Ctrl Pts',(-2.24643742067417,-2.3227335224189,-0.992591138000317));
#3379=CARTESIAN_POINT('Ctrl Pts',(-2.23504645230276,-2.32039802411673,-0.981000041763576));
#3380=CARTESIAN_POINT('Ctrl Pts',(-2.22413921477277,-2.31798856320025,-0.968956387373252));
#3381=CARTESIAN_POINT('Ctrl Pts',(-2.21375809306841,-2.31551062535874,-0.956526944200907));
#3382=CARTESIAN_POINT('Ctrl Pts',(-2.2889505013323,-2.23013500169047,-0.918140898640059));
#3383=CARTESIAN_POINT('Ctrl Pts',(-2.22651205086479,-2.20921484182448,-0.842362690163056));
#3384=CARTESIAN_POINT('Ctrl Pts',(-2.06927951482634,-2.18495988403655,-0.754504984503651));
#3385=CARTESIAN_POINT('Ctrl Pts',(-1.82719819904813,-2.19373861188321,-0.786303798336271));
#3386=CARTESIAN_POINT('Ctrl Pts',(-1.7174118295051,-2.21618401422308,-0.867606827985916));
#3387=CARTESIAN_POINT('Ctrl Pts',(-1.67585495942521,-2.23014530199573,-0.918178208999265));
#3388=CARTESIAN_POINT('Ctrl Pts',(-2.26974159366115,-2.23419505760396,-0.932847467108521));
#3389=CARTESIAN_POINT('Ctrl Pts',(-2.21095155326394,-2.21448767932288,-0.861460185388585));
#3390=CARTESIAN_POINT('Ctrl Pts',(-2.06337422274271,-2.1921142504554,-0.780528214365238));
#3391=CARTESIAN_POINT('Ctrl Pts',(-1.83758471810026,-2.20016588943706,-0.809643041718137));
#3392=CARTESIAN_POINT('Ctrl Pts',(-1.73413703272579,-2.22102878973307,-0.885155860343868));
#3393=CARTESIAN_POINT('Ctrl Pts',(-1.69499288437363,-2.23417947414205,-0.932791019794879));
#3394=CARTESIAN_POINT('Ctrl Pts',(-2.2362732193382,-2.25719003503331,-0.954075929232204));
#3395=CARTESIAN_POINT('Ctrl Pts',(-2.18381331302898,-2.23955396191128,-0.890318448617634));
#3396=CARTESIAN_POINT('Ctrl Pts',(-2.05316876060857,-2.22208176097717,-0.820874739570139));
#3397=CARTESIAN_POINT('Ctrl Pts',(-1.85561260044738,-2.22809468110555,-0.845587634797267));
#3398=CARTESIAN_POINT('Ctrl Pts',(-1.76329696197395,-2.24522965078794,-0.911362416710133));
#3399=CARTESIAN_POINT('Ctrl Pts',(-1.72834035855426,-2.2569733263356,-0.953901479914881));
#3400=CARTESIAN_POINT('Ctrl Pts',(-2.21778016181935,-2.29763113490178,-0.958148915222258));
#3401=CARTESIAN_POINT('Ctrl Pts',(-2.16880962374543,-2.28110947156945,-0.898661542359697));
#3402=CARTESIAN_POINT('Ctrl Pts',(-2.04798282393366,-2.2678836325858,-0.833296815734932));
#3403=CARTESIAN_POINT('Ctrl Pts',(-1.86487545424134,-2.27207047472615,-0.856740380646056));
#3404=CARTESIAN_POINT('Ctrl Pts',(-1.7795137197308,-2.28616550150904,-0.918380396639701));
#3405=CARTESIAN_POINT('Ctrl Pts',(-1.74689977613234,-2.29712194971051,-0.958068754294474));
#3406=CARTESIAN_POINT('Ctrl Pts',(-2.21375809306841,-2.31551062535874,-0.956526944200907));
#3407=CARTESIAN_POINT('Ctrl Pts',(-2.1655276372661,-2.29922185850881,-0.89797034554936));
#3408=CARTESIAN_POINT('Ctrl Pts',(-2.04708174294483,-2.28714390544651,-0.832634244978921));
#3409=CARTESIAN_POINT('Ctrl Pts',(-1.86657569337037,-2.2908419140252,-0.856239674129643));
#3410=CARTESIAN_POINT('Ctrl Pts',(-1.78309333969299,-2.30411824465771,-0.917455801430008));
#3411=CARTESIAN_POINT('Ctrl Pts',(-1.75099088479876,-2.31490280049247,-0.956521833848385));
#3412=CARTESIAN_POINT('',(-1.75099088479876,-2.31490280049247,-0.956521833848384));
#3413=CARTESIAN_POINT('',(-1.67585495942521,-2.23014530199573,-0.918178208999265));
#3414=CARTESIAN_POINT('Origin',(-1.67585495942521,-2.32653940104428,-0.891566601219616));
#3415=CARTESIAN_POINT('Ctrl Pts',(-1.67585495942521,-2.23014530199573,-0.918178208999265));
#3416=CARTESIAN_POINT('Ctrl Pts',(-1.7174118295051,-2.21618401422308,-0.867606827985916));
#3417=CARTESIAN_POINT('Ctrl Pts',(-1.82719819904813,-2.19373861188321,-0.786303798336271));
#3418=CARTESIAN_POINT('Ctrl Pts',(-2.06927951482634,-2.18495988403655,-0.754504984503651));
#3419=CARTESIAN_POINT('Ctrl Pts',(-2.22651205086479,-2.20921484182448,-0.842362690163056));
#3420=CARTESIAN_POINT('Ctrl Pts',(-2.2889505013323,-2.23013500169047,-0.918140898640059));
#3421=CARTESIAN_POINT('Ctrl Pts',(-2.21375809306841,-2.31551062535874,-0.956526944200907));
#3422=CARTESIAN_POINT('Ctrl Pts',(-2.1655276372661,-2.29922185850881,-0.89797034554936));
#3423=CARTESIAN_POINT('Ctrl Pts',(-2.04708174294483,-2.28714390544651,-0.832634244978921));
#3424=CARTESIAN_POINT('Ctrl Pts',(-1.86657569337037,-2.2908419140252,-0.856239674129643));
#3425=CARTESIAN_POINT('Ctrl Pts',(-1.78309333969299,-2.30411824465771,-0.917455801430008));
#3426=CARTESIAN_POINT('Ctrl Pts',(-1.75099088479876,-2.31490280049247,-0.956521833848385));
#3427=CARTESIAN_POINT('Ctrl Pts',(-1.67585495942521,-2.23014530199573,-0.918178208999264));
#3428=CARTESIAN_POINT('Ctrl Pts',(-1.66049934422241,-2.2353041159863,-0.93686476228449));
#3429=CARTESIAN_POINT('Ctrl Pts',(-1.64374299089251,-2.24017415969013,-0.954505315198276));
#3430=CARTESIAN_POINT('Ctrl Pts',(-1.62572866518121,-2.24468307727697,-0.970837776283172));
#3431=CARTESIAN_POINT('Ctrl Pts',(-1.69499288437363,-2.23417947414205,-0.932791019794878));
#3432=CARTESIAN_POINT('Ctrl Pts',(-1.67865975648819,-2.23953511750272,-0.952162552939698));
#3433=CARTESIAN_POINT('Ctrl Pts',(-1.66090128844401,-2.2445679290108,-0.970441411152608));
#3434=CARTESIAN_POINT('Ctrl Pts',(-1.64185015738887,-2.24924442497893,-0.987360152752041));
#3435=CARTESIAN_POINT('Ctrl Pts',(-1.72834100585959,-2.256972542927,-0.953902228112285));
#3436=CARTESIAN_POINT('Ctrl Pts',(-1.71032573240665,-2.26221868807451,-0.974599019796747));
#3437=CARTESIAN_POINT('Ctrl Pts',(-1.69080244579082,-2.26718351721269,-0.994092053270936));
#3438=CARTESIAN_POINT('Ctrl Pts',(-1.66995875813638,-2.2717964055027,-1.01213734128777));
#3439=CARTESIAN_POINT('Ctrl Pts',(-1.74689977613234,-2.29712194971051,-0.958068754294473));
#3440=CARTESIAN_POINT('Ctrl Pts',(-1.72830603416537,-2.30181525519528,-0.979940544220969));
#3441=CARTESIAN_POINT('Ctrl Pts',(-1.70809767639992,-2.30627315074061,-1.00055901568526));
#3442=CARTESIAN_POINT('Ctrl Pts',(-1.68644264661815,-2.31046110145843,-1.01964448965183));
#3443=CARTESIAN_POINT('Ctrl Pts',(-1.75099088479876,-2.31490280049247,-0.956521833848384));
#3444=CARTESIAN_POINT('Ctrl Pts',(-1.73242316808925,-2.31937962691251,-0.978801757409027));
#3445=CARTESIAN_POINT('Ctrl Pts',(-1.71217274529572,-2.32363516302194,-0.999824980680846));
#3446=CARTESIAN_POINT('Ctrl Pts',(-1.69042275147874,-2.327650838063,-1.01928886655648));
#3447=CARTESIAN_POINT('',(-1.69042275147874,-2.327650838063,-1.01928886655648));
#3448=CARTESIAN_POINT('',(-1.62572866518121,-2.24468307727697,-0.970837776283172));
#3449=CARTESIAN_POINT('Origin',(-1.62572866518121,-2.34107717632552,-0.944226168503522));
#3450=CARTESIAN_POINT('Ctrl Pts',(-1.62572866518121,-2.24468307727697,-0.970837776283172));
#3451=CARTESIAN_POINT('Ctrl Pts',(-1.64374299089251,-2.24017415969013,-0.954505315198276));
#3452=CARTESIAN_POINT('Ctrl Pts',(-1.66049934422241,-2.2353041159863,-0.93686476228449));
#3453=CARTESIAN_POINT('Ctrl Pts',(-1.67585495942521,-2.23014530199573,-0.918178208999264));
#3454=CARTESIAN_POINT('Ctrl Pts',(-1.75099088479876,-2.31490280049247,-0.956521833848384));
#3455=CARTESIAN_POINT('Ctrl Pts',(-1.73242316808925,-2.31937962691251,-0.978801757409027));
#3456=CARTESIAN_POINT('Ctrl Pts',(-1.71217274529572,-2.32363516302194,-0.999824980680846));
#3457=CARTESIAN_POINT('Ctrl Pts',(-1.69042275147874,-2.327650838063,-1.01928886655648));
#3458=CARTESIAN_POINT('Ctrl Pts',(-1.62572866518122,-2.24468307727697,-0.970837776283172));
#3459=CARTESIAN_POINT('Ctrl Pts',(-1.56917999807873,-2.25883699475893,-1.02210691172879));
#3460=CARTESIAN_POINT('Ctrl Pts',(-1.49463175810861,-2.29152321028526,-1.14050480497362));
#3461=CARTESIAN_POINT('Ctrl Pts',(-1.49725227203233,-2.3289498274579,-1.27607365420153));
#3462=CARTESIAN_POINT('Ctrl Pts',(-1.51153644499234,-2.34397049524203,-1.33048238253345));
#3463=CARTESIAN_POINT('Ctrl Pts',(-1.64185015738887,-2.24924442497893,-0.987360152752041));
#3464=CARTESIAN_POINT('Ctrl Pts',(-1.58864863704493,-2.26271615881422,-1.03619333208911));
#3465=CARTESIAN_POINT('Ctrl Pts',(-1.51893702897569,-2.29335484707807,-1.1471767726162));
#3466=CARTESIAN_POINT('Ctrl Pts',(-1.52081579179,-2.32832568865457,-1.2738128498732));
#3467=CARTESIAN_POINT('Ctrl Pts',(-1.53423968438802,-2.34244153597416,-1.3249440981754));
#3468=CARTESIAN_POINT('Ctrl Pts',(-1.66995848136283,-2.27179680159401,-1.01213692666366));
#3469=CARTESIAN_POINT('Ctrl Pts',(-1.62255769615577,-2.28468367958931,-1.05655492747655));
#3470=CARTESIAN_POINT('Ctrl Pts',(-1.56126646554254,-2.31168925381535,-1.1546017598193));
#3471=CARTESIAN_POINT('Ctrl Pts',(-1.56189739796482,-2.34168759328855,-1.2658608907824));
#3472=CARTESIAN_POINT('Ctrl Pts',(-1.57382628048386,-2.35423125891188,-1.31129644788453));
#3473=CARTESIAN_POINT('Ctrl Pts',(-1.68644264661815,-2.31046110145843,-1.01964448965183));
#3474=CARTESIAN_POINT('Ctrl Pts',(-1.64204474311052,-2.32365930190835,-1.0608244327427));
#3475=CARTESIAN_POINT('Ctrl Pts',(-1.58549225621002,-2.34857671428619,-1.15177169125774));
#3476=CARTESIAN_POINT('Ctrl Pts',(-1.58614668546677,-2.37476541912368,-1.25422846637261));
#3477=CARTESIAN_POINT('Ctrl Pts',(-1.59718927002571,-2.38637756144464,-1.29628819572819));
#3478=CARTESIAN_POINT('Ctrl Pts',(-1.69042275147874,-2.327650838063,-1.01928886655648));
#3479=CARTESIAN_POINT('Ctrl Pts',(-1.64657609635246,-2.34104287511017,-1.05947427673037));
#3480=CARTESIAN_POINT('Ctrl Pts',(-1.59108514604293,-2.36548080889977,-1.14887576705987));
#3481=CARTESIAN_POINT('Ctrl Pts',(-1.59206071338017,-2.3905614036426,-1.24925114380427));
#3482=CARTESIAN_POINT('Ctrl Pts',(-1.60288858191949,-2.40194803201983,-1.29049337507602));
#3483=CARTESIAN_POINT('',(-1.60288858191949,-2.40194803201983,-1.29049337507602));
#3484=CARTESIAN_POINT('',(-1.51153644499234,-2.3439704952424,-1.33048238253478));
#3485=CARTESIAN_POINT('Origin',(-1.51153644499234,-2.44036459429058,-1.3038707747538));
#3486=CARTESIAN_POINT('Ctrl Pts',(-1.51153644499234,-2.34397049524203,-1.33048238253345));
#3487=CARTESIAN_POINT('Ctrl Pts',(-1.49725227203233,-2.3289498274579,-1.27607365420153));
#3488=CARTESIAN_POINT('Ctrl Pts',(-1.49463175810861,-2.29152321028526,-1.14050480497362));
#3489=CARTESIAN_POINT('Ctrl Pts',(-1.56917999807873,-2.25883699475893,-1.02210691172879));
#3490=CARTESIAN_POINT('Ctrl Pts',(-1.62572866518122,-2.24468307727697,-0.970837776283172));
#3491=CARTESIAN_POINT('Ctrl Pts',(-1.69042275147874,-2.327650838063,-1.01928886655648));
#3492=CARTESIAN_POINT('Ctrl Pts',(-1.64657609635246,-2.34104287511017,-1.05947427673037));
#3493=CARTESIAN_POINT('Ctrl Pts',(-1.59108514604293,-2.36548080889977,-1.14887576705987));
#3494=CARTESIAN_POINT('Ctrl Pts',(-1.59206071338017,-2.3905614036426,-1.24925114380427));
#3495=CARTESIAN_POINT('Ctrl Pts',(-1.60288858191949,-2.40194803201983,-1.29049337507602));
#3496=CARTESIAN_POINT('Ctrl Pts',(-1.51153644499247,-2.34397049524226,-1.3304823825343));
#3497=CARTESIAN_POINT('Ctrl Pts',(-1.52605191703744,-2.35669040582257,-1.37655717555325));
#3498=CARTESIAN_POINT('Ctrl Pts',(-1.55071200317321,-2.36200000000005,-1.42257681472654));
#3499=CARTESIAN_POINT('Ctrl Pts',(-1.58364067451088,-2.362,-1.46354042143499));
#3500=CARTESIAN_POINT('Ctrl Pts',(-1.53423968438815,-2.34244153597435,-1.3249440981762));
#3501=CARTESIAN_POINT('Ctrl Pts',(-1.54763378965947,-2.3550066278115,-1.36835621613184));
#3502=CARTESIAN_POINT('Ctrl Pts',(-1.57093539034552,-2.36097243731859,-1.41219459350239));
#3503=CARTESIAN_POINT('Ctrl Pts',(-1.60229486160705,-2.36200000000002,-1.45104441898065));
#3504=CARTESIAN_POINT('Ctrl Pts',(-1.57382599039269,-2.35423163221717,-1.31129642098547));
#3505=CARTESIAN_POINT('Ctrl Pts',(-1.58529244121864,-2.36631691341194,-1.35166036036974));
#3506=CARTESIAN_POINT('Ctrl Pts',(-1.60620554967551,-2.37310013470506,-1.3929207374259));
#3507=CARTESIAN_POINT('Ctrl Pts',(-1.6348395789611,-2.37574138621374,-1.42924347606981));
#3508=CARTESIAN_POINT('Ctrl Pts',(-1.59718927002582,-2.38637756144475,-1.29628819572864));
#3509=CARTESIAN_POINT('Ctrl Pts',(-1.60809347185019,-2.39802916387332,-1.33730639521817));
#3510=CARTESIAN_POINT('Ctrl Pts',(-1.62800535412785,-2.40481194444666,-1.37908551829395));
#3511=CARTESIAN_POINT('Ctrl Pts',(-1.65507439475727,-2.40823194461462,-1.41568864751856));
#3512=CARTESIAN_POINT('Ctrl Pts',(-1.60288858191959,-2.40194803201993,-1.29049337507639));
#3513=CARTESIAN_POINT('Ctrl Pts',(-1.61389178270197,-2.41351904046118,-1.33240342872572));
#3514=CARTESIAN_POINT('Ctrl Pts',(-1.63370840719967,-2.42021672100785,-1.37489049674586));
#3515=CARTESIAN_POINT('Ctrl Pts',(-1.66041964989289,-2.42379406365584,-1.41210798646112));
#3516=CARTESIAN_POINT('',(-1.66041964989289,-2.42379406365584,-1.41210798646112));
#3517=CARTESIAN_POINT('',(-1.58364067451088,-2.362,-1.46354042143467));
#3518=CARTESIAN_POINT('Origin',(-1.58364067451088,-2.462,-1.46354042143512));
#3519=CARTESIAN_POINT('Ctrl Pts',(-1.58364067451088,-2.362,-1.46354042143499));
#3520=CARTESIAN_POINT('Ctrl Pts',(-1.55071200317321,-2.36200000000005,-1.42257681472654));
#3521=CARTESIAN_POINT('Ctrl Pts',(-1.52605191703744,-2.35669040582257,-1.37655717555325));
#3522=CARTESIAN_POINT('Ctrl Pts',(-1.51153644499247,-2.34397049524226,-1.3304823825343));
#3523=CARTESIAN_POINT('Ctrl Pts',(-1.60288858191959,-2.40194803201993,-1.29049337507639));
#3524=CARTESIAN_POINT('Ctrl Pts',(-1.61389178270197,-2.41351904046118,-1.33240342872572));
#3525=CARTESIAN_POINT('Ctrl Pts',(-1.63370840719967,-2.42021672100785,-1.37489049674586));
#3526=CARTESIAN_POINT('Ctrl Pts',(-1.66041964989289,-2.42379406365584,-1.41210798646112));
#3527=CARTESIAN_POINT('Ctrl Pts',(-1.58364067451113,-2.362,-1.4635404214355));
#3528=CARTESIAN_POINT('Ctrl Pts',(-1.6032725977982,-2.362,-1.49284719945441));
#3529=CARTESIAN_POINT('Ctrl Pts',(-1.62689414364742,-2.362,-1.51977525164576));
#3530=CARTESIAN_POINT('Ctrl Pts',(-1.65313909178011,-2.362,-1.54334434894099));
#3531=CARTESIAN_POINT('Ctrl Pts',(-1.6022948616073,-2.362,-1.45104441898111));
#3532=CARTESIAN_POINT('Ctrl Pts',(-1.62121444879076,-2.36199197338381,-1.47849252254675));
#3533=CARTESIAN_POINT('Ctrl Pts',(-1.64397172758023,-2.36201509094983,-1.50361502634516));
#3534=CARTESIAN_POINT('Ctrl Pts',(-1.66925072353232,-2.362,-1.52540352862134));
#3535=CARTESIAN_POINT('Ctrl Pts',(-1.63483945486183,-2.37574158042604,-1.42924355920153));
#3536=CARTESIAN_POINT('Ctrl Pts',(-1.65250476741126,-2.376302596066,-1.45346820743729));
#3537=CARTESIAN_POINT('Ctrl Pts',(-1.6737534706142,-2.37700417129818,-1.47541134945715));
#3538=CARTESIAN_POINT('Ctrl Pts',(-1.69733069384517,-2.37793700909622,-1.49413557825407));
#3539=CARTESIAN_POINT('Ctrl Pts',(-1.65507439475749,-2.40823194461463,-1.41568864751887));
#3540=CARTESIAN_POINT('Ctrl Pts',(-1.6715029210443,-2.40991246336522,-1.43820631136868));
#3541=CARTESIAN_POINT('Ctrl Pts',(-1.69127460591235,-2.41203444456697,-1.45872575255948));
#3542=CARTESIAN_POINT('Ctrl Pts',(-1.71324768929394,-2.41473458884233,-1.47641149172039));
#3543=CARTESIAN_POINT('Ctrl Pts',(-1.66041964989309,-2.42379406365587,-1.4121079864614));
#3544=CARTESIAN_POINT('Ctrl Pts',(-1.67634477065117,-2.42592685898543,-1.43429688365474));
#3545=CARTESIAN_POINT('Ctrl Pts',(-1.69552740764128,-2.42861434727206,-1.45462809902303));
#3546=CARTESIAN_POINT('Ctrl Pts',(-1.71687451673172,-2.431985846304,-1.47237290268159));
#3547=CARTESIAN_POINT('',(-1.71687451673165,-2.43198584630331,-1.47237290268182));
#3548=CARTESIAN_POINT('',(-1.65313909178011,-2.362,-1.54334434894099));
#3549=CARTESIAN_POINT('Origin',(-1.65313909178011,-2.462,-1.54334434894099));
#3550=CARTESIAN_POINT('Ctrl Pts',(-1.65313909178011,-2.362,-1.54334434894099));
#3551=CARTESIAN_POINT('Ctrl Pts',(-1.62689414364742,-2.362,-1.51977525164576));
#3552=CARTESIAN_POINT('Ctrl Pts',(-1.6032725977982,-2.362,-1.49284719945441));
#3553=CARTESIAN_POINT('Ctrl Pts',(-1.58364067451113,-2.362,-1.4635404214355));
#3554=CARTESIAN_POINT('Ctrl Pts',(-1.66041964989309,-2.42379406365587,-1.4121079864614));
#3555=CARTESIAN_POINT('Ctrl Pts',(-1.67634477065117,-2.42592685898543,-1.43429688365474));
#3556=CARTESIAN_POINT('Ctrl Pts',(-1.69552740764128,-2.42861434727206,-1.45462809902303));
#3557=CARTESIAN_POINT('Ctrl Pts',(-1.71687451673172,-2.431985846304,-1.47237290268159));
#3558=CARTESIAN_POINT('Ctrl Pts',(-1.65313909178079,-2.362,-1.5433443489416));
#3559=CARTESIAN_POINT('Ctrl Pts',(-1.661345097021,-2.362,-1.55071369617494));
#3560=CARTESIAN_POINT('Ctrl Pts',(-1.66930021567694,-2.362,-1.5583723448051));
#3561=CARTESIAN_POINT('Ctrl Pts',(-1.6769755209018,-2.362,-1.56629291867024));
#3562=CARTESIAN_POINT('Ctrl Pts',(-1.66925072353298,-2.362,-1.52540352862191));
#3563=CARTESIAN_POINT('Ctrl Pts',(-1.67786303003153,-2.36200030201697,-1.53315602648254));
#3564=CARTESIAN_POINT('Ctrl Pts',(-1.68621442168809,-2.36200003410905,-1.54120436675774));
#3565=CARTESIAN_POINT('Ctrl Pts',(-1.69427940856003,-2.362,-1.54952486352485));
#3566=CARTESIAN_POINT('Ctrl Pts',(-1.69733063177832,-2.37793711838695,-1.49413564736867));
#3567=CARTESIAN_POINT('Ctrl Pts',(-1.7066488923637,-2.3779184493933,-1.50255286281053));
#3568=CARTESIAN_POINT('Ctrl Pts',(-1.715696044615,-2.37791030927344,-1.5112855999449));
#3569=CARTESIAN_POINT('Ctrl Pts',(-1.72443759296064,-2.37791242037858,-1.52030055803338));
#3570=CARTESIAN_POINT('Ctrl Pts',(-1.71324768929451,-2.4147345888424,-1.47641149172085));
#3571=CARTESIAN_POINT('Ctrl Pts',(-1.72298076056594,-2.41468055053429,-1.48519317785995));
#3572=CARTESIAN_POINT('Ctrl Pts',(-1.73242534878807,-2.4146565441411,-1.49430452984583));
#3573=CARTESIAN_POINT('Ctrl Pts',(-1.74155112633619,-2.41466265718227,-1.50371696265634));
#3574=CARTESIAN_POINT('Ctrl Pts',(-1.71687451673228,-2.43198584630409,-1.47237290268205));
#3575=CARTESIAN_POINT('Ctrl Pts',(-1.7267065511275,-2.43191837209349,-1.48123102950316));
#3576=CARTESIAN_POINT('Ctrl Pts',(-1.73624591932239,-2.43188831600654,-1.49042806563667));
#3577=CARTESIAN_POINT('Ctrl Pts',(-1.74545800453125,-2.43189595038044,-1.49993106492544));
#3578=CARTESIAN_POINT('',(-1.74545800453125,-2.43189595038044,-1.49993106492544));
#3579=CARTESIAN_POINT('',(-1.67697552090193,-2.362,-1.56629291867011));
#3580=CARTESIAN_POINT('Origin',(-1.6769755209018,-2.462,-1.56629291867023));
#3581=CARTESIAN_POINT('Ctrl Pts',(-1.6769755209018,-2.362,-1.56629291867024));
#3582=CARTESIAN_POINT('Ctrl Pts',(-1.66930021567694,-2.362,-1.5583723448051));
#3583=CARTESIAN_POINT('Ctrl Pts',(-1.661345097021,-2.362,-1.55071369617494));
#3584=CARTESIAN_POINT('Ctrl Pts',(-1.65313909178079,-2.362,-1.5433443489416));
#3585=CARTESIAN_POINT('Ctrl Pts',(-1.71687451673228,-2.43198584630409,-1.47237290268205));
#3586=CARTESIAN_POINT('Ctrl Pts',(-1.7267065511275,-2.43191837209349,-1.48123102950316));
#3587=CARTESIAN_POINT('Ctrl Pts',(-1.73624591932239,-2.43188831600654,-1.49042806563667));
#3588=CARTESIAN_POINT('Ctrl Pts',(-1.74545800453125,-2.43189595038044,-1.49993106492544));
#3589=CARTESIAN_POINT('Ctrl Pts',(-1.67697552090181,-2.362,-1.56629291867024));
#3590=CARTESIAN_POINT('Ctrl Pts',(-1.68044245007173,-2.362,-1.56997177444807));
#3591=CARTESIAN_POINT('Ctrl Pts',(-1.68380854815272,-2.36192377826313,-1.57375334528656));
#3592=CARTESIAN_POINT('Ctrl Pts',(-1.68706690128397,-2.36177250297133,-1.5776275716977));
#3593=CARTESIAN_POINT('Ctrl Pts',(-1.69427940856003,-2.362,-1.54952486352486));
#3594=CARTESIAN_POINT('Ctrl Pts',(-1.69802240892642,-2.36198269147135,-1.55346809679949));
#3595=CARTESIAN_POINT('Ctrl Pts',(-1.70166845394445,-2.36187936947292,-1.55751299764695));
#3596=CARTESIAN_POINT('Ctrl Pts',(-1.70520723506259,-2.36168764508933,-1.56164523454287));
#3597=CARTESIAN_POINT('Ctrl Pts',(-1.72443755681468,-2.37791247965974,-1.52030059306004));
#3598=CARTESIAN_POINT('Ctrl Pts',(-1.72878198252601,-2.37788570906558,-1.52481342535558));
#3599=CARTESIAN_POINT('Ctrl Pts',(-1.73303292960419,-2.37776607914786,-1.52942166827252));
#3600=CARTESIAN_POINT('Ctrl Pts',(-1.73718094970218,-2.37755688228993,-1.53411494987785));
#3601=CARTESIAN_POINT('Ctrl Pts',(-1.74155112633619,-2.41466265718227,-1.50371696265634));
#3602=CARTESIAN_POINT('Ctrl Pts',(-1.74643035571358,-2.41465644736867,-1.50875360992917));
#3603=CARTESIAN_POINT('Ctrl Pts',(-1.75120323818319,-2.41457525045002,-1.51389522515779));
#3604=CARTESIAN_POINT('Ctrl Pts',(-1.75586269420865,-2.41442057946153,-1.51913144938802));
#3605=CARTESIAN_POINT('Ctrl Pts',(-1.74545800453125,-2.43189595038044,-1.49993106492544));
#3606=CARTESIAN_POINT('Ctrl Pts',(-1.75051917155547,-2.43190014474475,-1.50515206164237));
#3607=CARTESIAN_POINT('Ctrl Pts',(-1.75546735143754,-2.43183725946189,-1.5104863722653));
#3608=CARTESIAN_POINT('Ctrl Pts',(-1.76029152799393,-2.43170832588333,-1.51592078179938));
#3609=CARTESIAN_POINT('',(-1.76029152799393,-2.43170832588333,-1.51592078179938));
#3610=CARTESIAN_POINT('',(-1.68706690128397,-2.36177250297133,-1.5776275716977));
#3611=CARTESIAN_POINT('Origin',(-1.6893105549673,-2.4617270035656,-1.57964346581694));
#3612=CARTESIAN_POINT('Ctrl Pts',(-1.68706690128397,-2.36177250297133,-1.5776275716977));
#3613=CARTESIAN_POINT('Ctrl Pts',(-1.68380854815272,-2.36192377826313,-1.57375334528656));
#3614=CARTESIAN_POINT('Ctrl Pts',(-1.68044245007173,-2.362,-1.56997177444807));
#3615=CARTESIAN_POINT('Ctrl Pts',(-1.67697552090181,-2.362,-1.56629291867024));
#3616=CARTESIAN_POINT('Ctrl Pts',(-1.74545800453125,-2.43189595038044,-1.49993106492544));
#3617=CARTESIAN_POINT('Ctrl Pts',(-1.75051917155547,-2.43190014474475,-1.50515206164237));
#3618=CARTESIAN_POINT('Ctrl Pts',(-1.75546735143754,-2.43183725946189,-1.5104863722653));
#3619=CARTESIAN_POINT('Ctrl Pts',(-1.76029152799393,-2.43170832588333,-1.51592078179938));
#3620=CARTESIAN_POINT('Ctrl Pts',(-1.68706690128397,-2.36177250297133,-1.5776275716977));
#3621=CARTESIAN_POINT('Ctrl Pts',(-1.71414147487924,-2.36051551397849,-1.60981960978198));
#3622=CARTESIAN_POINT('Ctrl Pts',(-1.74608149541373,-2.35377879385707,-1.63816068338563));
#3623=CARTESIAN_POINT('Ctrl Pts',(-1.77993774160504,-2.34216849101975,-1.66030575355515));
#3624=CARTESIAN_POINT('Ctrl Pts',(-1.70520723506259,-2.36168764508933,-1.56164523454287));
#3625=CARTESIAN_POINT('Ctrl Pts',(-1.73034330996823,-2.36027909362805,-1.59281388883449));
#3626=CARTESIAN_POINT('Ctrl Pts',(-1.76060326891008,-2.35383177165145,-1.62052852094788));
#3627=CARTESIAN_POINT('Ctrl Pts',(-1.79276563943721,-2.34293711666689,-1.64205962240504));
#3628=CARTESIAN_POINT('Ctrl Pts',(-1.73718078448829,-2.3775571504258,-1.53411510611628));
#3629=CARTESIAN_POINT('Ctrl Pts',(-1.75997789157151,-2.37472810763759,-1.56437443576215));
#3630=CARTESIAN_POINT('Ctrl Pts',(-1.78802484958577,-2.36784490739829,-1.5916791427624));
#3631=CARTESIAN_POINT('Ctrl Pts',(-1.81796248255646,-2.35731069350668,-1.61275317332627));
#3632=CARTESIAN_POINT('Ctrl Pts',(-1.75586269420865,-2.41442057946153,-1.51913144938802));
#3633=CARTESIAN_POINT('Ctrl Pts',(-1.77983420478946,-2.40930830482692,-1.54966973717629));
#3634=CARTESIAN_POINT('Ctrl Pts',(-1.80854101276768,-2.40059458801247,-1.5773725208247));
#3635=CARTESIAN_POINT('Ctrl Pts',(-1.83864456645206,-2.38902029691697,-1.59881006309926));
#3636=CARTESIAN_POINT('Ctrl Pts',(-1.76029152799393,-2.43170832588333,-1.51592078179938));
#3637=CARTESIAN_POINT('Ctrl Pts',(-1.7854189667465,-2.42574737294747,-1.54671844839868));
#3638=CARTESIAN_POINT('Ctrl Pts',(-1.81493120283942,-2.41621064447239,-1.57467126166129));
#3639=CARTESIAN_POINT('Ctrl Pts',(-1.84558302542553,-2.4040550514761,-1.59636534264172));
#3640=CARTESIAN_POINT('',(-1.84558302542553,-2.4040550514761,-1.59636534264172));
#3641=CARTESIAN_POINT('',(-1.77993774160506,-2.34216849101975,-1.66030575355511));
#3642=CARTESIAN_POINT('Origin',(-1.80068407397137,-2.4382021892237,-1.67893687007075));
#3643=CARTESIAN_POINT('Ctrl Pts',(-1.77993774160504,-2.34216849101975,-1.66030575355515));
#3644=CARTESIAN_POINT('Ctrl Pts',(-1.74608149541373,-2.35377879385707,-1.63816068338563));
#3645=CARTESIAN_POINT('Ctrl Pts',(-1.71414147487924,-2.36051551397849,-1.60981960978198));
#3646=CARTESIAN_POINT('Ctrl Pts',(-1.68706690128397,-2.36177250297133,-1.5776275716977));
#3647=CARTESIAN_POINT('Ctrl Pts',(-1.76029152799393,-2.43170832588333,-1.51592078179938));
#3648=CARTESIAN_POINT('Ctrl Pts',(-1.7854189667465,-2.42574737294747,-1.54671844839868));
#3649=CARTESIAN_POINT('Ctrl Pts',(-1.81493120283942,-2.41621064447239,-1.57467126166129));
#3650=CARTESIAN_POINT('Ctrl Pts',(-1.84558302542553,-2.4040550514761,-1.59636534264172));
#3651=CARTESIAN_POINT('Ctrl Pts',(-1.77993774160504,-2.34216849101975,-1.66030575355515));
#3652=CARTESIAN_POINT('Ctrl Pts',(-1.85263508046593,-2.31660650323681,-1.71111371588481));
#3653=CARTESIAN_POINT('Ctrl Pts',(-2.03891987545636,-2.27006800918914,-1.75736903165425));
#3654=CARTESIAN_POINT('Ctrl Pts',(-2.20620765878086,-2.24995774011665,-1.659550353172));
#3655=CARTESIAN_POINT('Ctrl Pts',(-2.26561990734535,-2.24674749338717,-1.59159779278097));
#3656=CARTESIAN_POINT('Ctrl Pts',(-1.79276563943721,-2.34293711666689,-1.64205962240504));
#3657=CARTESIAN_POINT('Ctrl Pts',(-1.86135407077846,-2.31858741949563,-1.69046840541911));
#3658=CARTESIAN_POINT('Ctrl Pts',(-2.03593134075389,-2.27483770627086,-1.73286916922394));
#3659=CARTESIAN_POINT('Ctrl Pts',(-2.19289047319068,-2.25567313643313,-1.64122027270374));
#3660=CARTESIAN_POINT('Ctrl Pts',(-2.24921490643152,-2.25252747266308,-1.57707444402946));
#3661=CARTESIAN_POINT('Ctrl Pts',(-1.81796239566451,-2.35731104488295,-1.61275347801326));
#3662=CARTESIAN_POINT('Ctrl Pts',(-1.87923628241651,-2.33466913011431,-1.65672952519588));
#3663=CARTESIAN_POINT('Ctrl Pts',(-2.03359688452687,-2.29676355609992,-1.69252970986278));
#3664=CARTESIAN_POINT('Ctrl Pts',(-2.17266183652497,-2.27941063385054,-1.61141002121227));
#3665=CARTESIAN_POINT('Ctrl Pts',(-2.22360501131543,-2.2761440388681,-1.55372960485275));
#3666=CARTESIAN_POINT('Ctrl Pts',(-1.83864456645206,-2.38902029691697,-1.59881006309925));
#3667=CARTESIAN_POINT('Ctrl Pts',(-1.89531776040273,-2.36695526449423,-1.63925967470601));
#3668=CARTESIAN_POINT('Ctrl Pts',(-2.03685729325568,-2.33396549013331,-1.67185714346748));
#3669=CARTESIAN_POINT('Ctrl Pts',(-2.16562808557905,-2.31783773399288,-1.59691709552594));
#3670=CARTESIAN_POINT('Ctrl Pts',(-2.21309112520938,-2.3142518585544,-1.54283650990902));
#3671=CARTESIAN_POINT('Ctrl Pts',(-1.84558302542553,-2.4040550514761,-1.59636534264172));
#3672=CARTESIAN_POINT('Ctrl Pts',(-1.90106956550393,-2.38205075479616,-1.63563640035463));
#3673=CARTESIAN_POINT('Ctrl Pts',(-2.03905692479882,-2.35061851952444,-1.66773312195996));
#3674=CARTESIAN_POINT('Ctrl Pts',(-2.16539473436241,-2.3348150972738,-1.59430304746016));
#3675=CARTESIAN_POINT('Ctrl Pts',(-2.21190087293512,-2.33110785343356,-1.5410254562128));
#3676=CARTESIAN_POINT('',(-2.21190087293512,-2.33110785343356,-1.5410254562128));
#3677=CARTESIAN_POINT('',(-2.26561990734535,-2.24674749338717,-1.59159779278097));
#3678=CARTESIAN_POINT('Origin',(-2.28708900660241,-2.34337705451707,-1.60580362584117));
#3679=CARTESIAN_POINT('Ctrl Pts',(-2.26561990734535,-2.24674749338717,-1.59159779278097));
#3680=CARTESIAN_POINT('Ctrl Pts',(-2.20620765878086,-2.24995774011665,-1.659550353172));
#3681=CARTESIAN_POINT('Ctrl Pts',(-2.03891987545636,-2.27006800918914,-1.75736903165425));
#3682=CARTESIAN_POINT('Ctrl Pts',(-1.85263508046593,-2.31660650323681,-1.71111371588481));
#3683=CARTESIAN_POINT('Ctrl Pts',(-1.77993774160504,-2.34216849101975,-1.66030575355515));
#3684=CARTESIAN_POINT('Ctrl Pts',(-1.84558302542553,-2.4040550514761,-1.59636534264172));
#3685=CARTESIAN_POINT('Ctrl Pts',(-1.90106956550393,-2.38205075479616,-1.63563640035463));
#3686=CARTESIAN_POINT('Ctrl Pts',(-2.03905692479882,-2.35061851952444,-1.66773312195996));
#3687=CARTESIAN_POINT('Ctrl Pts',(-2.16539473436241,-2.3348150972738,-1.59430304746016));
#3688=CARTESIAN_POINT('Ctrl Pts',(-2.21190087293512,-2.33110785343356,-1.5410254562128));
#3689=CARTESIAN_POINT('Ctrl Pts',(-2.26561990734535,-2.24674749338718,-1.59159779278096));
#3690=CARTESIAN_POINT('Ctrl Pts',(-2.28162826942946,-2.24588250690263,-1.5732882822412));
#3691=CARTESIAN_POINT('Ctrl Pts',(-2.29908366361349,-2.24442727236547,-1.55622793423707));
#3692=CARTESIAN_POINT('Ctrl Pts',(-2.31771152969081,-2.24243422858971,-1.54062973205603));
#3693=CARTESIAN_POINT('Ctrl Pts',(-2.24921490643152,-2.25252747266308,-1.57707444402946));
#3694=CARTESIAN_POINT('Ctrl Pts',(-2.26597790688259,-2.25161700879572,-1.55780646370832));
#3695=CARTESIAN_POINT('Ctrl Pts',(-2.2842162441879,-2.25010058128755,-1.53981575792491));
#3696=CARTESIAN_POINT('Ctrl Pts',(-2.3036579915657,-2.24801971441112,-1.52331185789927));
#3697=CARTESIAN_POINT('Ctrl Pts',(-2.22360500955594,-2.27614403713328,-1.55372960340357));
#3698=CARTESIAN_POINT('Ctrl Pts',(-2.24171157745821,-2.27522814564208,-1.53277575017689));
#3699=CARTESIAN_POINT('Ctrl Pts',(-2.26136171952695,-2.27373425529277,-1.51314057116456));
#3700=CARTESIAN_POINT('Ctrl Pts',(-2.2822805460356,-2.27171525272407,-1.49506672495415));
#3701=CARTESIAN_POINT('Ctrl Pts',(-2.21309112520938,-2.3142518585544,-1.54283650990902));
#3702=CARTESIAN_POINT('Ctrl Pts',(-2.23212168751137,-2.31341209493515,-1.52084890599548));
#3703=CARTESIAN_POINT('Ctrl Pts',(-2.25279806809007,-2.31209781946074,-1.5002902601961));
#3704=CARTESIAN_POINT('Ctrl Pts',(-2.27481982498184,-2.3103461437755,-1.48140951887094));
#3705=CARTESIAN_POINT('Ctrl Pts',(-2.21190087293512,-2.33110785343356,-1.5410254562128));
#3706=CARTESIAN_POINT('Ctrl Pts',(-2.23120158576448,-2.33030120853405,-1.51877586663838));
#3707=CARTESIAN_POINT('Ctrl Pts',(-2.25219880760364,-2.32906035751407,-1.49800279045305));
#3708=CARTESIAN_POINT('Ctrl Pts',(-2.27456740375851,-2.3274151475429,-1.47897485434485));
#3709=CARTESIAN_POINT('',(-2.27456740375851,-2.3274151475429,-1.47897485434485));
#3710=CARTESIAN_POINT('',(-2.31771152969081,-2.24243422858971,-1.54062973205603));
#3711=CARTESIAN_POINT('Origin',(-2.33941441012578,-2.33910343852193,-1.55419619187081));
#3712=CARTESIAN_POINT('Ctrl Pts',(-2.31771152969081,-2.24243422858971,-1.54062973205603));
#3713=CARTESIAN_POINT('Ctrl Pts',(-2.29908366361349,-2.24442727236547,-1.55622793423707));
#3714=CARTESIAN_POINT('Ctrl Pts',(-2.28162826942946,-2.24588250690263,-1.5732882822412));
#3715=CARTESIAN_POINT('Ctrl Pts',(-2.26561990734535,-2.24674749338718,-1.59159779278096));
#3716=CARTESIAN_POINT('Ctrl Pts',(-2.21190087293512,-2.33110785343356,-1.5410254562128));
#3717=CARTESIAN_POINT('Ctrl Pts',(-2.23120158576448,-2.33030120853405,-1.51877586663838));
#3718=CARTESIAN_POINT('Ctrl Pts',(-2.25219880760364,-2.32906035751407,-1.49800279045305));
#3719=CARTESIAN_POINT('Ctrl Pts',(-2.27456740375851,-2.3274151475429,-1.47897485434485));
#3720=CARTESIAN_POINT('Ctrl Pts',(-2.31771152969081,-2.24243422858971,-1.54062973205603));
#3721=CARTESIAN_POINT('Ctrl Pts',(-2.41629282476989,-2.23188675977348,-1.45808184570504));
#3722=CARTESIAN_POINT('Ctrl Pts',(-2.47364958516338,-2.23520499599467,-1.32302659685013));
#3723=CARTESIAN_POINT('Ctrl Pts',(-2.45653484188848,-2.25254362949325,-1.19628791557347));
#3724=CARTESIAN_POINT('Ctrl Pts',(-2.3036579915657,-2.24801971441112,-1.52331185789927));
#3725=CARTESIAN_POINT('Ctrl Pts',(-2.3966265637569,-2.23795949466869,-1.44514442991738));
#3726=CARTESIAN_POINT('Ctrl Pts',(-2.44974050180976,-2.24117012357751,-1.31848707508538));
#3727=CARTESIAN_POINT('Ctrl Pts',(-2.43395694727997,-2.25753308627351,-1.19987708356057));
#3728=CARTESIAN_POINT('Ctrl Pts',(-2.28228054249622,-2.27171524882759,-1.49506672125633));
#3729=CARTESIAN_POINT('Ctrl Pts',(-2.36562090812047,-2.26283903375359,-1.42440687330105));
#3730=CARTESIAN_POINT('Ctrl Pts',(-2.41149675539553,-2.2663910941028,-1.31232492475203));
#3731=CARTESIAN_POINT('Ctrl Pts',(-2.39803320641654,-2.28072422448582,-1.2076527309931));
#3732=CARTESIAN_POINT('Ctrl Pts',(-2.27481982498184,-2.3103461437755,-1.48140951887094));
#3733=CARTESIAN_POINT('Ctrl Pts',(-2.35269594664457,-2.30255406668947,-1.41533145176302));
#3734=CARTESIAN_POINT('Ctrl Pts',(-2.39514721351899,-2.30690827681504,-1.31154990665474));
#3735=CARTESIAN_POINT('Ctrl Pts',(-2.38280633638246,-2.31967241417134,-1.21489067859295));
#3736=CARTESIAN_POINT('Ctrl Pts',(-2.27456740375851,-2.3274151475429,-1.47897485434485));
#3737=CARTESIAN_POINT('Ctrl Pts',(-2.35119366242275,-2.31996008391077,-1.41407509729367));
#3738=CARTESIAN_POINT('Ctrl Pts',(-2.39309194836431,-2.32461178573315,-1.31225606762405));
#3739=CARTESIAN_POINT('Ctrl Pts',(-2.38092454654949,-2.33692921581131,-1.21746979912764));
#3740=CARTESIAN_POINT('',(-2.38092454654949,-2.33692921581131,-1.21746979912764));
#3741=CARTESIAN_POINT('',(-2.45653484185393,-2.25254362950086,-1.19628791557918));
#3742=CARTESIAN_POINT('Origin',(-2.47953546928213,-2.34933331996468,-1.20642334639523));
#3743=CARTESIAN_POINT('Ctrl Pts',(-2.45653484188848,-2.25254362949325,-1.19628791557347));
#3744=CARTESIAN_POINT('Ctrl Pts',(-2.47364958516338,-2.23520499599467,-1.32302659685013));
#3745=CARTESIAN_POINT('Ctrl Pts',(-2.41629282476989,-2.23188675977348,-1.45808184570504));
#3746=CARTESIAN_POINT('Ctrl Pts',(-2.31771152969081,-2.24243422858971,-1.54062973205603));
#3747=CARTESIAN_POINT('Ctrl Pts',(-2.27456740375851,-2.3274151475429,-1.47897485434485));
#3748=CARTESIAN_POINT('Ctrl Pts',(-2.35119366242275,-2.31996008391077,-1.41407509729367));
#3749=CARTESIAN_POINT('Ctrl Pts',(-2.39309194836431,-2.32461178573315,-1.31225606762405));
#3750=CARTESIAN_POINT('Ctrl Pts',(-2.38092454654949,-2.33692921581131,-1.21746979912764));
#3751=CARTESIAN_POINT('Ctrl Pts',(-2.45421607946907,-2.25414644921476,-1.16799236509563));
#3752=CARTESIAN_POINT('Ctrl Pts',(-2.44069476581641,-2.25474840268347,-1.09238214746675));
#3753=CARTESIAN_POINT('Ctrl Pts',(-2.39255163687415,-2.25120063867373,-1.01393180684579));
#3754=CARTESIAN_POINT('Ctrl Pts',(-2.3356734161463,-2.2425158750462,-0.966188515503942));
#3755=CARTESIAN_POINT('Ctrl Pts',(-2.43131441809535,-2.25848805834362,-1.17321968788806));
#3756=CARTESIAN_POINT('Ctrl Pts',(-2.41810370680591,-2.25829481541346,-1.10246248292163));
#3757=CARTESIAN_POINT('Ctrl Pts',(-2.37315368585511,-2.25484433125311,-1.02927007203423));
#3758=CARTESIAN_POINT('Ctrl Pts',(-2.31970283887446,-2.24698981236382,-0.983309256349751));
#3759=CARTESIAN_POINT('Ctrl Pts',(-2.39422071873315,-2.28142313398959,-1.1819483560498));
#3760=CARTESIAN_POINT('Ctrl Pts',(-2.38083363910873,-2.28084175028626,-1.11805820921411));
#3761=CARTESIAN_POINT('Ctrl Pts',(-2.34125784478273,-2.27785740423991,-1.0538585910209));
#3762=CARTESIAN_POINT('Ctrl Pts',(-2.29243074865328,-2.26995364283199,-1.00971915715459));
#3763=CARTESIAN_POINT('Ctrl Pts',(-2.37783372901298,-2.32136920403978,-1.18629562879896));
#3764=CARTESIAN_POINT('Ctrl Pts',(-2.36384443622589,-2.3217267018619,-1.12357328511314));
#3765=CARTESIAN_POINT('Ctrl Pts',(-2.32681575175073,-2.3193454094471,-1.06350153910871));
#3766=CARTESIAN_POINT('Ctrl Pts',(-2.27770352712201,-2.30960428022075,-1.01895496109522));
#3767=CARTESIAN_POINT('Ctrl Pts',(-2.37556355693981,-2.33912299689986,-1.18709920009147));
#3768=CARTESIAN_POINT('Ctrl Pts',(-2.36132966075376,-2.33994458290376,-1.12373705637081));
#3769=CARTESIAN_POINT('Ctrl Pts',(-2.32475288067863,-2.33777531544696,-1.06430449703973));
#3770=CARTESIAN_POINT('Ctrl Pts',(-2.27456140514458,-2.32720131154341,-1.01924021486123));
#3771=CARTESIAN_POINT('',(-2.45421607946907,-2.25414644921476,-1.16799236509563));
#3772=CARTESIAN_POINT('Ctrl Pts',(-2.3356734161463,-2.2425158750462,-0.966188515503942));
#3773=CARTESIAN_POINT('Ctrl Pts',(-2.39255163687415,-2.25120063867373,-1.01393180684579));
#3774=CARTESIAN_POINT('Ctrl Pts',(-2.44069476581641,-2.25474840268347,-1.09238214746675));
#3775=CARTESIAN_POINT('Ctrl Pts',(-2.45421607946907,-2.25414644921476,-1.16799236509563));
#3776=CARTESIAN_POINT('',(-2.37556355693981,-2.33912299689986,-1.18709920009147));
#3777=CARTESIAN_POINT('Origin',(-2.47229615687043,-2.35246789112834,-1.16554188326647));
#3778=CARTESIAN_POINT('Ctrl Pts',(-2.37556355693981,-2.33912299689986,-1.18709920009147));
#3779=CARTESIAN_POINT('Ctrl Pts',(-2.36132966075376,-2.33994458290376,-1.12373705637081));
#3780=CARTESIAN_POINT('Ctrl Pts',(-2.32475288067863,-2.33777531544696,-1.06430449703973));
#3781=CARTESIAN_POINT('Ctrl Pts',(-2.27456140514458,-2.32720131154341,-1.01924021486123));
#3782=CARTESIAN_POINT('Ctrl Pts',(-2.45653484188611,-2.25254362949564,-1.19628791555601));
#3783=CARTESIAN_POINT('Ctrl Pts',(-2.45633663073491,-2.25358642863661,-1.18677936807141));
#3784=CARTESIAN_POINT('Ctrl Pts',(-2.45555535217793,-2.25413249580511,-1.17731389305369));
#3785=CARTESIAN_POINT('Ctrl Pts',(-2.45421607946907,-2.25414644921476,-1.16799236509564));
#3786=CARTESIAN_POINT('Ctrl Pts',(-2.43395694727779,-2.25753308627577,-1.19987708354422));
#3787=CARTESIAN_POINT('Ctrl Pts',(-2.4335869966901,-2.25830437584619,-1.19089663203938));
#3788=CARTESIAN_POINT('Ctrl Pts',(-2.43269758702001,-2.25863821062278,-1.18197167124201));
#3789=CARTESIAN_POINT('Ctrl Pts',(-2.43131441809536,-2.25848805834362,-1.17321968788807));
#3790=CARTESIAN_POINT('Ctrl Pts',(-2.39803292223528,-2.28072400229345,-1.20765273757077));
#3791=CARTESIAN_POINT('Ctrl Pts',(-2.39719355042987,-2.28139982455217,-1.19897834165275));
#3792=CARTESIAN_POINT('Ctrl Pts',(-2.39591266545254,-2.28163383854784,-1.1903963683846));
#3793=CARTESIAN_POINT('Ctrl Pts',(-2.39422077922205,-2.28142318502051,-1.18194834327282));
#3794=CARTESIAN_POINT('Ctrl Pts',(-2.38280633638076,-2.31967241417309,-1.21489067857963));
#3795=CARTESIAN_POINT('Ctrl Pts',(-2.38160461799348,-2.32077269758334,-1.20532000240936));
#3796=CARTESIAN_POINT('Ctrl Pts',(-2.37993948723095,-2.3213491743772,-1.19575841119949));
#3797=CARTESIAN_POINT('Ctrl Pts',(-2.37783372901298,-2.32136920403978,-1.18629562879896));
#3798=CARTESIAN_POINT('Ctrl Pts',(-2.38092454654781,-2.33692921581301,-1.21746979911459));
#3799=CARTESIAN_POINT('Ctrl Pts',(-2.37962409807759,-2.33824569926125,-1.20733906950665));
#3800=CARTESIAN_POINT('Ctrl Pts',(-2.37782839809426,-2.33899226939073,-1.19718113330615));
#3801=CARTESIAN_POINT('Ctrl Pts',(-2.37556355693981,-2.33912299689986,-1.18709920009148));
#3802=CARTESIAN_POINT('Ctrl Pts',(-2.45421607946907,-2.25414644921476,-1.16799236509564));
#3803=CARTESIAN_POINT('Ctrl Pts',(-2.45555535217793,-2.25413249580511,-1.17731389305369));
#3804=CARTESIAN_POINT('Ctrl Pts',(-2.45633663073491,-2.25358642863661,-1.18677936807141));
#3805=CARTESIAN_POINT('Ctrl Pts',(-2.45653484188611,-2.25254362949564,-1.19628791555601));
#3806=CARTESIAN_POINT('Ctrl Pts',(-2.38092454654781,-2.33692921581301,-1.21746979911459));
#3807=CARTESIAN_POINT('Ctrl Pts',(-2.37962409807759,-2.33824569926125,-1.20733906950665));
#3808=CARTESIAN_POINT('Ctrl Pts',(-2.37782839809426,-2.33899226939073,-1.19718113330615));
#3809=CARTESIAN_POINT('Ctrl Pts',(-2.37556355693981,-2.33912299689986,-1.18709920009148));
#3810=CARTESIAN_POINT('Ctrl Pts',(-1.7258340657006,-2.327650838063,-0.992488360890649));
#3811=CARTESIAN_POINT('Ctrl Pts',(-1.73536332031976,-2.42084993019291,-1.00229822158055));
#3812=CARTESIAN_POINT('Ctrl Pts',(-1.75175183556409,-2.49614581124505,-1.0188081354041));
#3813=CARTESIAN_POINT('Ctrl Pts',(-1.77499961143358,-2.55353848121941,-1.0420181023613));
#3814=CARTESIAN_POINT('Ctrl Pts',(-1.63446289254296,-2.327650838063,-1.05306939568002));
#3815=CARTESIAN_POINT('Ctrl Pts',(-1.64373747564601,-2.42084993019291,-1.05977419481758));
#3816=CARTESIAN_POINT('Ctrl Pts',(-1.68428579712708,-2.49614581124505,-1.07731193612111));
#3817=CARTESIAN_POINT('Ctrl Pts',(-1.75756868737044,-2.55353848121941,-1.10659809311564));
#3818=CARTESIAN_POINT('Ctrl Pts',(-1.52779018293758,-2.327650838063,-1.24913011852529));
#3819=CARTESIAN_POINT('Ctrl Pts',(-1.53677568482478,-2.42084993019291,-1.24983619496854));
#3820=CARTESIAN_POINT('Ctrl Pts',(-1.60714023008443,-2.49614581124505,-1.25014166475688));
#3821=CARTESIAN_POINT('Ctrl Pts',(-1.73721868160295,-2.55353848121941,-1.2500465278903));
#3822=CARTESIAN_POINT('Ctrl Pts',(-1.63446289254296,-2.327650838063,-1.44519084137056));
#3823=CARTESIAN_POINT('Ctrl Pts',(-1.64373747564601,-2.42084993019291,-1.4398981951195));
#3824=CARTESIAN_POINT('Ctrl Pts',(-1.68428579712708,-2.49614581124505,-1.42297139339265));
#3825=CARTESIAN_POINT('Ctrl Pts',(-1.75756868737044,-2.55353848121941,-1.39349496266495));
#3826=CARTESIAN_POINT('Ctrl Pts',(-1.7258340657006,-2.327650838063,-1.50577187615993));
#3827=CARTESIAN_POINT('Ctrl Pts',(-1.73536332031976,-2.42084993019291,-1.49737416835654));
#3828=CARTESIAN_POINT('Ctrl Pts',(-1.75175183556409,-2.49614581124505,-1.48147519410966));
#3829=CARTESIAN_POINT('Ctrl Pts',(-1.77499961143358,-2.55353848121941,-1.45807495341929));
#3830=CARTESIAN_POINT('',(-1.75319029611437,-2.487,-1.02019029611437));
#3831=CARTESIAN_POINT('Ctrl Pts',(-1.75319029611437,-2.487,-1.02019029611437));
#3832=CARTESIAN_POINT('Ctrl Pts',(-1.69573286358059,-2.41078839807273,-1.03478999722696));
#3833=CARTESIAN_POINT('Ctrl Pts',(-1.69752314430768,-2.38469800437082,-1.02417274681293));
#3834=CARTESIAN_POINT('Ctrl Pts',(-1.69137651615383,-2.3276063679602,-1.0186834077637));
#3835=CARTESIAN_POINT('',(-1.77148259045007,-2.5445818919917,-1.03850563686919));
#3836=CARTESIAN_POINT('Ctrl Pts',(-1.75319029611437,-2.487,-1.02019029611437));
#3837=CARTESIAN_POINT('Ctrl Pts',(-1.75868124282683,-2.5077769369705,-1.0257030018355));
#3838=CARTESIAN_POINT('Ctrl Pts',(-1.76477867427207,-2.52697090096774,-1.03180811542044));
#3839=CARTESIAN_POINT('Ctrl Pts',(-1.77148259045007,-2.5445818919917,-1.03850563686919));
#3840=CARTESIAN_POINT('',(-1.77153061818931,-2.54470797696474,-1.03855358019372));
#3841=CARTESIAN_POINT('Ctrl Pts',(-1.77148259045007,-2.5445818919917,-1.03850563686919));
#3842=CARTESIAN_POINT('Ctrl Pts',(-1.77149859653713,-2.5446239395126,-1.03852162768837));
#3843=CARTESIAN_POINT('Ctrl Pts',(-1.77151460608145,-2.54466597800975,-1.03853762188457));
#3844=CARTESIAN_POINT('Ctrl Pts',(-1.77153061908305,-2.54470800748315,-1.0385536194578));
#3845=CARTESIAN_POINT('',(-1.7714900658918,-2.54460152844138,-1.46160284024915));
#3846=CARTESIAN_POINT('Ctrl Pts',(-1.7714900658918,-2.54460152844138,-1.46160284024915));
#3847=CARTESIAN_POINT('Ctrl Pts',(-1.77162302086134,-2.54889248757481,-1.45611112348974));
#3848=CARTESIAN_POINT('Ctrl Pts',(-1.76700679908574,-2.5497434112722,-1.43912203526162));
#3849=CARTESIAN_POINT('Ctrl Pts',(-1.75360672348455,-2.55168009441986,-1.38135571718593));
#3850=CARTESIAN_POINT('Ctrl Pts',(-1.74562186515288,-2.5542139148927,-1.28346207626257));
#3851=CARTESIAN_POINT('Ctrl Pts',(-1.74813510263766,-2.55313699715768,-1.1726306132959));
#3852=CARTESIAN_POINT('Ctrl Pts',(-1.75807189880101,-2.55105929247797,-1.09952200240574));
#3853=CARTESIAN_POINT('Ctrl Pts',(-1.76700517335015,-2.54977286936853,-1.06113242187961));
#3854=CARTESIAN_POINT('Ctrl Pts',(-1.77165583851074,-2.54898369844781,-1.04405457761864));
#3855=CARTESIAN_POINT('Ctrl Pts',(-1.77153061818932,-2.54470797696474,-1.03855358019372));
#3856=CARTESIAN_POINT('',(-1.75319029611437,-2.487,-1.47980970388563));
#3857=CARTESIAN_POINT('Ctrl Pts',(-1.75319029611437,-2.487,-1.47980970388563));
#3858=CARTESIAN_POINT('Ctrl Pts',(-1.75868328371711,-2.50778465939997,-1.47440449231792));
#3859=CARTESIAN_POINT('Ctrl Pts',(-1.76478320697626,-2.52698516888042,-1.46833553777242));
#3860=CARTESIAN_POINT('Ctrl Pts',(-1.7714900658918,-2.54460152844138,-1.46160284024915));
#3861=CARTESIAN_POINT('Ctrl Pts',(-1.71688139503739,-2.43198131661945,-1.47238109961598));
#3862=CARTESIAN_POINT('Ctrl Pts',(-1.72638335212244,-2.4489181380248,-1.47376711552521));
#3863=CARTESIAN_POINT('Ctrl Pts',(-1.72605117546356,-2.45380638330471,-1.47067229770518));
#3864=CARTESIAN_POINT('Ctrl Pts',(-1.75319029611437,-2.487,-1.47980970388563));
#3865=CARTESIAN_POINT('Ctrl Pts',(-1.68990482270036,-2.31479860214027,-1.01759148784598));
#3866=CARTESIAN_POINT('Ctrl Pts',(-1.69808571316214,-2.38120963073895,-1.02251801078164));
#3867=CARTESIAN_POINT('Ctrl Pts',(-1.69160719006806,-2.4053161001723,-1.03583831417248));
#3868=CARTESIAN_POINT('Ctrl Pts',(-1.75319029611437,-2.487,-1.02019029611437));
#3869=CARTESIAN_POINT('Ctrl Pts',(-1.71168886876917,-2.31459099854772,-0.998727423173038));
#3870=CARTESIAN_POINT('Ctrl Pts',(-1.71906490200862,-2.38072708555633,-1.00518331011206));
#3871=CARTESIAN_POINT('Ctrl Pts',(-1.71827840122131,-2.4047856221907,-1.01098448391913));
#3872=CARTESIAN_POINT('Ctrl Pts',(-1.75319029611437,-2.487,-1.02019029611437));
#3873=CARTESIAN_POINT('Ctrl Pts',(-1.73212138206569,-2.31462585157546,-0.978300398178206));
#3874=CARTESIAN_POINT('Ctrl Pts',(-1.73837963722615,-2.38075202570475,-0.98587641682351));
#3875=CARTESIAN_POINT('Ctrl Pts',(-1.74407438539688,-2.40480474140295,-0.985199809944857));
#3876=CARTESIAN_POINT('Ctrl Pts',(-1.75319029611438,-2.487,-1.02019029611437));
#3877=CARTESIAN_POINT('Ctrl Pts',(-1.75099088479876,-2.31490280049247,-0.956521833848384));
#3878=CARTESIAN_POINT('Ctrl Pts',(-1.7557221480221,-2.38128409329561,-0.964904975590534));
#3879=CARTESIAN_POINT('Ctrl Pts',(-1.76893953957468,-2.40537345245899,-0.95853986727928));
#3880=CARTESIAN_POINT('Ctrl Pts',(-1.75319029611437,-2.487,-1.02019029611437));
#3881=CARTESIAN_POINT('Ctrl Pts',(-1.75099088479876,-2.31490280049247,-0.956521833848384));
#3882=CARTESIAN_POINT('Ctrl Pts',(-1.7557221480221,-2.38128409329561,-0.964904975590534));
#3883=CARTESIAN_POINT('Ctrl Pts',(-1.76893953957468,-2.40537345245899,-0.95853986727928));
#3884=CARTESIAN_POINT('Ctrl Pts',(-1.75319029611437,-2.487,-1.02019029611437));
#3885=CARTESIAN_POINT('Ctrl Pts',(-2.24222473984644,-2.28901607676719,-0.988889018130709));
#3886=CARTESIAN_POINT('Ctrl Pts',(-2.23462197056951,-2.40023848859546,-0.997971957261107));
#3887=CARTESIAN_POINT('Ctrl Pts',(-2.21756651895006,-2.48841104910326,-1.01568101535414));
#3888=CARTESIAN_POINT('Ctrl Pts',(-2.19105838498808,-2.55353375829057,-1.04201619240979));
#3889=CARTESIAN_POINT('Ctrl Pts',(-2.1801481585258,-2.28901607676719,-0.898974949536395));
#3890=CARTESIAN_POINT('Ctrl Pts',(-2.17747180804076,-2.40023848859546,-0.900082936983547));
#3891=CARTESIAN_POINT('Ctrl Pts',(-2.15988117228269,-2.48841104910326,-0.941474363568298));
#3892=CARTESIAN_POINT('Ctrl Pts',(-2.12647886899808,-2.55353375829057,-1.0245811912495));
#3893=CARTESIAN_POINT('Ctrl Pts',(-1.98229075838053,-2.28901607676719,-0.794003359394123));
#3894=CARTESIAN_POINT('Ctrl Pts',(-1.98284731371715,-2.40023848859546,-0.78605886714456));
#3895=CARTESIAN_POINT('Ctrl Pts',(-1.98309307481683,-2.48841104910326,-0.856677299689738));
#3896=CARTESIAN_POINT('Ctrl Pts',(-1.9830280416796,-2.55353375829057,-1.00422642558778));
#3897=CARTESIAN_POINT('Ctrl Pts',(-1.78443335823526,-2.28901607676719,-0.898974949536395));
#3898=CARTESIAN_POINT('Ctrl Pts',(-1.78822281939353,-2.40023848859546,-0.900082936983547));
#3899=CARTESIAN_POINT('Ctrl Pts',(-1.80630497735098,-2.48841104910326,-0.941474363568298));
#3900=CARTESIAN_POINT('Ctrl Pts',(-1.83957721436111,-2.55353375829057,-1.0245811912495));
#3901=CARTESIAN_POINT('Ctrl Pts',(-1.72235677691462,-2.28901607676719,-0.988889018130709));
#3902=CARTESIAN_POINT('Ctrl Pts',(-1.73107265686478,-2.40023848859546,-0.997971957261107));
#3903=CARTESIAN_POINT('Ctrl Pts',(-1.74861963068361,-2.48841104910326,-1.01568101535414));
#3904=CARTESIAN_POINT('Ctrl Pts',(-1.77499769837111,-2.55353375829057,-1.04201619240979));
#3905=CARTESIAN_POINT('',(-2.21280970388563,-2.487,-1.02019029611437));
#3906=CARTESIAN_POINT('Ctrl Pts',(-2.21280970388563,-2.487,-1.02019029611437));
#3907=CARTESIAN_POINT('Ctrl Pts',(-2.19676146728506,-2.40592688509304,-0.958865126875721));
#3908=CARTESIAN_POINT('Ctrl Pts',(-2.20961670347447,-2.38167559360353,-0.96492905718523));
#3909=CARTESIAN_POINT('Ctrl Pts',(-2.21375809306841,-2.31551062535874,-0.956526944200907));
#3910=CARTESIAN_POINT('',(-2.19461187890866,-2.54451749041027,-1.03848115004576));
#3911=CARTESIAN_POINT('Ctrl Pts',(-2.21280970388563,-2.487,-1.02019029611437));
#3912=CARTESIAN_POINT('Ctrl Pts',(-2.20739135370533,-2.50775161337154,-1.02569628277248));
#3913=CARTESIAN_POINT('Ctrl Pts',(-2.20132541204634,-2.52692411017497,-1.03179323408294));
#3914=CARTESIAN_POINT('Ctrl Pts',(-2.19461187890866,-2.54451749041027,-1.03848115004576));
#3915=CARTESIAN_POINT('Ctrl Pts',(-1.7714825904423,-2.54458189198556,-1.03850563686897));
#3916=CARTESIAN_POINT('Ctrl Pts',(-1.77695368914997,-2.54891332967761,-1.03866273206702));
#3917=CARTESIAN_POINT('Ctrl Pts',(-1.79395142570076,-2.54975157883078,-1.03403818717248));
#3918=CARTESIAN_POINT('Ctrl Pts',(-1.85177875721215,-2.55167882470525,-1.0206145466472));
#3919=CARTESIAN_POINT('Ctrl Pts',(-1.94970358429979,-2.55420338292549,-1.01262554422074));
#3920=CARTESIAN_POINT('Ctrl Pts',(-2.06060813450865,-2.5531258807046,-1.01515032880712));
#3921=CARTESIAN_POINT('Ctrl Pts',(-2.13372472366486,-2.55102382829921,-1.02509559251848));
#3922=CARTESIAN_POINT('Ctrl Pts',(-2.17213614750387,-2.54973673907174,-1.03404824633064));
#3923=CARTESIAN_POINT('Ctrl Pts',(-2.18914616419382,-2.54885776345994,-1.03864267917946));
#3924=CARTESIAN_POINT('Ctrl Pts',(-2.19461187890866,-2.54451749041027,-1.03848115004576));
#3925=CARTESIAN_POINT('Ctrl Pts',(-2.21375809306841,-2.31551062535874,-0.956526944200907));
#3926=CARTESIAN_POINT('Ctrl Pts',(-2.20961670347447,-2.38167559360353,-0.96492905718523));
#3927=CARTESIAN_POINT('Ctrl Pts',(-2.19676146728506,-2.40592688509304,-0.958865126875721));
#3928=CARTESIAN_POINT('Ctrl Pts',(-2.21280970388563,-2.487,-1.02019029611437));
#3929=CARTESIAN_POINT('Ctrl Pts',(-2.23265283503574,-2.31514121268634,-0.978323854667394));
#3930=CARTESIAN_POINT('Ctrl Pts',(-2.22698801823668,-2.38108055375304,-0.985910085398126));
#3931=CARTESIAN_POINT('Ctrl Pts',(-2.22155742939844,-2.40530761553336,-0.98540844055286));
#3932=CARTESIAN_POINT('Ctrl Pts',(-2.21280970388563,-2.487,-1.02019029611437));
#3933=CARTESIAN_POINT('Ctrl Pts',(-2.25311518291213,-2.31500153821301,-0.998765385041472));
#3934=CARTESIAN_POINT('Ctrl Pts',(-2.24633320654663,-2.38098071998516,-1.00522447377087));
#3935=CARTESIAN_POINT('Ctrl Pts',(-2.24727659036785,-2.40523148368099,-1.01108285436286));
#3936=CARTESIAN_POINT('Ctrl Pts',(-2.21280970388563,-2.487,-1.02019029611437));
#3937=CARTESIAN_POINT('Ctrl Pts',(-2.27493288927535,-2.31509305072392,-1.01763950383222));
#3938=CARTESIAN_POINT('Ctrl Pts',(-2.26734465952391,-2.38137752105033,-1.02256510924907));
#3939=CARTESIAN_POINT('Ctrl Pts',(-2.27386448628607,-2.40569850708041,-1.03583401487132));
#3940=CARTESIAN_POINT('Ctrl Pts',(-2.21280970388563,-2.487,-1.02019029611437));
#3941=CARTESIAN_POINT('Ctrl Pts',(-2.27364440645872,-2.32716458657104,-1.01866224606886));
#3942=CARTESIAN_POINT('Ctrl Pts',(-2.26789841262622,-2.38467378661393,-1.02412456035841));
#3943=CARTESIAN_POINT('Ctrl Pts',(-2.2700118387862,-2.41082875210164,-1.03484687297042));
#3944=CARTESIAN_POINT('Ctrl Pts',(-2.21280970388563,-2.487,-1.02019029611437));
#3945=CARTESIAN_POINT('Ctrl Pts',(-1.78077238357996,-2.34216225265022,-1.65940802178485));
#3946=CARTESIAN_POINT('Ctrl Pts',(-1.47192167268279,-2.34447330595894,-1.9917714432822));
#3947=CARTESIAN_POINT('Ctrl Pts',(-1.07265478090942,-2.34456701592135,-2.2343223364856));
#3948=CARTESIAN_POINT('Ctrl Pts',(-0.639741141601001,-2.34250158258062,
-2.35651604926454));
#3949=CARTESIAN_POINT('Ctrl Pts',(-1.74709964326521,-2.35529926314056,-1.62920055109963));
#3950=CARTESIAN_POINT('Ctrl Pts',(-1.44596904177285,-2.35608805468656,-1.95660394957215));
#3951=CARTESIAN_POINT('Ctrl Pts',(-1.05331905685105,-2.35612004749817,-2.19529624469912));
#3952=CARTESIAN_POINT('Ctrl Pts',(-0.628241195377262,-2.35541537486379,
-2.31313742123323));
#3953=CARTESIAN_POINT('Ctrl Pts',(-1.71203943953455,-2.362,-1.59774840118513));
#3954=CARTESIAN_POINT('Ctrl Pts',(-1.41911563402424,-2.36199779718337,-1.9201381040622));
#3955=CARTESIAN_POINT('Ctrl Pts',(-1.03325170285369,-2.36199806522849,-2.15488427928534));
#3956=CARTESIAN_POINT('Ctrl Pts',(-0.616275814014643,-2.362,-2.26800313823021));
#3957=CARTESIAN_POINT('Ctrl Pts',(-1.67697552090194,-2.362,-1.56629291867012));
#3958=CARTESIAN_POINT('Ctrl Pts',(-1.39226049785697,-2.362,-1.88366921060157));
#3959=CARTESIAN_POINT('Ctrl Pts',(-1.01318247513965,-2.362,-2.11446936961808));
#3960=CARTESIAN_POINT('Ctrl Pts',(-0.604309208033892,-2.362,-2.22286423587912));
#3961=CARTESIAN_POINT('',(-0.639741141601177,-2.34250158258043,-2.3565160492652));
#3962=CARTESIAN_POINT('Ctrl Pts',(-1.77993774487638,-2.3421684910041,-1.6603057460496));
#3963=CARTESIAN_POINT('Ctrl Pts',(-1.47120251525102,-2.34447347299134,-1.99220821049057));
#3964=CARTESIAN_POINT('Ctrl Pts',(-1.07226491481471,-2.34456515586808,-2.23443237964727));
#3965=CARTESIAN_POINT('Ctrl Pts',(-0.639741141601001,-2.34250158258062,
-2.35651604926454));
#3966=CARTESIAN_POINT('',(-0.642081028462929,-2.34726648156084,-2.33748546113297));
#3967=CARTESIAN_POINT('Ctrl Pts',(-0.642081028462929,-2.34726648156084,
-2.33748546113297));
#3968=CARTESIAN_POINT('Ctrl Pts',(-0.641620145534815,-2.34573028431806,
-2.34401543816528));
#3969=CARTESIAN_POINT('Ctrl Pts',(-0.640811528520059,-2.34413252071332,
-2.35036877589161));
#3970=CARTESIAN_POINT('Ctrl Pts',(-0.639741141651085,-2.34250158265532,
-2.35651604898272));
#3971=CARTESIAN_POINT('',(-0.649013975191644,-2.362,-2.21050354680623));
#3972=CARTESIAN_POINT('Ctrl Pts',(-0.649013975191645,-2.362,-2.21050354680623));
#3973=CARTESIAN_POINT('Ctrl Pts',(-0.647362002368385,-2.362,-2.25312495852086));
#3974=CARTESIAN_POINT('Ctrl Pts',(-0.645013154074957,-2.35703972983617,
-2.29594191126081));
#3975=CARTESIAN_POINT('Ctrl Pts',(-0.642081028462977,-2.34726648156101,
-2.33748546113226));
#3976=CARTESIAN_POINT('Ctrl Pts',(-0.649010784619691,-2.362,-2.21049246614455));
#3977=CARTESIAN_POINT('Ctrl Pts',(-1.04076159061373,-2.362,-2.09748560173764));
#3978=CARTESIAN_POINT('Ctrl Pts',(-1.40266477474125,-2.362,-1.87207140033344));
#3979=CARTESIAN_POINT('Ctrl Pts',(-1.67697552090194,-2.362,-1.56629291867012));
#3980=CARTESIAN_POINT('Ctrl Pts',(-2.92103170168799,-2.162,-1.00203835451795));
#3981=CARTESIAN_POINT('Ctrl Pts',(-2.61409944454379,-2.22274291429337,-1.12162643441265));
#3982=CARTESIAN_POINT('Ctrl Pts',(-2.30716718739958,-2.28348582858673,-1.24121451430734));
#3983=CARTESIAN_POINT('Ctrl Pts',(-2.00023493025538,-2.34422874288009,-1.36080259420203));
#3984=CARTESIAN_POINT('Ctrl Pts',(-2.75959293822126,-2.162,-1.47538570974444));
#3985=CARTESIAN_POINT('Ctrl Pts',(-2.46199026313097,-2.22274291429337,-1.50585289473688));
#3986=CARTESIAN_POINT('Ctrl Pts',(-2.16488168506477,-2.28348582858673,-1.5361845605572));
#3987=CARTESIAN_POINT('Ctrl Pts',(-1.86727900997448,-2.34422874288009,-1.56665174554964));
#3988=CARTESIAN_POINT('Ctrl Pts',(-2.11153009308581,-2.162,-2.48831511152629));
#3989=CARTESIAN_POINT('Ctrl Pts',(-1.90096488983558,-2.22274291429337,-2.32585826128891));
#3990=CARTESIAN_POINT('Ctrl Pts',(-1.68976015552121,-2.28348582858673,-2.16243415993443));
#3991=CARTESIAN_POINT('Ctrl Pts',(-1.47919495227098,-2.34422874288009,-1.99997730969705));
#3992=CARTESIAN_POINT('Ctrl Pts',(-0.999627470626363,-2.162,-3.0078626715649));
#3993=CARTESIAN_POINT('Ctrl Pts',(-0.984157302492412,-2.22274291429337,
-2.76014232070317));
#3994=CARTESIAN_POINT('Ctrl Pts',(-0.969568317406943,-2.28348582858673,
-2.51460911644396));
#3995=CARTESIAN_POINT('Ctrl Pts',(-0.954098149272992,-2.3442287428801,-2.26688876558223));
#3996=CARTESIAN_POINT('Ctrl Pts',(-0.337154552936152,-2.162,-3.08393996320993));
#3997=CARTESIAN_POINT('Ctrl Pts',(-0.43708572834323,-2.22274291429337,-2.83964531086256));
#3998=CARTESIAN_POINT('Ctrl Pts',(-0.537016903750308,-2.28348582858673,
-2.59535065851518));
#3999=CARTESIAN_POINT('Ctrl Pts',(-0.636948079157386,-2.3442287428801,-2.35105600616781));
#4000=CARTESIAN_POINT('',(-2.92103170168799,-2.162,-1.00203835451795));
#4001=CARTESIAN_POINT('Ctrl Pts',(-2.92103170168799,-2.162,-1.00203835451795));
#4002=CARTESIAN_POINT('Ctrl Pts',(-2.9195024634519,-2.16230047922741,-1.00266195816948));
#4003=CARTESIAN_POINT('Ctrl Pts',(-2.91797776715499,-2.16260009537148,-1.00328368956261));
#4004=CARTESIAN_POINT('Ctrl Pts',(-2.76270045531275,-2.19310168846913,-1.06664304292632));
#4005=CARTESIAN_POINT('Ctrl Pts',(-2.6092146065825,-2.22319045915603,-1.13011943010951));
#4006=CARTESIAN_POINT('Ctrl Pts',(-2.45653484185081,-2.25254362950243,-1.19628791557127));
#4007=CARTESIAN_POINT('',(-0.339179828721558,-2.162,-3.08370671005862));
#4008=CARTESIAN_POINT('Ctrl Pts',(-0.339179820677588,-2.162,-3.08370668722237));
#4009=CARTESIAN_POINT('Ctrl Pts',(-1.0009223137146,-2.162,-3.00725740244213));
#4010=CARTESIAN_POINT('Ctrl Pts',(-2.11190748298296,-2.162,-2.48772524693888));
#4011=CARTESIAN_POINT('Ctrl Pts',(-2.75959293822126,-2.162,-1.47538570974444));
#4012=CARTESIAN_POINT('Ctrl Pts',(-2.92103170168799,-2.162,-1.00203835451795));
#4013=CARTESIAN_POINT('Ctrl Pts',(-0.639741141601364,-2.34250158258023,
-2.35651604926586));
#4014=CARTESIAN_POINT('Ctrl Pts',(-0.535476413497061,-2.28311861177899,
-2.59764942076001));
#4015=CARTESIAN_POINT('Ctrl Pts',(-0.436043025443631,-2.2226354674309,-2.84013964010873));
#4016=CARTESIAN_POINT('Ctrl Pts',(-0.33917982746718,-2.16200003010416,-3.08370671705413));
#4017=CARTESIAN_POINT('Ctrl Pts',(-2.92103170168799,-2.162,-1.00203835451795));
#4018=CARTESIAN_POINT('Ctrl Pts',(-2.9195024634519,-2.16230047922741,-1.00266195816948));
#4019=CARTESIAN_POINT('Ctrl Pts',(-2.91797776715499,-2.16260009537148,-1.00328368956261));
#4020=CARTESIAN_POINT('Ctrl Pts',(-2.76270045531275,-2.19310168846913,-1.06664304292632));
#4021=CARTESIAN_POINT('Ctrl Pts',(-2.6092146065825,-2.22319045915603,-1.13011943010951));
#4022=CARTESIAN_POINT('Ctrl Pts',(-2.45653484185081,-2.25254362950243,-1.19628791557127));
#4023=CARTESIAN_POINT('Ctrl Pts',(-2.92103170168799,-2.162,-1.00203835451795));
#4024=CARTESIAN_POINT('Ctrl Pts',(-2.91949565454908,-2.16230364910613,-1.00264379218763));
#4025=CARTESIAN_POINT('Ctrl Pts',(-2.91796467244523,-2.16260568672221,-1.00324766367494));
#4026=CARTESIAN_POINT('Ctrl Pts',(-2.76200198889518,-2.19341541953363,-1.06475346648404));
#4027=CARTESIAN_POINT('Ctrl Pts',(-2.60759907616547,-2.22392178472226,-1.1257080470764));
#4028=CARTESIAN_POINT('Ctrl Pts',(-2.45331850267904,-2.25419958370313,-1.1877730850549));
#4029=CARTESIAN_POINT('Ctrl Pts',(-2.92103170168799,-2.162,-1.00203835451795));
#4030=CARTESIAN_POINT('Ctrl Pts',(-2.91948951721518,-2.16230709364275,-1.00262585097222));
#4031=CARTESIAN_POINT('Ctrl Pts',(-2.91795096584184,-2.16261106694853,-1.00321142316087));
#4032=CARTESIAN_POINT('Ctrl Pts',(-2.76131524409063,-2.19372512902364,-1.06287188350867));
#4033=CARTESIAN_POINT('Ctrl Pts',(-2.60600477555351,-2.22464751375386,-1.1212985444317));
#4034=CARTESIAN_POINT('Ctrl Pts',(-2.44995430120859,-2.25523321993442,-1.17919314153189));
#4035=CARTESIAN_POINT('Ctrl Pts',(-2.92103170168799,-2.162,-1.00203835451795));
#4036=CARTESIAN_POINT('Ctrl Pts',(-2.91948256221616,-2.1623092388667,-1.00260777604588));
#4037=CARTESIAN_POINT('Ctrl Pts',(-2.9179380167841,-2.16261768494227,-1.00317530438085));
#4038=CARTESIAN_POINT('Ctrl Pts',(-2.76061103303759,-2.19400221623348,-1.06098463244095));
#4039=CARTESIAN_POINT('Ctrl Pts',(-2.60436549453665,-2.2253079503859,-1.11686641270816));
#4040=CARTESIAN_POINT('Ctrl Pts',(-2.44647453737146,-2.25563461418303,-1.17063046163597));
#4041=CARTESIAN_POINT('Ctrl Pts',(-2.45421605871348,-2.25414664141986,-1.1679922251654));
#4042=CARTESIAN_POINT('Ctrl Pts',(-2.60947346637307,-2.22428454126959,-1.11503912051721));
#4043=CARTESIAN_POINT('Ctrl Pts',(-2.76315743321755,-2.19349424503728,-1.06004896533623));
#4044=CARTESIAN_POINT('Ctrl Pts',(-2.9179380167841,-2.16261768494227,-1.00317530438085));
#4045=CARTESIAN_POINT('Ctrl Pts',(-2.91948256221616,-2.1623092388667,-1.00260777604588));
#4046=CARTESIAN_POINT('Ctrl Pts',(-2.92103170168799,-2.162,-1.00203835451795));
#4047=CARTESIAN_POINT('Ctrl Pts',(-2.68441489663065,-2.162,-0.671338369608078));
#4048=CARTESIAN_POINT('Ctrl Pts',(-2.53598703944373,-2.19281525313794,-0.782959155085621));
#4049=CARTESIAN_POINT('Ctrl Pts',(-2.38755918225681,-2.22363050627588,-0.894579940563164));
#4050=CARTESIAN_POINT('Ctrl Pts',(-2.23913132506989,-2.25444575941382,-1.00620072604071));
#4051=CARTESIAN_POINT('Ctrl Pts',(-2.76356000635918,-2.162,-0.671338369608079));
#4052=CARTESIAN_POINT('Ctrl Pts',(-2.60774892992131,-2.19281525313794,-0.78313424353998));
#4053=CARTESIAN_POINT('Ctrl Pts',(-2.45209249915183,-2.22363050627588,-0.894404852108805));
#4054=CARTESIAN_POINT('Ctrl Pts',(-2.29628142271396,-2.25444575941382,-1.00620072604071));
#4055=CARTESIAN_POINT('Ctrl Pts',(-2.92062817674992,-2.162,-0.752327077789694));
#4056=CARTESIAN_POINT('Ctrl Pts',(-2.75052602485438,-2.19281525313794,-0.851374672483758));
#4057=CARTESIAN_POINT('Ctrl Pts',(-2.5800265871012,-2.22363050627588,-0.950706526369291));
#4058=CARTESIAN_POINT('Ctrl Pts',(-2.40992443520566,-2.25444575941382,-1.04975412106335));
#4059=CARTESIAN_POINT('Ctrl Pts',(-2.94657973833112,-2.162,-0.927130102518439));
#4060=CARTESIAN_POINT('Ctrl Pts',(-2.78188970728513,-2.19281525313794,-0.999331723470988));
#4061=CARTESIAN_POINT('Ctrl Pts',(-2.61774674229964,-2.22363050627588,-1.07155653299515));
#4062=CARTESIAN_POINT('Ctrl Pts',(-2.45305671125365,-2.25444575941382,-1.1437581539477));
#4063=CARTESIAN_POINT('Ctrl Pts',(-2.92103170168799,-2.162,-1.00203835451795));
#4064=CARTESIAN_POINT('Ctrl Pts',(-2.76532308433693,-2.19281525313794,-1.06270612125694));
#4065=CARTESIAN_POINT('Ctrl Pts',(-2.60961446698587,-2.22363050627588,-1.12337388799594));
#4066=CARTESIAN_POINT('Ctrl Pts',(-2.45390584963481,-2.25444575941382,-1.18404165473493));
#4067=CARTESIAN_POINT('',(-2.68441489663065,-2.162,-0.671338369608078));
#4068=CARTESIAN_POINT('',(-2.68441489663065,-2.162,-0.671338369608078));
#4069=CARTESIAN_POINT('Ctrl Pts',(-2.92103170168799,-2.162,-1.00203835451795));
#4070=CARTESIAN_POINT('Ctrl Pts',(-2.94657973833112,-2.162,-0.927130102518439));
#4071=CARTESIAN_POINT('Ctrl Pts',(-2.92062817674992,-2.162,-0.752327077789694));
#4072=CARTESIAN_POINT('Ctrl Pts',(-2.76356000635918,-2.162,-0.671338369608079));
#4073=CARTESIAN_POINT('Ctrl Pts',(-2.68441489663065,-2.162,-0.671338369608078));
#4074=CARTESIAN_POINT('Ctrl Pts',(-1.62168233909662,-2.362,1.61050570519812));
#4075=CARTESIAN_POINT('Ctrl Pts',(-1.60933011057953,-2.362,1.59807703534049));
#4076=CARTESIAN_POINT('Ctrl Pts',(-1.58826209247199,-2.362,1.57578242992865));
#4077=CARTESIAN_POINT('Ctrl Pts',(-1.54947919734688,-2.362,1.52813951582525));
#4078=CARTESIAN_POINT('Ctrl Pts',(-1.52576714217652,-2.362,1.49083951275721));
#4079=CARTESIAN_POINT('Ctrl Pts',(-1.51179938106701,-2.362,1.46354042142841));
#4080=CARTESIAN_POINT('Ctrl Pts',(-1.65384609514461,-2.362,1.57853976924332));
#4081=CARTESIAN_POINT('Ctrl Pts',(-1.64074167355613,-2.36203064815077,1.56768574623781));
#4082=CARTESIAN_POINT('Ctrl Pts',(-1.6198848708415,-2.36201486347343,1.54788568141946));
#4083=CARTESIAN_POINT('Ctrl Pts',(-1.58194159438269,-2.36206369342624,1.50506131323418));
#4084=CARTESIAN_POINT('Ctrl Pts',(-1.55920104334607,-2.36199310929517,1.47109787853749));
#4085=CARTESIAN_POINT('Ctrl Pts',(-1.54576040935097,-2.362,1.44616403609784));
#4086=CARTESIAN_POINT('Ctrl Pts',(-1.70995273286461,-2.39004609254896,1.52277821001124));
#4087=CARTESIAN_POINT('Ctrl Pts',(-1.69558955292882,-2.38794004197405,1.51461372997997));
#4088=CARTESIAN_POINT('Ctrl Pts',(-1.67510899207697,-2.38606401466772,1.49916715938908));
#4089=CARTESIAN_POINT('Ctrl Pts',(-1.63869420802202,-2.38330670877995,1.46467955308881));
#4090=CARTESIAN_POINT('Ctrl Pts',(-1.61760682199775,-2.38227695198315,1.43661716871562));
#4091=CARTESIAN_POINT('Ctrl Pts',(-1.605097413957,-2.38163342571711,1.4158038642039));
#4092=CARTESIAN_POINT('Ctrl Pts',(-1.74443887955614,-2.45615510823099,1.48850416705355));
#4093=CARTESIAN_POINT('Ctrl Pts',(-1.73076393555554,-2.44987422438577,1.48054310899123));
#4094=CARTESIAN_POINT('Ctrl Pts',(-1.71183559536074,-2.44406976583391,1.46669381450653));
#4095=CARTESIAN_POINT('Ctrl Pts',(-1.67843144989545,-2.43553725777226,1.43630041201647));
#4096=CARTESIAN_POINT('Ctrl Pts',(-1.65935863908832,-2.43212840309085,1.41192329859233));
#4097=CARTESIAN_POINT('Ctrl Pts',(-1.64802293009034,-2.43007691735719,1.39384073921811));
#4098=CARTESIAN_POINT('Ctrl Pts',(-1.75339647147397,-2.48773345057946,1.4796016679447));
#4099=CARTESIAN_POINT('Ctrl Pts',(-1.74047882955792,-2.47977871697632,1.4711170909647));
#4100=CARTESIAN_POINT('Ctrl Pts',(-1.72247173975946,-2.47232721519504,1.4572625883227));
#4101=CARTESIAN_POINT('Ctrl Pts',(-1.69070292095244,-2.4613237217931,1.42747906243633));
#4102=CARTESIAN_POINT('Ctrl Pts',(-1.67253504726375,-2.45685311480068,1.40411833879587));
#4103=CARTESIAN_POINT('Ctrl Pts',(-1.66175499886627,-2.45417390662333,1.3868146351661));
#4104=CARTESIAN_POINT('',(-1.66175499886627,-2.45417390662333,1.3868146351661));
#4105=CARTESIAN_POINT('',(-1.51179938106701,-2.362,1.46354042142841));
#4106=CARTESIAN_POINT('Origin',(-1.51179938106701,-2.562,1.46354042142841));
#4107=CARTESIAN_POINT('',(-1.62168233909662,-2.362,1.61050570519812));
#4108=CARTESIAN_POINT('Ctrl Pts',(-1.51179938106701,-2.362,1.46354042142841));
#4109=CARTESIAN_POINT('Ctrl Pts',(-1.52576714217652,-2.362,1.49083951275721));
#4110=CARTESIAN_POINT('Ctrl Pts',(-1.54947919734688,-2.362,1.52813951582525));
#4111=CARTESIAN_POINT('Ctrl Pts',(-1.58826209247199,-2.362,1.57578242992865));
#4112=CARTESIAN_POINT('Ctrl Pts',(-1.60933011057953,-2.362,1.59807703534049));
#4113=CARTESIAN_POINT('Ctrl Pts',(-1.62168233909662,-2.362,1.61050570519812));
#4114=CARTESIAN_POINT('',(-1.75319035934152,-2.487,1.47980970388563));
#4115=CARTESIAN_POINT('Origin',(-1.62168233909662,-2.562,1.61050570519812));
#4116=CARTESIAN_POINT('Ctrl Pts',(-1.75310982644625,-2.48755727488794,1.47941320295735));
#4117=CARTESIAN_POINT('Ctrl Pts',(-1.74032641697898,-2.47971566642678,1.47099977816389));
#4118=CARTESIAN_POINT('Ctrl Pts',(-1.72240449991088,-2.47230392590517,1.45719955041804));
#4119=CARTESIAN_POINT('Ctrl Pts',(-1.69070292095244,-2.4613237217931,1.42747906243633));
#4120=CARTESIAN_POINT('Ctrl Pts',(-1.67253504726375,-2.45685311480068,1.40411833879587));
#4121=CARTESIAN_POINT('Ctrl Pts',(-1.66175499886627,-2.45417390662333,1.3868146351661));
#4122=CARTESIAN_POINT('Ctrl Pts',(-1.51179938106701,-2.362,1.46354042142841));
#4123=CARTESIAN_POINT('Ctrl Pts',(-1.48142765153007,-2.362,1.42114071194671));
#4124=CARTESIAN_POINT('Ctrl Pts',(-1.45799263431256,-2.35633837034005,1.37528201232538));
#4125=CARTESIAN_POINT('Ctrl Pts',(-1.44341663413393,-2.3439704952363,1.33048238250014));
#4126=CARTESIAN_POINT('Ctrl Pts',(-1.54576040935097,-2.362,1.44616403609784));
#4127=CARTESIAN_POINT('Ctrl Pts',(-1.51700920227568,-2.36052368969814,1.40660172367353));
#4128=CARTESIAN_POINT('Ctrl Pts',(-1.49534477748257,-2.35392178843436,1.36343480591589));
#4129=CARTESIAN_POINT('Ctrl Pts',(-1.48238922312629,-2.34164713408205,1.32206656986152));
#4130=CARTESIAN_POINT('Ctrl Pts',(-1.6050976253298,-2.38163304399821,1.4158037560536));
#4131=CARTESIAN_POINT('Ctrl Pts',(-1.57917067494713,-2.37774940561612,1.37949813910173));
#4132=CARTESIAN_POINT('Ctrl Pts',(-1.56061241349807,-2.37009320107831,1.33923923290802));
#4133=CARTESIAN_POINT('Ctrl Pts',(-1.55046073595044,-2.35838521653783,1.30162586044074));
#4134=CARTESIAN_POINT('Ctrl Pts',(-1.64802293009034,-2.43007691735719,1.39384073921811));
#4135=CARTESIAN_POINT('Ctrl Pts',(-1.62401588452204,-2.42468670681288,1.35707301863798));
#4136=CARTESIAN_POINT('Ctrl Pts',(-1.60699102722268,-2.41720026163125,1.31587025893155));
#4137=CARTESIAN_POINT('Ctrl Pts',(-1.59796389961883,-2.40632721491782,1.27735073910844));
#4138=CARTESIAN_POINT('Ctrl Pts',(-1.66175499886627,-2.45417390662333,1.3868146351661));
#4139=CARTESIAN_POINT('Ctrl Pts',(-1.63831468429195,-2.44834819228778,1.34918917733632));
#4140=CARTESIAN_POINT('Ctrl Pts',(-1.62154036061683,-2.44106886188456,1.30697646366617));
#4141=CARTESIAN_POINT('Ctrl Pts',(-1.6125485124759,-2.43048033581956,1.26729330244464));
#4142=CARTESIAN_POINT('',(-1.6125485124759,-2.43048033581956,1.26729330244464));
#4143=CARTESIAN_POINT('',(-1.44341663413393,-2.3439704952363,1.33048238250014));
#4144=CARTESIAN_POINT('Origin',(-1.44341663413908,-2.53675869333082,1.27725916693147));
#4145=CARTESIAN_POINT('Ctrl Pts',(-1.44341663413393,-2.3439704952363,1.33048238250014));
#4146=CARTESIAN_POINT('Ctrl Pts',(-1.45799263431256,-2.35633837034005,1.37528201232538));
#4147=CARTESIAN_POINT('Ctrl Pts',(-1.48142765153007,-2.362,1.42114071194671));
#4148=CARTESIAN_POINT('Ctrl Pts',(-1.51179938106701,-2.362,1.46354042142841));
#4149=CARTESIAN_POINT('Ctrl Pts',(-1.66175499886627,-2.45417390662333,1.3868146351661));
#4150=CARTESIAN_POINT('Ctrl Pts',(-1.63831468429195,-2.44834819228778,1.34918917733632));
#4151=CARTESIAN_POINT('Ctrl Pts',(-1.62154036061683,-2.44106886188456,1.30697646366617));
#4152=CARTESIAN_POINT('Ctrl Pts',(-1.6125485124759,-2.43048033581956,1.26729330244464));
#4153=CARTESIAN_POINT('Ctrl Pts',(-1.44341663413393,-2.3439704952363,1.33048238250014));
#4154=CARTESIAN_POINT('Ctrl Pts',(-1.41050946717137,-2.30487963241378,1.18888520680978));
#4155=CARTESIAN_POINT('Ctrl Pts',(-1.46034904341743,-2.26135988979874,1.03124548755586));
#4156=CARTESIAN_POINT('Ctrl Pts',(-1.56750946755043,-2.23322526429796,0.929334625991877));
#4157=CARTESIAN_POINT('Ctrl Pts',(-1.48238922312629,-2.34164713408205,1.32206656986152));
#4158=CARTESIAN_POINT('Ctrl Pts',(-1.45245804429371,-2.30587476669707,1.19249841069463));
#4159=CARTESIAN_POINT('Ctrl Pts',(-1.49938467821493,-2.266842043841,1.05106394216602));
#4160=CARTESIAN_POINT('Ctrl Pts',(-1.59751172921365,-2.24131789099797,0.958648204715593));
#4161=CARTESIAN_POINT('Ctrl Pts',(-1.55046099732137,-2.35838480918053,1.30162591215768));
#4162=CARTESIAN_POINT('Ctrl Pts',(-1.52571416389364,-2.32859372670935,1.19297795159338));
#4163=CARTESIAN_POINT('Ctrl Pts',(-1.56750496517769,-2.29952114272909,1.0793376027887));
#4164=CARTESIAN_POINT('Ctrl Pts',(-1.64988423214264,-2.27933610951055,1.00322275954718));
#4165=CARTESIAN_POINT('Ctrl Pts',(-1.59796389961883,-2.40632721491782,1.27735073910844));
#4166=CARTESIAN_POINT('Ctrl Pts',(-1.57667026475582,-2.38099976815864,1.18329495229411));
#4167=CARTESIAN_POINT('Ctrl Pts',(-1.61276034329345,-2.36167138012839,1.08717418996248));
#4168=CARTESIAN_POINT('Ctrl Pts',(-1.68424875575336,-2.34592889161542,1.02097311423868));
#4169=CARTESIAN_POINT('Ctrl Pts',(-1.6125485124759,-2.43048033581956,1.26729330244464));
#4170=CARTESIAN_POINT('Ctrl Pts',(-1.59224827616383,-2.40657539681849,1.17770353871855));
#4171=CARTESIAN_POINT('Ctrl Pts',(-1.62582268462488,-2.39070694854379,1.08649417584248));
#4172=CARTESIAN_POINT('Ctrl Pts',(-1.69402452161926,-2.3763828503047,1.02284499021685));
#4173=CARTESIAN_POINT('',(-1.69402452159941,-2.3763828503081,1.02284499023511));
#4174=CARTESIAN_POINT('',(-1.56750946755043,-2.23322526429796,0.929334625991877));
#4175=CARTESIAN_POINT('Origin',(-1.56750946755558,-2.42601346239248,0.876111410423213));
#4176=CARTESIAN_POINT('Ctrl Pts',(-1.56750946755043,-2.23322526429796,0.929334625991877));
#4177=CARTESIAN_POINT('Ctrl Pts',(-1.46034904341743,-2.26135988979874,1.03124548755586));
#4178=CARTESIAN_POINT('Ctrl Pts',(-1.41050946717137,-2.30487963241378,1.18888520680978));
#4179=CARTESIAN_POINT('Ctrl Pts',(-1.44341663413393,-2.3439704952363,1.33048238250014));
#4180=CARTESIAN_POINT('Ctrl Pts',(-1.6125485124759,-2.43048033581956,1.26729330244464));
#4181=CARTESIAN_POINT('Ctrl Pts',(-1.59224827616383,-2.40657539681849,1.17770353871855));
#4182=CARTESIAN_POINT('Ctrl Pts',(-1.62582268462488,-2.39070694854379,1.08649417584248));
#4183=CARTESIAN_POINT('Ctrl Pts',(-1.69402452161926,-2.3763828503047,1.02284499021685));
#4184=CARTESIAN_POINT('Ctrl Pts',(-1.5675094675261,-2.23322526430434,0.929334626015011));
#4185=CARTESIAN_POINT('Ctrl Pts',(-1.58150137671394,-2.22955173344183,0.91602815086147));
#4186=CARTESIAN_POINT('Ctrl Pts',(-1.59441554376075,-2.22558343810779,0.901653962855026));
#4187=CARTESIAN_POINT('Ctrl Pts',(-1.60614887698031,-2.2213870691741,0.886453633514532));
#4188=CARTESIAN_POINT('Ctrl Pts',(-1.59751172919964,-2.24131789100196,0.958648204730065));
#4189=CARTESIAN_POINT('Ctrl Pts',(-1.61341870109613,-2.23730722541151,0.944147818511378));
#4190=CARTESIAN_POINT('Ctrl Pts',(-1.62818641112969,-2.23300725330783,0.928504262307396));
#4191=CARTESIAN_POINT('Ctrl Pts',(-1.64172340681605,-2.22843122797935,0.911969391418829));
#4192=CARTESIAN_POINT('Ctrl Pts',(-1.64988453241287,-2.27933561747798,1.00322321111571));
#4193=CARTESIAN_POINT('Ctrl Pts',(-1.6691158084716,-2.27528784340406,0.986480277700034));
#4194=CARTESIAN_POINT('Ctrl Pts',(-1.68714170585821,-2.2709957494438,0.968452696718272));
#4195=CARTESIAN_POINT('Ctrl Pts',(-1.70379813308274,-2.26652926333215,0.949367925560906));
#4196=CARTESIAN_POINT('Ctrl Pts',(-1.68424875576847,-2.34592889161532,1.0209731142266));
#4197=CARTESIAN_POINT('Ctrl Pts',(-1.70530073470151,-2.34250142375609,1.0021909482623));
#4198=CARTESIAN_POINT('Ctrl Pts',(-1.72492007555672,-2.33903296807277,0.981949652338507));
#4199=CARTESIAN_POINT('Ctrl Pts',(-1.74295097888984,-2.33553872532882,0.960539014034853));
#4200=CARTESIAN_POINT('Ctrl Pts',(-1.69402452163728,-2.37638285030455,1.02284499020127));
#4201=CARTESIAN_POINT('Ctrl Pts',(-1.71545231225545,-2.37324209641364,1.00330743354748));
#4202=CARTESIAN_POINT('Ctrl Pts',(-1.73534252622202,-2.3701405306726,0.982243411372112));
#4203=CARTESIAN_POINT('Ctrl Pts',(-1.75350827764427,-2.3670702047613,0.959983406564117));
#4204=CARTESIAN_POINT('',(-1.75350827764344,-2.36707020475808,0.959983406563884));
#4205=CARTESIAN_POINT('',(-1.60614887698031,-2.2213870691741,0.886453633514533));
#4206=CARTESIAN_POINT('Origin',(-1.60614887698546,-2.41417526726862,0.833230417945868));
#4207=CARTESIAN_POINT('Ctrl Pts',(-1.60614887698031,-2.2213870691741,0.886453633514532));
#4208=CARTESIAN_POINT('Ctrl Pts',(-1.59441554376075,-2.22558343810779,0.901653962855026));
#4209=CARTESIAN_POINT('Ctrl Pts',(-1.58150137671394,-2.22955173344183,0.91602815086147));
#4210=CARTESIAN_POINT('Ctrl Pts',(-1.5675094675261,-2.23322526430434,0.929334626015011));
#4211=CARTESIAN_POINT('Ctrl Pts',(-1.69402452163728,-2.37638285030455,1.02284499020127));
#4212=CARTESIAN_POINT('Ctrl Pts',(-1.71545231225545,-2.37324209641364,1.00330743354748));
#4213=CARTESIAN_POINT('Ctrl Pts',(-1.73534252622202,-2.3701405306726,0.982243411372112));
#4214=CARTESIAN_POINT('Ctrl Pts',(-1.75350827764427,-2.3670702047613,0.959983406564117));
#4215=CARTESIAN_POINT('Ctrl Pts',(-1.60614887698247,-2.22138706917333,0.886453633511744));
#4216=CARTESIAN_POINT('Ctrl Pts',(-1.68074282300586,-2.19470891115387,0.789818472375457));
#4217=CARTESIAN_POINT('Ctrl Pts',(-1.87359179870987,-2.16259489553348,0.673493234640545));
#4218=CARTESIAN_POINT('Ctrl Pts',(-2.17628928466765,-2.17433228013528,0.716009065469356));
#4219=CARTESIAN_POINT('Ctrl Pts',(-2.30935424389307,-2.20362268003706,0.822106439686289));
#4220=CARTESIAN_POINT('Ctrl Pts',(-2.35916448863762,-2.22139206992928,0.886471747610906));
#4221=CARTESIAN_POINT('Ctrl Pts',(-1.64172340681787,-2.22843122797867,0.911969391416356));
#4222=CARTESIAN_POINT('Ctrl Pts',(-1.70909473133172,-2.20376109858544,0.822519698858981));
#4223=CARTESIAN_POINT('Ctrl Pts',(-1.88438825638325,-2.17495130020489,0.718211529169187));
#4224=CARTESIAN_POINT('Ctrl Pts',(-2.15729310928708,-2.18544871177387,0.756213991851947));
#4225=CARTESIAN_POINT('Ctrl Pts',(-2.27851990671085,-2.21203791652452,0.852527666465148));
#4226=CARTESIAN_POINT('Ctrl Pts',(-2.32349121284217,-2.22847366970331,0.912123126342745));
#4227=CARTESIAN_POINT('Ctrl Pts',(-1.70379730207153,-2.26653041948905,0.949366964908156));
#4228=CARTESIAN_POINT('Ctrl Pts',(-1.7586416478028,-2.24368573594904,0.872914439867787));
#4229=CARTESIAN_POINT('Ctrl Pts',(-1.9031462158199,-2.22162331540043,0.789238380130761));
#4230=CARTESIAN_POINT('Ctrl Pts',(-2.12418419780077,-2.22956102847703,0.819501949645755));
#4231=CARTESIAN_POINT('Ctrl Pts',(-2.22466743576075,-2.25157300636615,0.898744300511187));
#4232=CARTESIAN_POINT('Ctrl Pts',(-2.26124772838649,-2.26683479691362,0.949700968294785));
#4233=CARTESIAN_POINT('Ctrl Pts',(-1.74295097889077,-2.33553872532813,0.960539014033407));
#4234=CARTESIAN_POINT('Ctrl Pts',(-1.7911669630192,-2.31189280854137,0.893854892079424));
#4235=CARTESIAN_POINT('Ctrl Pts',(-1.91506904995324,-2.29535788709446,0.822629048209902));
#4236=CARTESIAN_POINT('Ctrl Pts',(-2.10307667340964,-2.30118121266414,0.848289295378457));
#4237=CARTESIAN_POINT('Ctrl Pts',(-2.18996330421002,-2.3203888681199,0.916344522081233));
#4238=CARTESIAN_POINT('Ctrl Pts',(-2.22214881055139,-2.33625144591348,0.960794446886705));
#4239=CARTESIAN_POINT('Ctrl Pts',(-1.75350827764515,-2.36707020476056,0.959983406562821));
#4240=CARTESIAN_POINT('Ctrl Pts',(-1.80045303621283,-2.34285588188942,0.896408032390477));
#4241=CARTESIAN_POINT('Ctrl Pts',(-1.91826877725042,-2.32804948944681,0.828355361477388));
#4242=CARTESIAN_POINT('Ctrl Pts',(-2.09732502746663,-2.33321009014027,0.852868641099398));
#4243=CARTESIAN_POINT('Ctrl Pts',(-2.18030451975394,-2.35167030158995,0.917780723460674));
#4244=CARTESIAN_POINT('Ctrl Pts',(-2.21166759513334,-2.36793578459091,0.960158398313913));
#4245=CARTESIAN_POINT('',(-2.21166759439609,-2.36793578468438,0.960158397491128));
#4246=CARTESIAN_POINT('',(-2.35916448863762,-2.22139206992928,0.886471747610906));
#4247=CARTESIAN_POINT('Origin',(-2.35916448864277,-2.4141802680238,0.833248532042242));
#4248=CARTESIAN_POINT('Ctrl Pts',(-2.35916448863762,-2.22139206992928,0.886471747610906));
#4249=CARTESIAN_POINT('Ctrl Pts',(-2.30935424389307,-2.20362268003706,0.822106439686289));
#4250=CARTESIAN_POINT('Ctrl Pts',(-2.17628928466765,-2.17433228013528,0.716009065469356));
#4251=CARTESIAN_POINT('Ctrl Pts',(-1.87359179870987,-2.16259489553348,0.673493234640545));
#4252=CARTESIAN_POINT('Ctrl Pts',(-1.68074282300586,-2.19470891115387,0.789818472375457));
#4253=CARTESIAN_POINT('Ctrl Pts',(-1.60614887698247,-2.22138706917333,0.886453633511744));
#4254=CARTESIAN_POINT('Ctrl Pts',(-1.75350827764515,-2.36707020476056,0.959983406562821));
#4255=CARTESIAN_POINT('Ctrl Pts',(-1.80045303621283,-2.34285588188942,0.896408032390477));
#4256=CARTESIAN_POINT('Ctrl Pts',(-1.91826877725042,-2.32804948944681,0.828355361477388));
#4257=CARTESIAN_POINT('Ctrl Pts',(-2.09732502715028,-2.33321009013115,0.85286864105609));
#4258=CARTESIAN_POINT('Ctrl Pts',(-2.18030451924083,-2.3516703014758,0.917780723059285));
#4259=CARTESIAN_POINT('Ctrl Pts',(-2.21166759455153,-2.36793578428917,0.960158397527777));
#4260=CARTESIAN_POINT('Ctrl Pts',(-2.35916448693442,-2.22139206932167,0.886471745410014));
#4261=CARTESIAN_POINT('Ctrl Pts',(-2.36396757199373,-2.22310552987585,0.892678340957495));
#4262=CARTESIAN_POINT('Ctrl Pts',(-2.36896706247798,-2.22478127111753,0.898748307437899));
#4263=CARTESIAN_POINT('Ctrl Pts',(-2.37415373509491,-2.22641362437561,0.904661111464183));
#4264=CARTESIAN_POINT('Ctrl Pts',(-2.32349121142074,-2.22847366916759,0.912123124402232));
#4265=CARTESIAN_POINT('Ctrl Pts',(-2.32903481297047,-2.23034158935695,0.918872186701699));
#4266=CARTESIAN_POINT('Ctrl Pts',(-2.33477952057928,-2.23215594230547,0.925476000608181));
#4267=CARTESIAN_POINT('Ctrl Pts',(-2.34072621239202,-2.23393541267679,0.931906966442448));
#4268=CARTESIAN_POINT('Ctrl Pts',(-2.26124782564392,-2.26683493234682,0.949700853322224));
#4269=CARTESIAN_POINT('Ctrl Pts',(-2.26807186155212,-2.26865120045166,0.957488567798878));
#4270=CARTESIAN_POINT('Ctrl Pts',(-2.27512702292902,-2.27044196342813,0.965099975113688));
#4271=CARTESIAN_POINT('Ctrl Pts',(-2.28239010954272,-2.27219243740808,0.972517358262488));
#4272=CARTESIAN_POINT('Ctrl Pts',(-2.22214880986485,-2.33625144535948,0.960794445798072));
#4273=CARTESIAN_POINT('Ctrl Pts',(-2.2295300836656,-2.33766050527075,0.969533539417849));
#4274=CARTESIAN_POINT('Ctrl Pts',(-2.23717344269221,-2.33906600123347,0.978078625286811));
#4275=CARTESIAN_POINT('Ctrl Pts',(-2.2450715804657,-2.34046432768377,0.986405041665492));
#4276=CARTESIAN_POINT('Ctrl Pts',(-2.21166759448801,-2.36793578400219,0.960158397349373));
#4277=CARTESIAN_POINT('Ctrl Pts',(-2.21909982096088,-2.36916844430245,0.969245429510069));
#4278=CARTESIAN_POINT('Ctrl Pts',(-2.22681945478,-2.37040601424045,0.978134451816796));
#4279=CARTESIAN_POINT('Ctrl Pts',(-2.23481023309926,-2.37164889481589,0.986797075568204));
#4280=CARTESIAN_POINT('',(-2.23481023309926,-2.37164889481589,0.986797075568207));
#4281=CARTESIAN_POINT('',(-2.37415373499932,-2.22641362434301,0.904661111346073));
#4282=CARTESIAN_POINT('Origin',(-2.37415373510006,-2.41920182247013,0.85143789589552));
#4283=CARTESIAN_POINT('Ctrl Pts',(-2.37415373509491,-2.22641362437561,0.904661111464183));
#4284=CARTESIAN_POINT('Ctrl Pts',(-2.36896706309105,-2.22478127131048,0.898748308136803));
#4285=CARTESIAN_POINT('Ctrl Pts',(-2.36396757317563,-2.223105530272,0.892678342392457));
#4286=CARTESIAN_POINT('Ctrl Pts',(-2.35916448863762,-2.22139206992928,0.886471747610907));
#4287=CARTESIAN_POINT('Ctrl Pts',(-2.21166759448801,-2.36793578400219,0.960158397349373));
#4288=CARTESIAN_POINT('Ctrl Pts',(-2.21909982096088,-2.36916844430245,0.969245429510069));
#4289=CARTESIAN_POINT('Ctrl Pts',(-2.22681945478,-2.37040601424045,0.978134451816796));
#4290=CARTESIAN_POINT('Ctrl Pts',(-2.23481023309926,-2.37164889481589,0.986797075568204));
#4291=CARTESIAN_POINT('Ctrl Pts',(-2.37415373501369,-2.2264136244159,0.904661111386945));
#4292=CARTESIAN_POINT('Ctrl Pts',(-2.37899487011209,-2.22786784851191,0.909928685714462));
#4293=CARTESIAN_POINT('Ctrl Pts',(-2.38482758627537,-2.22913330698781,0.915411448260056));
#4294=CARTESIAN_POINT('Ctrl Pts',(-2.39138681064517,-2.23015479512042,0.920820325472871));
#4295=CARTESIAN_POINT('Ctrl Pts',(-2.34072621231895,-2.23393541271769,0.931906966372145));
#4296=CARTESIAN_POINT('Ctrl Pts',(-2.34690602561232,-2.23565547256425,0.938256918516474));
#4297=CARTESIAN_POINT('Ctrl Pts',(-2.35403469150326,-2.23707464112068,0.944836513711481));
#4298=CARTESIAN_POINT('Ctrl Pts',(-2.36186267536178,-2.23819525891392,0.951314897998058));
#4299=CARTESIAN_POINT('Ctrl Pts',(-2.28239023338003,-2.27219262005263,0.972517199132517));
#4300=CARTESIAN_POINT('Ctrl Pts',(-2.29124244753379,-2.27412398860288,0.981294508768714));
#4301=CARTESIAN_POINT('Ctrl Pts',(-2.30090418107436,-2.2756921097081,0.990170879783197));
#4302=CARTESIAN_POINT('Ctrl Pts',(-2.3111787601183,-2.27693392943193,0.998846759620506));
#4303=CARTESIAN_POINT('Ctrl Pts',(-2.24507158044509,-2.34046432773097,0.986405041657149));
#4304=CARTESIAN_POINT('Ctrl Pts',(-2.2559589972234,-2.34229951484029,0.997832289535527));
#4305=CARTESIAN_POINT('Ctrl Pts',(-2.26757603040959,-2.34382994359325,1.00902282415943));
#4306=CARTESIAN_POINT('Ctrl Pts',(-2.27977606372372,-2.34512321824798,1.01975870024497));
#4307=CARTESIAN_POINT('Ctrl Pts',(-2.23481023309053,-2.37164889486536,0.986797075576596));
#4308=CARTESIAN_POINT('Ctrl Pts',(-2.24631953139525,-2.37343904379489,0.999274048013945));
#4309=CARTESIAN_POINT('Ctrl Pts',(-2.25856477331634,-2.37495207368328,1.01135082103767));
#4310=CARTESIAN_POINT('Ctrl Pts',(-2.27138955151588,-2.37626650267303,1.02284474902323));
#4311=CARTESIAN_POINT('',(-2.27138955151588,-2.37626650267302,1.02284474902322));
#4312=CARTESIAN_POINT('',(-2.39138681064517,-2.23015479512042,0.920820325472871));
#4313=CARTESIAN_POINT('Origin',(-2.39806887771452,-2.42493763184806,0.875931613127605));
#4314=CARTESIAN_POINT('Ctrl Pts',(-2.39138681064517,-2.23015479512042,0.920820325472871));
#4315=CARTESIAN_POINT('Ctrl Pts',(-2.38482758627537,-2.22913330698781,0.915411448260056));
#4316=CARTESIAN_POINT('Ctrl Pts',(-2.37899487011209,-2.22786784851191,0.909928685714462));
#4317=CARTESIAN_POINT('Ctrl Pts',(-2.37415373501369,-2.2264136244159,0.904661111386945));
#4318=CARTESIAN_POINT('Ctrl Pts',(-2.23481023309053,-2.37164889486536,0.986797075576596));
#4319=CARTESIAN_POINT('Ctrl Pts',(-2.24631953139525,-2.37343904379489,0.999274048013945));
#4320=CARTESIAN_POINT('Ctrl Pts',(-2.25856477331634,-2.37495207368328,1.01135082103767));
#4321=CARTESIAN_POINT('Ctrl Pts',(-2.27138955151588,-2.37626650267303,1.02284474902323));
#4322=CARTESIAN_POINT('Ctrl Pts',(-2.39138681064517,-2.23015479512042,0.920820325472871));
#4323=CARTESIAN_POINT('Ctrl Pts',(-2.42551589071712,-2.23546982145664,0.948963897500283));
#4324=CARTESIAN_POINT('Ctrl Pts',(-2.48554229292038,-2.24137361082,1.02416148383371));
#4325=CARTESIAN_POINT('Ctrl Pts',(-2.51439643725125,-2.24231575585076,1.11098310309964));
#4326=CARTESIAN_POINT('Ctrl Pts',(-2.51995675211874,-2.24142037093081,1.14542765992931));
#4327=CARTESIAN_POINT('Ctrl Pts',(-2.36186267536178,-2.23819525891392,0.951314897998058));
#4328=CARTESIAN_POINT('Ctrl Pts',(-2.39315947476879,-2.24252438113953,0.977146767500592));
#4329=CARTESIAN_POINT('Ctrl Pts',(-2.44859964632266,-2.24788866693349,1.04500216800158));
#4330=CARTESIAN_POINT('Ctrl Pts',(-2.47572592932907,-2.24925112683884,1.12377996015069));
#4331=CARTESIAN_POINT('Ctrl Pts',(-2.48131315949776,-2.24892427071364,1.15516685665174));
#4332=CARTESIAN_POINT('Ctrl Pts',(-2.31117913232368,-2.2769345154356,0.99884624236959));
#4333=CARTESIAN_POINT('Ctrl Pts',(-2.33882020255986,-2.28002065295432,1.02221096749091));
#4334=CARTESIAN_POINT('Ctrl Pts',(-2.38706850968888,-2.28318355990935,1.07866333618365));
#4335=CARTESIAN_POINT('Ctrl Pts',(-2.41198740270991,-2.28408247518112,1.1449323287894));
#4336=CARTESIAN_POINT('Ctrl Pts',(-2.41804156799717,-2.28388929455513,1.17206321175039));
#4337=CARTESIAN_POINT('Ctrl Pts',(-2.27977606372372,-2.34512321824798,1.01975870024497));
#4338=CARTESIAN_POINT('Ctrl Pts',(-2.30728779594208,-2.3481240212954,1.0440728784703));
#4339=CARTESIAN_POINT('Ctrl Pts',(-2.35142325372674,-2.34824048023732,1.09647874887114));
#4340=CARTESIAN_POINT('Ctrl Pts',(-2.37528625581418,-2.347281290902,1.15733630842149));
#4341=CARTESIAN_POINT('Ctrl Pts',(-2.38180718329206,-2.34608545458445,1.18350647204887));
#4342=CARTESIAN_POINT('Ctrl Pts',(-2.27138955151588,-2.37626650267303,1.02284474902323));
#4343=CARTESIAN_POINT('Ctrl Pts',(-2.2995121298013,-2.37942948422846,1.04814197741177));
#4344=CARTESIAN_POINT('Ctrl Pts',(-2.34256782066559,-2.37841266029906,1.10038596103781));
#4345=CARTESIAN_POINT('Ctrl Pts',(-2.36614280141495,-2.37663374503853,1.16048909736433));
#4346=CARTESIAN_POINT('Ctrl Pts',(-2.37278979043208,-2.37493154675614,1.18691439404718));
#4347=CARTESIAN_POINT('',(-2.37278979043208,-2.37493154675614,1.18691439404718));
#4348=CARTESIAN_POINT('',(-2.51995675221156,-2.24142037091283,1.14542765991386));
#4349=CARTESIAN_POINT('Origin',(-2.55783530974823,-2.43779805581034,1.14441783159376));
#4350=CARTESIAN_POINT('Ctrl Pts',(-2.51995675211874,-2.24142037093081,1.14542765992931));
#4351=CARTESIAN_POINT('Ctrl Pts',(-2.51439643725125,-2.24231575585076,1.11098310309964));
#4352=CARTESIAN_POINT('Ctrl Pts',(-2.48554229292038,-2.24137361082,1.02416148383371));
#4353=CARTESIAN_POINT('Ctrl Pts',(-2.42551589071712,-2.23546982145664,0.948963897500283));
#4354=CARTESIAN_POINT('Ctrl Pts',(-2.39138681064517,-2.23015479512042,0.920820325472871));
#4355=CARTESIAN_POINT('Ctrl Pts',(-2.27138955151588,-2.37626650267303,1.02284474902323));
#4356=CARTESIAN_POINT('Ctrl Pts',(-2.2995121298013,-2.37942948422846,1.04814197741177));
#4357=CARTESIAN_POINT('Ctrl Pts',(-2.34256782066559,-2.37841266029906,1.10038596103781));
#4358=CARTESIAN_POINT('Ctrl Pts',(-2.36614280141495,-2.37663374503853,1.16048909736433));
#4359=CARTESIAN_POINT('Ctrl Pts',(-2.37278979043208,-2.37493154675614,1.18691439404718));
#4360=CARTESIAN_POINT('Ctrl Pts',(-2.51995675212382,-2.24142037093,1.14542765996075));
#4361=CARTESIAN_POINT('Ctrl Pts',(-2.52076403446857,-2.24130363253931,1.15300704322752));
#4362=CARTESIAN_POINT('Ctrl Pts',(-2.52121890948604,-2.24084373615477,1.16068266123835));
#4363=CARTESIAN_POINT('Ctrl Pts',(-2.52130883281429,-2.24005385846643,1.16840121229709));
#4364=CARTESIAN_POINT('Ctrl Pts',(-2.48131315950286,-2.24892427071334,1.1551668566804));
#4365=CARTESIAN_POINT('Ctrl Pts',(-2.48225533965761,-2.24899450450906,1.16215710024354));
#4366=CARTESIAN_POINT('Ctrl Pts',(-2.48288841019836,-2.24875846003466,1.16927770775478));
#4367=CARTESIAN_POINT('Ctrl Pts',(-2.48319843704161,-2.24824432650681,1.17645050939767));
#4368=CARTESIAN_POINT('Ctrl Pts',(-2.41804161815421,-2.28388934638412,1.17206320171539));
#4369=CARTESIAN_POINT('Ctrl Pts',(-2.41946713165749,-2.2839604657316,1.17880175108811));
#4370=CARTESIAN_POINT('Ctrl Pts',(-2.4206357349775,-2.28376908636521,1.18564988508975));
#4371=CARTESIAN_POINT('Ctrl Pts',(-2.42152877142489,-2.28330525441931,1.19257695466851));
#4372=CARTESIAN_POINT('Ctrl Pts',(-2.38180718329801,-2.34608545458335,1.18350647207275));
#4373=CARTESIAN_POINT('Ctrl Pts',(-2.38378329667803,-2.34573502827295,1.19144313775041));
#4374=CARTESIAN_POINT('Ctrl Pts',(-2.385488552574,-2.34504539421905,1.19945164420124));
#4375=CARTESIAN_POINT('Ctrl Pts',(-2.3869087325799,-2.34402837813887,1.20746636733428));
#4376=CARTESIAN_POINT('Ctrl Pts',(-2.37278979043815,-2.37493154675459,1.18691439407129));
#4377=CARTESIAN_POINT('Ctrl Pts',(-2.37497062671399,-2.37437306595134,1.19558437163201));
#4378=CARTESIAN_POINT('Ctrl Pts',(-2.37686679596801,-2.37342999734017,1.20429952350922));
#4379=CARTESIAN_POINT('Ctrl Pts',(-2.37845982558478,-2.37212258722306,1.21298789980218));
#4380=CARTESIAN_POINT('',(-2.37845982558478,-2.37212258722306,1.21298789980218));
#4381=CARTESIAN_POINT('',(-2.52130883281429,-2.24005385846643,1.16840121229709));
#4382=CARTESIAN_POINT('Origin',(-2.56702304218285,-2.43380094263311,1.18769573065633));
#4383=CARTESIAN_POINT('Ctrl Pts',(-2.52130883281429,-2.24005385846643,1.16840121229709));
#4384=CARTESIAN_POINT('Ctrl Pts',(-2.52121890948604,-2.24084373615477,1.16068266123835));
#4385=CARTESIAN_POINT('Ctrl Pts',(-2.52076403446857,-2.24130363253931,1.15300704322752));
#4386=CARTESIAN_POINT('Ctrl Pts',(-2.51995675212382,-2.24142037093,1.14542765996075));
#4387=CARTESIAN_POINT('Ctrl Pts',(-2.37278979043815,-2.37493154675459,1.18691439407129));
#4388=CARTESIAN_POINT('Ctrl Pts',(-2.37497062671399,-2.37437306595134,1.19558437163201));
#4389=CARTESIAN_POINT('Ctrl Pts',(-2.37686679596801,-2.37342999734017,1.20429952350922));
#4390=CARTESIAN_POINT('Ctrl Pts',(-2.37845982558478,-2.37212258722306,1.21298789980218));
#4391=CARTESIAN_POINT('Ctrl Pts',(-2.35660220825445,-2.22549126734909,1.59901322902328));
#4392=CARTESIAN_POINT('Ctrl Pts',(-2.34184847668549,-2.22704845281685,1.61096835324929));
#4393=CARTESIAN_POINT('Ctrl Pts',(-2.32805622544213,-2.22817866499041,1.62413616587977));
#4394=CARTESIAN_POINT('Ctrl Pts',(-2.31546414076135,-2.22884256082876,1.63833818795632));
#4395=CARTESIAN_POINT('Ctrl Pts',(-2.33193826152195,-2.23540618173731,1.56789598096142));
#4396=CARTESIAN_POINT('Ctrl Pts',(-2.31563609897702,-2.23711177624275,1.58150428981101));
#4397=CARTESIAN_POINT('Ctrl Pts',(-2.30034020085302,-2.23835381016543,1.59637264537138));
#4398=CARTESIAN_POINT('Ctrl Pts',(-2.2862904294495,-2.23910427745546,1.61232146848756));
#4399=CARTESIAN_POINT('Ctrl Pts',(-2.29372705324083,-2.27465863180083,1.51669543565226));
#4400=CARTESIAN_POINT('Ctrl Pts',(-2.27463663856276,-2.27629335950632,1.53316750133347));
#4401=CARTESIAN_POINT('Ctrl Pts',(-2.25665438577891,-2.27755318339228,1.55102696451753));
#4402=CARTESIAN_POINT('Ctrl Pts',(-2.24003482559263,-2.27839618066771,1.5700482041688));
#4403=CARTESIAN_POINT('Ctrl Pts',(-2.27608590315615,-2.33972420473286,1.4871797188516));
#4404=CARTESIAN_POINT('Ctrl Pts',(-2.25478415762057,-2.34092774641609,1.50538001005685));
#4405=CARTESIAN_POINT('Ctrl Pts',(-2.23474097657439,-2.34195975477811,1.52519108031553));
#4406=CARTESIAN_POINT('Ctrl Pts',(-2.21626173564305,-2.34279820730825,1.54635712319758));
#4407=CARTESIAN_POINT('Ctrl Pts',(-2.27305421779757,-2.36936247152015,1.47979644926782));
#4408=CARTESIAN_POINT('Ctrl Pts',(-2.25099988230553,-2.37037519384743,1.49843048597501));
#4409=CARTESIAN_POINT('Ctrl Pts',(-2.23026569733788,-2.37130104673538,1.518802104618));
#4410=CARTESIAN_POINT('Ctrl Pts',(-2.2111999633711,-2.3721268425188,1.54061879016326));
#4411=CARTESIAN_POINT('',(-2.2111999633711,-2.37212684251881,1.54061879016325));
#4412=CARTESIAN_POINT('',(-2.31546414076135,-2.22884256082876,1.63833818795632));
#4413=CARTESIAN_POINT('Origin',(-2.35794063290695,-2.42217238818737,1.66696204982877));
#4414=CARTESIAN_POINT('',(-2.35660220825445,-2.22549126734909,1.59901322902328));
#4415=CARTESIAN_POINT('Ctrl Pts',(-2.31546414076135,-2.22884256082876,1.63833818795632));
#4416=CARTESIAN_POINT('Ctrl Pts',(-2.32805622544213,-2.22817866499041,1.62413616587977));
#4417=CARTESIAN_POINT('Ctrl Pts',(-2.34184847668549,-2.22704845281685,1.61096835324929));
#4418=CARTESIAN_POINT('Ctrl Pts',(-2.35660220825445,-2.22549126734909,1.59901322902328));
#4419=CARTESIAN_POINT('',(-2.27305421779762,-2.36936247151973,1.47979644926791));
#4420=CARTESIAN_POINT('Origin',(-2.3994350488827,-2.41888131532221,1.62668337735448));
#4421=CARTESIAN_POINT('Ctrl Pts',(-2.27305421779757,-2.36936247152015,1.47979644926782));
#4422=CARTESIAN_POINT('Ctrl Pts',(-2.25099988230553,-2.37037519384743,1.49843048597501));
#4423=CARTESIAN_POINT('Ctrl Pts',(-2.23026569733788,-2.37130104673538,1.518802104618));
#4424=CARTESIAN_POINT('Ctrl Pts',(-2.2111999633711,-2.3721268425188,1.54061879016326));
#4425=CARTESIAN_POINT('Ctrl Pts',(-2.31546414076135,-2.22884256082875,1.63833818795632));
#4426=CARTESIAN_POINT('Ctrl Pts',(-2.24457264196932,-2.23258019222301,1.71829338651221));
#4427=CARTESIAN_POINT('Ctrl Pts',(-2.0421478043601,-2.25679115238922,1.83094304677238));
#4428=CARTESIAN_POINT('Ctrl Pts',(-1.82293784045065,-2.31196850537323,1.76860151314292));
#4429=CARTESIAN_POINT('Ctrl Pts',(-1.73683651560729,-2.34247201179769,1.70547298625298));
#4430=CARTESIAN_POINT('Ctrl Pts',(-2.2862904294495,-2.23910427745546,1.61232146848756));
#4431=CARTESIAN_POINT('Ctrl Pts',(-2.22198455609264,-2.24244351385991,1.68620473819383));
#4432=CARTESIAN_POINT('Ctrl Pts',(-2.03850725627103,-2.26466624846152,1.78988728328833));
#4433=CARTESIAN_POINT('Ctrl Pts',(-1.83842186213568,-2.31525608413163,1.73432223393829));
#4434=CARTESIAN_POINT('Ctrl Pts',(-1.75909292015007,-2.34386760856117,1.67494762618738));
#4435=CARTESIAN_POINT('Ctrl Pts',(-2.2400348262068,-2.27839618137143,1.57004820467563));
#4436=CARTESIAN_POINT('Ctrl Pts',(-2.18687070160902,-2.27997023838654,1.63337860093728));
#4437=CARTESIAN_POINT('Ctrl Pts',(-2.03597297371226,-2.29697168068326,1.72146397865257));
#4438=CARTESIAN_POINT('Ctrl Pts',(-1.86909346881712,-2.33866319978993,1.67767392865567));
#4439=CARTESIAN_POINT('Ctrl Pts',(-1.80185221650244,-2.3648249357339,1.62527965263121));
#4440=CARTESIAN_POINT('Ctrl Pts',(-2.21626173564305,-2.34279820730825,1.54635712319758));
#4441=CARTESIAN_POINT('Ctrl Pts',(-2.1696437244099,-2.34190596520388,1.60188911112267));
#4442=CARTESIAN_POINT('Ctrl Pts',(-2.04030469112196,-2.3530653084325,1.67734557414835));
#4443=CARTESIAN_POINT('Ctrl Pts',(-1.89821238312082,-2.38684642195049,1.64150567512389));
#4444=CARTESIAN_POINT('Ctrl Pts',(-1.83974156520246,-2.4123820717284,1.59550757668921));
#4445=CARTESIAN_POINT('Ctrl Pts',(-2.21119996337111,-2.3721268425188,1.54061879016326));
#4446=CARTESIAN_POINT('Ctrl Pts',(-2.16620027616009,-2.37028883951608,1.5936114714601));
#4447=CARTESIAN_POINT('Ctrl Pts',(-2.04317205779339,-2.37927834546405,1.66456399944675));
#4448=CARTESIAN_POINT('Ctrl Pts',(-1.90936742648756,-2.41022410260857,1.63106767152782));
#4449=CARTESIAN_POINT('Ctrl Pts',(-1.85363604186552,-2.43576689516015,1.58751018497809));
#4450=CARTESIAN_POINT('',(-1.85363604186552,-2.43576689516015,1.58751018497809));
#4451=CARTESIAN_POINT('',(-1.73683651614878,-2.34247201182793,1.70547298552905));
#4452=CARTESIAN_POINT('Origin',(-1.77700737625291,-2.53466081654585,1.74354876969158));
#4453=CARTESIAN_POINT('Ctrl Pts',(-1.73683651560729,-2.34247201179769,1.70547298625298));
#4454=CARTESIAN_POINT('Ctrl Pts',(-1.82293784045065,-2.31196850537323,1.76860151314292));
#4455=CARTESIAN_POINT('Ctrl Pts',(-2.0421478043601,-2.25679115238922,1.83094304677238));
#4456=CARTESIAN_POINT('Ctrl Pts',(-2.24457264196932,-2.23258019222301,1.71829338651221));
#4457=CARTESIAN_POINT('Ctrl Pts',(-2.31546414076135,-2.22884256082875,1.63833818795632));
#4458=CARTESIAN_POINT('Ctrl Pts',(-2.21119996337111,-2.3721268425188,1.54061879016326));
#4459=CARTESIAN_POINT('Ctrl Pts',(-2.16620027616009,-2.37028883951608,1.5936114714601));
#4460=CARTESIAN_POINT('Ctrl Pts',(-2.04317205779339,-2.37927834546405,1.66456399944675));
#4461=CARTESIAN_POINT('Ctrl Pts',(-1.90936742648756,-2.41022410260857,1.63106767152782));
#4462=CARTESIAN_POINT('Ctrl Pts',(-1.85363604186552,-2.43576689516015,1.58751018497809));
#4463=CARTESIAN_POINT('Ctrl Pts',(-1.73683651555443,-2.34247201181903,1.70547298620102));
#4464=CARTESIAN_POINT('Ctrl Pts',(-1.72050724347453,-2.34795590411519,1.6950206263231));
#4465=CARTESIAN_POINT('Ctrl Pts',(-1.68311373374634,-2.35822587090482,1.66810481054534));
#4466=CARTESIAN_POINT('Ctrl Pts',(-1.64815350974725,-2.362,1.63660439600367));
#4467=CARTESIAN_POINT('Ctrl Pts',(-1.62916264121775,-2.362,1.6178922556036));
#4468=CARTESIAN_POINT('Ctrl Pts',(-1.75909292010362,-2.343867608582,1.67494762614277));
#4469=CARTESIAN_POINT('Ctrl Pts',(-1.74379176304821,-2.34891366719243,1.66462763535443));
#4470=CARTESIAN_POINT('Ctrl Pts',(-1.70882457353814,-2.35844828012102,1.63771846377284));
#4471=CARTESIAN_POINT('Ctrl Pts',(-1.67678974398024,-2.36202544633309,1.60623733333795));
#4472=CARTESIAN_POINT('Ctrl Pts',(-1.66030699944276,-2.362,1.58601976837825));
#4473=CARTESIAN_POINT('Ctrl Pts',(-1.80185229611742,-2.36482447228807,1.6252793132479));
#4474=CARTESIAN_POINT('Ctrl Pts',(-1.78789569428424,-2.36982147029811,1.61478975619517));
#4475=CARTESIAN_POINT('Ctrl Pts',(-1.75608120789852,-2.38001328299292,1.58687411279392));
#4476=CARTESIAN_POINT('Ctrl Pts',(-1.72791094398656,-2.38542709030438,1.55418727232022));
#4477=CARTESIAN_POINT('Ctrl Pts',(-1.71464696199656,-2.38905076091409,1.53040938302983));
#4478=CARTESIAN_POINT('Ctrl Pts',(-1.83974156519199,-2.41238207173384,1.59550757668059));
#4479=CARTESIAN_POINT('Ctrl Pts',(-1.82572273903396,-2.41840336874947,1.58452323483587));
#4480=CARTESIAN_POINT('Ctrl Pts',(-1.79326514361494,-2.43206078798881,1.55520926000894));
#4481=CARTESIAN_POINT('Ctrl Pts',(-1.76418328560039,-2.44237403920872,1.52080512523171));
#4482=CARTESIAN_POINT('Ctrl Pts',(-1.74873242399613,-2.45315678075902,1.49552703148793));
#4483=CARTESIAN_POINT('Ctrl Pts',(-1.85363604186403,-2.43576689516083,1.58751018497693));
#4484=CARTESIAN_POINT('Ctrl Pts',(-1.83929641967703,-2.44233902678264,1.57630289298084));
#4485=CARTESIAN_POINT('Ctrl Pts',(-1.80579716777247,-2.45767977991715,1.54646302571744));
#4486=CARTESIAN_POINT('Ctrl Pts',(-1.77535474394945,-2.47023904519008,1.51141438446825));
#4487=CARTESIAN_POINT('Ctrl Pts',(-1.75785066846872,-2.48392705202686,1.48619561009948));
#4488=CARTESIAN_POINT('',(-1.75785066846872,-2.48392705202686,1.48619561009948));
#4489=CARTESIAN_POINT('',(-1.62916264121775,-2.362,1.6178922556036));
#4490=CARTESIAN_POINT('Origin',(-1.62916264121775,-2.562,1.6178922556036));
#4491=CARTESIAN_POINT('Ctrl Pts',(-1.62916264121775,-2.362,1.6178922556036));
#4492=CARTESIAN_POINT('Ctrl Pts',(-1.64815350974725,-2.362,1.63660439600367));
#4493=CARTESIAN_POINT('Ctrl Pts',(-1.68311373374634,-2.35822587090482,1.66810481054534));
#4494=CARTESIAN_POINT('Ctrl Pts',(-1.72050724347453,-2.34795590411519,1.6950206263231));
#4495=CARTESIAN_POINT('Ctrl Pts',(-1.73683651555443,-2.34247201181903,1.70547298620102));
#4496=CARTESIAN_POINT('Ctrl Pts',(-1.85363604186403,-2.43576689516083,1.58751018497693));
#4497=CARTESIAN_POINT('Ctrl Pts',(-1.83929641967703,-2.44233902678264,1.57630289298084));
#4498=CARTESIAN_POINT('Ctrl Pts',(-1.80579716777247,-2.45767977991715,1.54646302571744));
#4499=CARTESIAN_POINT('Ctrl Pts',(-1.77535474394945,-2.47023904519008,1.51141438446825));
#4500=CARTESIAN_POINT('Ctrl Pts',(-1.75785066846872,-2.48392705202686,1.48619561009948));
#4501=CARTESIAN_POINT('Ctrl Pts',(-2.52130883281225,-2.24005385846797,1.16840121228648));
#4502=CARTESIAN_POINT('Ctrl Pts',(-2.53422847733105,-2.23030227241023,1.23571204150835));
#4503=CARTESIAN_POINT('Ctrl Pts',(-2.52550468669376,-2.21450234656017,1.40136840029034));
#4504=CARTESIAN_POINT('Ctrl Pts',(-2.42805300657394,-2.21794997894467,1.54111579704367));
#4505=CARTESIAN_POINT('Ctrl Pts',(-2.35660220825469,-2.22549126734906,1.59901322902308));
#4506=CARTESIAN_POINT('Ctrl Pts',(-2.48319843703977,-2.24824432650823,1.17645050938802));
#4507=CARTESIAN_POINT('Ctrl Pts',(-2.49489686518311,-2.2392349797049,1.23761213540885));
#4508=CARTESIAN_POINT('Ctrl Pts',(-2.48672765906834,-2.22480104286653,1.38776411575694));
#4509=CARTESIAN_POINT('Ctrl Pts',(-2.39793106808925,-2.22814705501587,1.5152583685235));
#4510=CARTESIAN_POINT('Ctrl Pts',(-2.33193826152216,-2.23540618173729,1.56789598096125));
#4511=CARTESIAN_POINT('Ctrl Pts',(-2.42152913083543,-2.28330560412753,1.1925769394654));
#4512=CARTESIAN_POINT('Ctrl Pts',(-2.4310593418804,-2.27568014821576,1.24314442954888));
#4513=CARTESIAN_POINT('Ctrl Pts',(-2.42385915518808,-2.26399008735432,1.3665759242554));
#4514=CARTESIAN_POINT('Ctrl Pts',(-2.35009098283351,-2.26717558707414,1.47293352138108));
#4515=CARTESIAN_POINT('Ctrl Pts',(-2.29372705122622,-2.27465862921047,1.51669543353593));
#4516=CARTESIAN_POINT('Ctrl Pts',(-2.38690873257863,-2.34402837813991,1.20746636732745));
#4517=CARTESIAN_POINT('Ctrl Pts',(-2.39491799702328,-2.33748319974484,1.25080388933025));
#4518=CARTESIAN_POINT('Ctrl Pts',(-2.38865026443345,-2.32814901639957,1.35627683069487));
#4519=CARTESIAN_POINT('Ctrl Pts',(-2.32532446419982,-2.33126624845903,1.44854928114137));
#4520=CARTESIAN_POINT('Ctrl Pts',(-2.27608590315627,-2.33972420473283,1.4871797188515));
#4521=CARTESIAN_POINT('Ctrl Pts',(-2.37845982558359,-2.37212258722404,1.21298789979569));
#4522=CARTESIAN_POINT('Ctrl Pts',(-2.38600783136586,-2.3659278881306,1.25415468903678));
#4523=CARTESIAN_POINT('Ctrl Pts',(-2.38012378723522,-2.35738235415286,1.354298378782));
#4524=CARTESIAN_POINT('Ctrl Pts',(-2.3199981483176,-2.36048337079173,1.44239945129791));
#4525=CARTESIAN_POINT('Ctrl Pts',(-2.27305421779768,-2.36936247152011,1.47979644926773));
#4526=CARTESIAN_POINT('Ctrl Pts',(-2.35660220825469,-2.22549126734906,1.59901322902308));
#4527=CARTESIAN_POINT('Ctrl Pts',(-2.42805300657394,-2.21794997894467,1.54111579704367));
#4528=CARTESIAN_POINT('Ctrl Pts',(-2.52550468669376,-2.21450234656017,1.40136840029034));
#4529=CARTESIAN_POINT('Ctrl Pts',(-2.53422847733105,-2.23030227241023,1.23571204150835));
#4530=CARTESIAN_POINT('Ctrl Pts',(-2.52130883281225,-2.24005385846797,1.16840121228648));
#4531=CARTESIAN_POINT('Ctrl Pts',(-2.37845982558359,-2.37212258722404,1.21298789979569));
#4532=CARTESIAN_POINT('Ctrl Pts',(-2.38600783136586,-2.3659278881306,1.25415468903678));
#4533=CARTESIAN_POINT('Ctrl Pts',(-2.38012378723522,-2.35738235415286,1.354298378782));
#4534=CARTESIAN_POINT('Ctrl Pts',(-2.3199981483176,-2.36048337079173,1.44239945129791));
#4535=CARTESIAN_POINT('Ctrl Pts',(-2.27305421779768,-2.36936247152011,1.47979644926773));
#4536=CARTESIAN_POINT('Ctrl Pts',(-1.62916264121775,-2.362,1.6178922556036));
#4537=CARTESIAN_POINT('Ctrl Pts',(-1.62692918344809,-2.362,1.61570982131891));
#4538=CARTESIAN_POINT('Ctrl Pts',(-1.62470652959649,-2.362,1.6135163044043));
#4539=CARTESIAN_POINT('Ctrl Pts',(-1.62249164858483,-2.362,1.61131501952495));
#4540=CARTESIAN_POINT('Ctrl Pts',(-1.66030699944276,-2.362,1.58601976837825));
#4541=CARTESIAN_POINT('Ctrl Pts',(-1.65834434009313,-2.36199576838609,1.58376846320629));
#4542=CARTESIAN_POINT('Ctrl Pts',(-1.65639222003035,-2.36200545797463,1.58148709146671));
#4543=CARTESIAN_POINT('Ctrl Pts',(-1.65445757259514,-2.362,1.57915165949158));
#4544=CARTESIAN_POINT('Ctrl Pts',(-1.71464719517166,-2.38905032256282,1.53040914440328));
#4545=CARTESIAN_POINT('Ctrl Pts',(-1.71314911679028,-2.38935006630687,1.52804476732839));
#4546=CARTESIAN_POINT('Ctrl Pts',(-1.71167510908961,-2.38967068424893,1.52560565400497));
#4547=CARTESIAN_POINT('Ctrl Pts',(-1.71021910304628,-2.39004574432876,1.52304572057571));
#4548=CARTESIAN_POINT('Ctrl Pts',(-1.74873242399613,-2.45315678075902,1.49552703148793));
#4549=CARTESIAN_POINT('Ctrl Pts',(-1.74732361175726,-2.45405772062671,1.49329936828367));
#4550=CARTESIAN_POINT('Ctrl Pts',(-1.74591339142719,-2.45503544877856,1.49099729702715));
#4551=CARTESIAN_POINT('Ctrl Pts',(-1.7444934096631,-2.45615399534862,1.48855972031946));
#4552=CARTESIAN_POINT('Ctrl Pts',(-1.75785066846872,-2.48392705202686,1.48619561009948));
#4553=CARTESIAN_POINT('Ctrl Pts',(-1.75638615534875,-2.48507228621079,1.48408563142776));
#4554=CARTESIAN_POINT('Ctrl Pts',(-1.75490934006573,-2.48631540018257,1.48190483481156));
#4555=CARTESIAN_POINT('Ctrl Pts',(-1.75339607449604,-2.48773204032257,1.47960206859677));
#4556=CARTESIAN_POINT('Ctrl Pts',(-1.62249164858483,-2.362,1.61131501952495));
#4557=CARTESIAN_POINT('Ctrl Pts',(-1.62470652959649,-2.362,1.6135163044043));
#4558=CARTESIAN_POINT('Ctrl Pts',(-1.62692918344809,-2.362,1.61570982131891));
#4559=CARTESIAN_POINT('Ctrl Pts',(-1.62916264121775,-2.362,1.6178922556036));
#4560=CARTESIAN_POINT('Ctrl Pts',(-1.75785066846872,-2.48392705202686,1.48619561009948));
#4561=CARTESIAN_POINT('Ctrl Pts',(-1.75644722211061,-2.48502453263165,1.48417361258909));
#4562=CARTESIAN_POINT('Ctrl Pts',(-1.75503247814242,-2.4862119004922,1.48208657988778));
#4563=CARTESIAN_POINT('Ctrl Pts',(-1.753585184993,-2.48755572825251,1.47988949595064));
#4564=CARTESIAN_POINT('Ctrl Pts',(-1.72851487050314,-2.3763828503047,1.50501660208734));
#4565=CARTESIAN_POINT('Ctrl Pts',(-1.74098439913578,-2.4470233639172,1.49208394085454));
#4566=CARTESIAN_POINT('Ctrl Pts',(-1.75655972945716,-2.50602845851735,1.47631597289097));
#4567=CARTESIAN_POINT('Ctrl Pts',(-1.77524086146731,-2.55339813410514,1.45771269819662));
#4568=CARTESIAN_POINT('Ctrl Pts',(-1.63832164710906,-2.3763828503047,1.44493764196155));
#4569=CARTESIAN_POINT('Ctrl Pts',(-1.65880424940106,-2.4470233639172,1.4338527171809));
#4570=CARTESIAN_POINT('Ctrl Pts',(-1.69816771316723,-2.50602845851735,1.41690803258418));
#4571=CARTESIAN_POINT('Ctrl Pts',(-1.75785039547801,-2.55339813410514,1.39320219822788));
#4572=CARTESIAN_POINT('Ctrl Pts',(-1.53302414678277,-2.3763828503047,1.25084665581476));
#4573=CARTESIAN_POINT('Ctrl Pts',(-1.56260250156218,-2.4470233639172,1.25010878039141));
#4574=CARTESIAN_POINT('Ctrl Pts',(-1.63132350374801,-2.50602845851735,1.24980186487364));
#4575=CARTESIAN_POINT('Ctrl Pts',(-1.73754762184078,-2.55339813410514,1.24992590926144));
#4576=CARTESIAN_POINT('Ctrl Pts',(-1.63832164710906,-2.3763828503047,1.05675566966797));
#4577=CARTESIAN_POINT('Ctrl Pts',(-1.65880424940106,-2.4470233639172,1.06636484360193));
#4578=CARTESIAN_POINT('Ctrl Pts',(-1.69816771316723,-2.50602845851735,1.0826956971631));
#4579=CARTESIAN_POINT('Ctrl Pts',(-1.75785039547801,-2.55339813410514,1.106649620295));
#4580=CARTESIAN_POINT('Ctrl Pts',(-1.72851487050314,-2.3763828503047,0.996676709542176));
#4581=CARTESIAN_POINT('Ctrl Pts',(-1.74098439913578,-2.4470233639172,1.00813361992829));
#4582=CARTESIAN_POINT('Ctrl Pts',(-1.75655972945716,-2.50602845851735,1.02328775685632));
#4583=CARTESIAN_POINT('Ctrl Pts',(-1.77524086146731,-2.55339813410514,1.04213912032626));
#4584=CARTESIAN_POINT('',(-1.7713504668299,-2.54324451524686,1.46159069060121));
#4585=CARTESIAN_POINT('Ctrl Pts',(-1.75319035934152,-2.487,1.47980970388563));
#4586=CARTESIAN_POINT('Ctrl Pts',(-1.75885672443962,-2.50719802428413,1.47408999800628));
#4587=CARTESIAN_POINT('Ctrl Pts',(-1.76491009360241,-2.52594619603309,1.46801699357814));
#4588=CARTESIAN_POINT('Ctrl Pts',(-1.77135046682989,-2.54324451524686,1.46159069060121));
#4589=CARTESIAN_POINT('',(-1.77150060622962,-2.54364711901758,1.46144115685693));
#4590=CARTESIAN_POINT('Ctrl Pts',(-1.77135046682989,-2.54324451524686,1.46159069060121));
#4591=CARTESIAN_POINT('Ctrl Pts',(-1.77140049993455,-2.54337890010081,1.46154076680362));
#4592=CARTESIAN_POINT('Ctrl Pts',(-1.77145055639574,-2.54351319745303,1.4614908216837));
#4593=CARTESIAN_POINT('Ctrl Pts',(-1.77150063621345,-2.54364740730351,1.46144085524146));
#4594=CARTESIAN_POINT('',(-1.77143089686602,-2.54346041444221,1.03830242673639));
#4595=CARTESIAN_POINT('Ctrl Pts',(-1.77143089686602,-2.54346041444221,1.03830242673639));
#4596=CARTESIAN_POINT('Ctrl Pts',(-1.77195020987132,-2.54840024701483,1.04344340713205));
#4597=CARTESIAN_POINT('Ctrl Pts',(-1.76757983362879,-2.54959763752132,1.06017726309276));
#4598=CARTESIAN_POINT('Ctrl Pts',(-1.75401199593092,-2.55138838075688,1.11773262238266));
#4599=CARTESIAN_POINT('Ctrl Pts',(-1.74582899327131,-2.55402919316465,1.21627607223719));
#4600=CARTESIAN_POINT('Ctrl Pts',(-1.74842035089437,-2.55293069258449,1.32778944655332));
#4601=CARTESIAN_POINT('Ctrl Pts',(-1.75852727677406,-2.55081668213438,1.40117849518841));
#4602=CARTESIAN_POINT('Ctrl Pts',(-1.76756826718264,-2.54964773036262,1.43941789725115));
#4603=CARTESIAN_POINT('Ctrl Pts',(-1.77201270340138,-2.54857043911809,1.45629032414139));
#4604=CARTESIAN_POINT('Ctrl Pts',(-1.77150060622962,-2.54364711901758,1.46144115685693));
#4605=CARTESIAN_POINT('',(-1.75319035934152,-2.487,1.02019029611437));
#4606=CARTESIAN_POINT('Ctrl Pts',(-1.75319035934152,-2.487,1.02019029611437));
#4607=CARTESIAN_POINT('Ctrl Pts',(-1.75888030651001,-2.50728208368061,1.02576313072974));
#4608=CARTESIAN_POINT('Ctrl Pts',(-1.76496048568484,-2.52610222182802,1.03180050760375));
#4609=CARTESIAN_POINT('Ctrl Pts',(-1.77143089686602,-2.54346041444221,1.03830242673639));
#4610=CARTESIAN_POINT('Ctrl Pts',(-1.69465296603166,-2.37622044973984,1.02233530935203));
#4611=CARTESIAN_POINT('Ctrl Pts',(-1.70579620816647,-2.41154258967168,1.02482037864812));
#4612=CARTESIAN_POINT('Ctrl Pts',(-1.7047040566745,-2.42582849901768,1.03263095773705));
#4613=CARTESIAN_POINT('Ctrl Pts',(-1.75319035934152,-2.487,1.02019029611437));
#4614=CARTESIAN_POINT('Ctrl Pts',(-2.23773712836097,-2.37109459389869,1.50597556033925));
#4615=CARTESIAN_POINT('Ctrl Pts',(-2.22569640284949,-2.44407731539482,1.49286701267602));
#4616=CARTESIAN_POINT('Ctrl Pts',(-2.21005710392361,-2.50484113135434,1.47678097489629));
#4617=CARTESIAN_POINT('Ctrl Pts',(-2.19081923158332,-2.55338604177725,1.45771744700007));
#4618=CARTESIAN_POINT('Ctrl Pts',(-2.17751049383406,-2.37109459389869,1.59673010225037));
#4619=CARTESIAN_POINT('Ctrl Pts',(-2.16754027521507,-2.44407731539482,1.57625015903761));
#4620=CARTESIAN_POINT('Ctrl Pts',(-2.15077617106095,-2.50484113135434,1.53619596460934));
#4621=CARTESIAN_POINT('Ctrl Pts',(-2.12630996991333,-2.55338604177725,1.47511827673472));
#4622=CARTESIAN_POINT('Ctrl Pts',(-1.98266403563689,-2.37109459389869,1.70267247124786));
#4623=CARTESIAN_POINT('Ctrl Pts',(-1.98295375634223,-2.44407731539482,1.6738251533852));
#4624=CARTESIAN_POINT('Ctrl Pts',(-1.983074965193,-2.50484113135434,1.60419969690267));
#4625=CARTESIAN_POINT('Ctrl Pts',(-1.9830276621892,-2.55338604177725,1.49543114577456));
#4626=CARTESIAN_POINT('Ctrl Pts',(-1.78781757743973,-2.37109459389869,1.59673010225037));
#4627=CARTESIAN_POINT('Ctrl Pts',(-1.7983672374694,-2.44407731539482,1.57625015903761));
#4628=CARTESIAN_POINT('Ctrl Pts',(-1.81537375932506,-2.50484113135434,1.53619596460934));
#4629=CARTESIAN_POINT('Ctrl Pts',(-1.83974535446507,-2.55338604177725,1.47511827673472));
#4630=CARTESIAN_POINT('Ctrl Pts',(-1.72759094291282,-2.37109459389869,1.50597556033925));
#4631=CARTESIAN_POINT('Ctrl Pts',(-1.74021110983497,-2.44407731539482,1.49286701267602));
#4632=CARTESIAN_POINT('Ctrl Pts',(-1.75609282646239,-2.50484113135434,1.47678097489629));
#4633=CARTESIAN_POINT('Ctrl Pts',(-1.77523609279508,-2.55338604177725,1.45771744700007));
#4634=CARTESIAN_POINT('',(-2.21280976711278,-2.487,1.47980970388563));
#4635=CARTESIAN_POINT('Ctrl Pts',(-2.21280976711277,-2.48699999999998,1.47980970388565));
#4636=CARTESIAN_POINT('Ctrl Pts',(-2.19993016941266,-2.42264083543989,1.53099890616884));
#4637=CARTESIAN_POINT('Ctrl Pts',(-2.20943404348516,-2.41132992217856,1.52658539281523));
#4638=CARTESIAN_POINT('Ctrl Pts',(-2.21137308207266,-2.37206162412903,1.5404092466828));
#4639=CARTESIAN_POINT('',(-2.19474567749108,-2.54317450260082,1.46161669533858));
#4640=CARTESIAN_POINT('Ctrl Pts',(-2.21280976711278,-2.487,1.47980970388563));
#4641=CARTESIAN_POINT('Ctrl Pts',(-2.20721424679583,-2.50717077775918,1.47409771371682));
#4642=CARTESIAN_POINT('Ctrl Pts',(-2.2011928835886,-2.52589561195946,1.46803337753447));
#4643=CARTESIAN_POINT('Ctrl Pts',(-2.19474567749108,-2.54317450260082,1.46161669533858));
#4644=CARTESIAN_POINT('Ctrl Pts',(-1.7713504668299,-2.54324451524686,1.46159069060121));
#4645=CARTESIAN_POINT('Ctrl Pts',(-1.77642411105725,-2.54832498754815,1.46099059994263));
#4646=CARTESIAN_POINT('Ctrl Pts',(-1.79310710315159,-2.54959065264523,1.4653181428369));
#4647=CARTESIAN_POINT('Ctrl Pts',(-1.85075070997662,-2.55134905217381,1.47895584507608));
#4648=CARTESIAN_POINT('Ctrl Pts',(-1.94945931908649,-2.55399842769584,1.48717298400337));
#4649=CARTESIAN_POINT('Ctrl Pts',(-2.06124956612586,-2.55290191066549,1.48454776370378));
#4650=CARTESIAN_POINT('Ctrl Pts',(-2.13470882633066,-2.55072664891215,1.47440530315898));
#4651=CARTESIAN_POINT('Ctrl Pts',(-2.17298109855658,-2.54958338789674,1.46530498306726));
#4652=CARTESIAN_POINT('Ctrl Pts',(-2.18967503152159,-2.5482598963299,1.46101471327892));
#4653=CARTESIAN_POINT('Ctrl Pts',(-2.19474567749108,-2.54317450260081,1.46161669533859));
#4654=CARTESIAN_POINT('Ctrl Pts',(-2.21147428576075,-2.36981518700539,1.54120928883437));
#4655=CARTESIAN_POINT('Ctrl Pts',(-2.20979955012744,-2.4109231216755,1.52639965510611));
#4656=CARTESIAN_POINT('Ctrl Pts',(-2.19968787091531,-2.42143007333175,1.53196190727201));
#4657=CARTESIAN_POINT('Ctrl Pts',(-2.21280976711277,-2.48699999999998,1.47980970388565));
#4658=CARTESIAN_POINT('Ctrl Pts',(-2.23052382692487,-2.36914310521762,1.51933310868096));
#4659=CARTESIAN_POINT('Ctrl Pts',(-2.22484690742246,-2.41025122613279,1.50890033876002));
#4660=CARTESIAN_POINT('Ctrl Pts',(-2.2207354197766,-2.4209469716264,1.50972965672618));
#4661=CARTESIAN_POINT('Ctrl Pts',(-2.21280976711278,-2.48699999999998,1.47980970388565));
#4662=CARTESIAN_POINT('Ctrl Pts',(-2.25112251490274,-2.3689916704121,1.49879031367907));
#4663=CARTESIAN_POINT('Ctrl Pts',(-2.24123366137689,-2.41015549316302,1.49255933684686));
#4664=CARTESIAN_POINT('Ctrl Pts',(-2.24242104659196,-2.42084676774482,1.48810524152667));
#4665=CARTESIAN_POINT('Ctrl Pts',(-2.21280976711278,-2.48699999999998,1.47980970388564));
#4666=CARTESIAN_POINT('Ctrl Pts',(-2.27305421779758,-2.36936247151972,1.47979644926794));
#4667=CARTESIAN_POINT('Ctrl Pts',(-2.25877828211759,-2.41063686889846,1.47755766440332));
#4668=CARTESIAN_POINT('Ctrl Pts',(-2.26471438567811,-2.42112956391196,1.46711894497823));
#4669=CARTESIAN_POINT('Ctrl Pts',(-2.21280976711278,-2.48699999999998,1.47980970388564));
#4670=CARTESIAN_POINT('Ctrl Pts',(-2.27305421779758,-2.36936247151972,1.47979644926794));
#4671=CARTESIAN_POINT('Ctrl Pts',(-2.25877828211759,-2.41063686889846,1.47755766440332));
#4672=CARTESIAN_POINT('Ctrl Pts',(-2.26471438567811,-2.42112956391196,1.46711894497823));
#4673=CARTESIAN_POINT('Ctrl Pts',(-2.21280976711278,-2.48699999999998,1.47980970388564));
#4674=CARTESIAN_POINT('Origin',(-0.283000000000001,-2.162,0.671338369608078));
#4675=CARTESIAN_POINT('',(-2.68441489663065,-2.162,0.671338369608076));
#4676=CARTESIAN_POINT('',(-2.68441489663065,-2.162,0.671338369608076));
#4677=CARTESIAN_POINT('',(-0.33519443665583,-2.162,0.671338369613127));
#4678=CARTESIAN_POINT('',(-0.132999999967525,-2.162,0.671338369593566));
#4679=CARTESIAN_POINT('',(-0.746470117490125,-2.34397049523628,1.33048238243264));
#4680=CARTESIAN_POINT('Ctrl Pts',(-0.746470117490126,-2.34397049523626,
1.33048238243257));
#4681=CARTESIAN_POINT('Ctrl Pts',(-0.606654253735648,-2.28375316432878,
1.11235969675122));
#4682=CARTESIAN_POINT('Ctrl Pts',(-0.468053948787972,-2.22332495143974,
0.893473142205604));
#4683=CARTESIAN_POINT('Ctrl Pts',(-0.335194338094553,-2.16200001512183,
0.6713384243883));
#4684=CARTESIAN_POINT('',(-0.431189732681181,-2.3439704952363,1.33048238240221));
#4685=CARTESIAN_POINT('Ctrl Pts',(-2.68441489663065,-2.162,0.671338369608076));
#4686=CARTESIAN_POINT('Ctrl Pts',(-2.55573450524441,-2.18871546238047,0.768108656748781));
#4687=CARTESIAN_POINT('Ctrl Pts',(-2.42705411385817,-2.21543092476093,0.864878943889487));
#4688=CARTESIAN_POINT('Ctrl Pts',(-2.29837372247193,-2.2421463871414,0.961649231030193));
#4689=CARTESIAN_POINT('Ctrl Pts',(-2.76356000635918,-2.162,0.671338369608076));
#4690=CARTESIAN_POINT('Ctrl Pts',(-2.62847869023381,-2.18871546238047,0.768260450698993));
#4691=CARTESIAN_POINT('Ctrl Pts',(-2.49353144506732,-2.21543092476093,0.864727149937806));
#4692=CARTESIAN_POINT('Ctrl Pts',(-2.35845012894195,-2.2421463871414,0.961649231028723));
#4693=CARTESIAN_POINT('Ctrl Pts',(-2.92062817674992,-2.162,0.752327077789691));
#4694=CARTESIAN_POINT('Ctrl Pts',(-2.77315712989373,-2.18871546238047,0.838196964277506));
#4695=CARTESIAN_POINT('Ctrl Pts',(-2.62534165375973,-2.21543092476093,0.924313290919555));
#4696=CARTESIAN_POINT('Ctrl Pts',(-2.47787060690354,-2.2421463871414,1.01018317740737));
#4697=CARTESIAN_POINT('Ctrl Pts',(-2.94657973833113,-2.162,0.927130102518436));
#4698=CARTESIAN_POINT('Ctrl Pts',(-2.80380076102543,-2.18871546238047,0.98972571641215));
#4699=CARTESIAN_POINT('Ctrl Pts',(-2.66149606581287,-2.21543092476093,1.05234143377247));
#4700=CARTESIAN_POINT('Ctrl Pts',(-2.51871708850717,-2.2421463871414,1.11493704766619));
#4701=CARTESIAN_POINT('Ctrl Pts',(-2.92103170168799,-2.162,1.00203835451795));
#4702=CARTESIAN_POINT('Ctrl Pts',(-2.78603921306076,-2.18871546238047,1.05463462662531));
#4703=CARTESIAN_POINT('Ctrl Pts',(-2.65104672443353,-2.21543092476093,1.10723089873268));
#4704=CARTESIAN_POINT('Ctrl Pts',(-2.5160542358063,-2.2421463871414,1.15982717084004));
#4705=CARTESIAN_POINT('',(-2.92103170168799,-2.162,1.00203835451795));
#4706=CARTESIAN_POINT('Ctrl Pts',(-2.92103170168799,-2.162,1.00203835451795));
#4707=CARTESIAN_POINT('Ctrl Pts',(-2.91948296158622,-2.16230915914464,1.00260762924807));
#4708=CARTESIAN_POINT('Ctrl Pts',(-2.91793759462298,-2.16261771116764,1.00317549954816));
#4709=CARTESIAN_POINT('Ctrl Pts',(-2.78481911654403,-2.18918005191543,1.05208463743681));
#4710=CARTESIAN_POINT('Ctrl Pts',(-2.6528945056627,-2.21554599437721,1.09950183905581));
#4711=CARTESIAN_POINT('Ctrl Pts',(-2.51995674859314,-2.24142046217064,1.14542760788772));
#4712=CARTESIAN_POINT('Ctrl Pts',(-2.68441489663065,-2.162,0.671338369608076));
#4713=CARTESIAN_POINT('Ctrl Pts',(-2.76356000635918,-2.162,0.671338369608076));
#4714=CARTESIAN_POINT('Ctrl Pts',(-2.92062817674992,-2.162,0.752327077789691));
#4715=CARTESIAN_POINT('Ctrl Pts',(-2.94657973833113,-2.162,0.927130102518436));
#4716=CARTESIAN_POINT('Ctrl Pts',(-2.92103170168799,-2.162,1.00203835451795));
#4717=CARTESIAN_POINT('Ctrl Pts',(-2.92103170168799,-2.162,1.00203835451795));
#4718=CARTESIAN_POINT('Ctrl Pts',(-2.91948296158622,-2.16230915914464,1.00260762924807));
#4719=CARTESIAN_POINT('Ctrl Pts',(-2.91793759462298,-2.16261771116764,1.00317549954816));
#4720=CARTESIAN_POINT('Ctrl Pts',(-2.78262679586492,-2.1896175056014,1.05289011925975));
#4721=CARTESIAN_POINT('Ctrl Pts',(-2.64849793399312,-2.21642468776709,1.10108179177802));
#4722=CARTESIAN_POINT('Ctrl Pts',(-2.51331054637819,-2.24271347509626,1.14772212195273));
#4723=CARTESIAN_POINT('Ctrl Pts',(-2.92103170168799,-2.162,1.00203835451795));
#4724=CARTESIAN_POINT('Ctrl Pts',(-2.91948977230304,-2.16230663037405,1.00262573989166));
#4725=CARTESIAN_POINT('Ctrl Pts',(-2.91795068908272,-2.16261147802889,1.00321158423766));
#4726=CARTESIAN_POINT('Ctrl Pts',(-2.7832307527961,-2.18936920398061,1.05451882841636));
#4727=CARTESIAN_POINT('Ctrl Pts',(-2.64988304229625,-2.21588342469439,1.10480813679964));
#4728=CARTESIAN_POINT('Ctrl Pts',(-2.51606072451844,-2.24223403258391,1.15462662733092));
#4729=CARTESIAN_POINT('Ctrl Pts',(-2.92103170168799,-2.162,1.00203835451795));
#4730=CARTESIAN_POINT('Ctrl Pts',(-2.91949612734679,-2.16230345060389,1.00264364994725));
#4731=CARTESIAN_POINT('Ctrl Pts',(-2.9179642060189,-2.16260586515642,1.0032478531557));
#4732=CARTESIAN_POINT('Ctrl Pts',(-2.7838251138425,-2.18910422082368,1.05614241394033));
#4733=CARTESIAN_POINT('Ctrl Pts',(-2.65124025041399,-2.21528852907093,1.10851740704508));
#4734=CARTESIAN_POINT('Ctrl Pts',(-2.51873236651679,-2.24134564936027,1.16153399763993));
#4735=CARTESIAN_POINT('Ctrl Pts',(-2.92103170168799,-2.162,1.00203835451795));
#4736=CARTESIAN_POINT('Ctrl Pts',(-2.91950285769137,-2.1623004017636,1.00266179740344));
#4737=CARTESIAN_POINT('Ctrl Pts',(-2.91797737994473,-2.16260015220162,1.00328389906351));
#4738=CARTESIAN_POINT('Ctrl Pts',(-2.78442576658731,-2.1888364803695,1.05777192182605));
#4739=CARTESIAN_POINT('Ctrl Pts',(-2.65260412304174,-2.2146688131507,1.11223075729929));
#4740=CARTESIAN_POINT('Ctrl Pts',(-2.52130883281429,-2.24005385846643,1.1684012122971));
#4741=CARTESIAN_POINT('Ctrl Pts',(-2.52130883281429,-2.24005385846643,1.1684012122971));
#4742=CARTESIAN_POINT('Ctrl Pts',(-2.65260412304174,-2.2146688131507,1.11223075729929));
#4743=CARTESIAN_POINT('Ctrl Pts',(-2.78442576658731,-2.1888364803695,1.05777192182605));
#4744=CARTESIAN_POINT('Ctrl Pts',(-2.91797737994473,-2.16260015220162,1.00328389906351));
#4745=CARTESIAN_POINT('Ctrl Pts',(-2.91950285769137,-2.1623004017636,1.00266179740344));
#4746=CARTESIAN_POINT('Ctrl Pts',(-2.92103170168799,-2.162,1.00203835451795));
#4747=CARTESIAN_POINT('Ctrl Pts',(-2.92103170168799,-2.162,1.00203835451795));
#4748=CARTESIAN_POINT('Ctrl Pts',(-2.6140994445863,-2.2227429142933,1.12162643435427));
#4749=CARTESIAN_POINT('Ctrl Pts',(-2.30716718748461,-2.2834858285866,1.24121451419059));
#4750=CARTESIAN_POINT('Ctrl Pts',(-2.00023493038291,-2.3442287428799,1.36080259402691));
#4751=CARTESIAN_POINT('Ctrl Pts',(-2.75959293822083,-2.162,1.47538570974569));
#4752=CARTESIAN_POINT('Ctrl Pts',(-2.4619902631795,-2.2227429142933,1.50585289468218));
#4753=CARTESIAN_POINT('Ctrl Pts',(-2.16488168516226,-2.2834858285866,1.53618456044654));
#4754=CARTESIAN_POINT('Ctrl Pts',(-1.86727901012092,-2.3442287428799,1.56665174538302));
#4755=CARTESIAN_POINT('Ctrl Pts',(-2.11153009308291,-2.162,2.48831511152999));
#4756=CARTESIAN_POINT('Ctrl Pts',(-1.90096488989658,-2.2227429142933,2.3258582612448));
#4757=CARTESIAN_POINT('Ctrl Pts',(-1.6897601556461,-2.2834858285866,2.16243415984249));
#4758=CARTESIAN_POINT('Ctrl Pts',(-1.47919495245977,-2.3442287428799,1.9999773095573));
#4759=CARTESIAN_POINT('Ctrl Pts',(-0.999627470619121,-2.162,3.00786267156774));
#4760=CARTESIAN_POINT('Ctrl Pts',(-0.984157302561589,-2.2227429142933,2.76014232067244));
#4761=CARTESIAN_POINT('Ctrl Pts',(-0.969568317552531,-2.2834858285866,2.51460911637972));
#4762=CARTESIAN_POINT('Ctrl Pts',(-0.954098149494999,-2.3442287428799,2.26688876548442));
#4763=CARTESIAN_POINT('Ctrl Pts',(-0.337154552926924,-2.162,3.08393996321099));
#4764=CARTESIAN_POINT('Ctrl Pts',(-0.437085728415788,-2.2227429142933,2.83964531083986));
#4765=CARTESIAN_POINT('Ctrl Pts',(-0.537016903904653,-2.2834858285866,2.59535065846872));
#4766=CARTESIAN_POINT('Ctrl Pts',(-0.636948079393517,-2.3442287428799,2.35105600609759));
#4767=CARTESIAN_POINT('',(-0.639741141841378,-2.3425015825785,2.35651604919965));
#4768=CARTESIAN_POINT('Ctrl Pts',(-0.639741141841202,-2.34250158257869,
2.35651604919899));
#4769=CARTESIAN_POINT('Ctrl Pts',(-1.05240421144452,-2.34447040034205,2.24003823920929));
#4770=CARTESIAN_POINT('Ctrl Pts',(-1.43441732831173,-2.34447695426637,2.01441243487466));
#4771=CARTESIAN_POINT('Ctrl Pts',(-1.73683651606353,-2.34247201186233,1.70547298544537));
#4772=CARTESIAN_POINT('',(-0.33917982870776,-2.162,3.08370671006022));
#4773=CARTESIAN_POINT('Ctrl Pts',(-0.339179827454975,-2.1620000300602,3.08370671704542));
#4774=CARTESIAN_POINT('Ctrl Pts',(-0.436043025971247,-2.22263546584284,
2.84013963867953));
#4775=CARTESIAN_POINT('Ctrl Pts',(-0.535476413650006,-2.28311861177637,
2.5976494207243));
#4776=CARTESIAN_POINT('Ctrl Pts',(-0.639741141841563,-2.3425015825783,2.35651604920031));
#4777=CARTESIAN_POINT('Ctrl Pts',(-2.92103170168799,-2.162,1.00203835451795));
#4778=CARTESIAN_POINT('Ctrl Pts',(-2.75959293822083,-2.162,1.47538570974569));
#4779=CARTESIAN_POINT('Ctrl Pts',(-2.11190748297921,-2.162,2.48772524694391));
#4780=CARTESIAN_POINT('Ctrl Pts',(-1.00092231370444,-2.162,3.00725740244634));
#4781=CARTESIAN_POINT('Ctrl Pts',(-0.33917982066379,-2.162,3.08370668722396));
#4782=CARTESIAN_POINT('Ctrl Pts',(-1.76029152799393,-2.43170832588333,-1.51592078179938));
#4783=CARTESIAN_POINT('Ctrl Pts',(-1.75900070317683,-2.44879837427629,-1.50644782686553));
#4784=CARTESIAN_POINT('Ctrl Pts',(-1.76221946549029,-2.45360035652633,-1.50695389212105));
#4785=CARTESIAN_POINT('Ctrl Pts',(-1.75319029611437,-2.487,-1.47980970388563));
#4786=CARTESIAN_POINT('Ctrl Pts',(-1.74652164278524,-2.43144298081909,-1.50070713603083));
#4787=CARTESIAN_POINT('Ctrl Pts',(-1.74862883133161,-2.44858098840341,-1.49507294788239));
#4788=CARTESIAN_POINT('Ctrl Pts',(-1.75032722945197,-2.45354114216895,-1.49466866193451));
#4789=CARTESIAN_POINT('Ctrl Pts',(-1.75319029611437,-2.487,-1.47980970388563));
#4790=CARTESIAN_POINT('Ctrl Pts',(-1.73200367699514,-2.43149402055099,-1.4861651326125));
#4791=CARTESIAN_POINT('Ctrl Pts',(-1.73774320886476,-2.44861331084814,-1.48417050134279));
#4792=CARTESIAN_POINT('Ctrl Pts',(-1.73824875184834,-2.45358370499627,-1.48256657776305));
#4793=CARTESIAN_POINT('Ctrl Pts',(-1.75319029611438,-2.487,-1.47980970388563));
#4794=CARTESIAN_POINT('Ctrl Pts',(-1.71681394216989,-2.43186117679619,-1.47237120944087));
#4795=CARTESIAN_POINT('Ctrl Pts',(-1.72638507339414,-2.44889521837512,-1.47378179429177));
#4796=CARTESIAN_POINT('Ctrl Pts',(-1.7259871136815,-2.45372802990978,-1.47065072889568));
#4797=CARTESIAN_POINT('Ctrl Pts',(-1.75319029611437,-2.487,-1.47980970388563));
#4798=CARTESIAN_POINT('Ctrl Pts',(-1.75319029611437,-2.487,-1.47980970388563));
#4799=CARTESIAN_POINT('Ctrl Pts',(-1.76221946549029,-2.45360035652633,-1.50695389212105));
#4800=CARTESIAN_POINT('Ctrl Pts',(-1.75900070317683,-2.44879837427629,-1.50644782686553));
#4801=CARTESIAN_POINT('Ctrl Pts',(-1.76029152799393,-2.43170832588333,-1.51592078179938));
#4802=CARTESIAN_POINT('Ctrl Pts',(-1.72619153685015,-2.33110785343356,-1.50545618156998));
#4803=CARTESIAN_POINT('Ctrl Pts',(-1.73577156632104,-2.42272277316746,-1.49697806882802));
#4804=CARTESIAN_POINT('Ctrl Pts',(-1.75204322860823,-2.49687200362202,-1.48118200690172));
#4805=CARTESIAN_POINT('Ctrl Pts',(-1.77500652371171,-2.55355554479724,-1.4580679957911));
#4806=CARTESIAN_POINT('Ctrl Pts',(-1.78665922379895,-2.33110785343356,-1.59682525727906));
#4807=CARTESIAN_POINT('Ctrl Pts',(-1.79328475875776,-2.42272277316746,-1.58798306773056));
#4808=CARTESIAN_POINT('Ctrl Pts',(-1.81062255083608,-2.49687200362202,-1.54802307133664));
#4809=CARTESIAN_POINT('Ctrl Pts',(-1.83958822998765,-2.55355554479724,-1.47548418809825));
#4810=CARTESIAN_POINT('Ctrl Pts',(-1.98249153164543,-2.33110785343356,-1.70348498402157));
#4811=CARTESIAN_POINT('Ctrl Pts',(-1.98290586087565,-2.42272277316746,-1.694229525775));
#4812=CARTESIAN_POINT('Ctrl Pts',(-1.98308469029738,-2.49687200362202,-1.62445673705742));
#4813=CARTESIAN_POINT('Ctrl Pts',(-1.9830280199106,-2.55355554479724,-1.4958149870908));
#4814=CARTESIAN_POINT('Ctrl Pts',(-2.1783238394919,-2.33110785343356,-1.59682525727906));
#4815=CARTESIAN_POINT('Ctrl Pts',(-2.17252696299355,-2.42272277316746,-1.58798306773055));
#4816=CARTESIAN_POINT('Ctrl Pts',(-2.15554682975867,-2.49687200362202,-1.54802307133664));
#4817=CARTESIAN_POINT('Ctrl Pts',(-2.12646780983356,-2.55355554479724,-1.47548418809825));
#4818=CARTESIAN_POINT('Ctrl Pts',(-2.2387915264407,-2.33110785343356,-1.50545618156998));
#4819=CARTESIAN_POINT('Ctrl Pts',(-2.23004015543026,-2.42272277316746,-1.49697806882802));
#4820=CARTESIAN_POINT('Ctrl Pts',(-2.21412615198653,-2.49687200362202,-1.48118200690172));
#4821=CARTESIAN_POINT('Ctrl Pts',(-2.19104951610949,-2.55355554479724,-1.4580679957911));
#4822=CARTESIAN_POINT('',(-1.77167599469836,-2.54509021048736,-1.4614155819542));
#4823=CARTESIAN_POINT('Ctrl Pts',(-1.7714900658918,-2.54460152844138,-1.46160284024915));
#4824=CARTESIAN_POINT('Ctrl Pts',(-1.77155218926856,-2.54476470285073,-1.46154047753806));
#4825=CARTESIAN_POINT('Ctrl Pts',(-1.77161436471854,-2.54492774134487,-1.46147805787987));
#4826=CARTESIAN_POINT('Ctrl Pts',(-1.77167659224174,-2.5450906439238,-1.46141558127456));
#4827=CARTESIAN_POINT('',(-2.1944169056122,-2.54502751503108,-1.46143978708929));
#4828=CARTESIAN_POINT('Ctrl Pts',(-2.1944169056122,-2.54502751503108,-1.4614397870893));
#4829=CARTESIAN_POINT('Ctrl Pts',(-2.18881524261004,-2.54910574641984,-1.4614279474471));
#4830=CARTESIAN_POINT('Ctrl Pts',(-2.17173424566979,-2.54993773179108,-1.46607437305287));
#4831=CARTESIAN_POINT('Ctrl Pts',(-2.13371585507341,-2.55113108308943,-1.47489414170172));
#4832=CARTESIAN_POINT('Ctrl Pts',(-2.08088301184881,-2.55266373440955,-1.48221687377302));
#4833=CARTESIAN_POINT('Ctrl Pts',(-1.99428938867513,-2.55408747147477,-1.48678590298728));
#4834=CARTESIAN_POINT('Ctrl Pts',(-1.91177796030795,-2.55338604557275,-1.48499907555511));
#4835=CARTESIAN_POINT('Ctrl Pts',(-1.83768223688563,-2.5512943238321,-1.475831765352));
#4836=CARTESIAN_POINT('Ctrl Pts',(-1.79864351168268,-2.55013469864517,-1.46728920820016));
#4837=CARTESIAN_POINT('Ctrl Pts',(-1.7772838991451,-2.5491581895626,-1.46140912186619));
#4838=CARTESIAN_POINT('Ctrl Pts',(-1.77167599469836,-2.54509021048736,-1.4614155819542));
#4839=CARTESIAN_POINT('',(-2.19446226809761,-2.54490901660522,-1.4614851940475));
#4840=CARTESIAN_POINT('Ctrl Pts',(-2.19446226809761,-2.54490901660522,-1.4614851940475));
#4841=CARTESIAN_POINT('Ctrl Pts',(-2.19444715054344,-2.54494852406472,-1.46147006174007));
#4842=CARTESIAN_POINT('Ctrl Pts',(-2.19443202971497,-2.54498802354,-1.46145492608734));
#4843=CARTESIAN_POINT('Ctrl Pts',(-2.1944169056122,-2.54502751503108,-1.46143978708929));
#4844=CARTESIAN_POINT('',(-2.21280970388563,-2.487,-1.47980970388563));
#4845=CARTESIAN_POINT('Ctrl Pts',(-2.21280970388563,-2.487,-1.47980970388563));
#4846=CARTESIAN_POINT('Ctrl Pts',(-2.20735113326698,-2.50790565269321,-1.47437302707542));
#4847=CARTESIAN_POINT('Ctrl Pts',(-2.20123532133764,-2.52720865822829,-1.46826485712938));
#4848=CARTESIAN_POINT('Ctrl Pts',(-2.19446226809761,-2.54490901660522,-1.4614851940475));
#4849=CARTESIAN_POINT('Ctrl Pts',(-2.21211897202454,-2.33107233291982,-1.54068168536114));
#4850=CARTESIAN_POINT('Ctrl Pts',(-2.20862219187831,-2.38869361377248,-1.53250943355323));
#4851=CARTESIAN_POINT('Ctrl Pts',(-2.19743076634822,-2.41183928798905,-1.53665141637464));
#4852=CARTESIAN_POINT('Ctrl Pts',(-2.21280970388563,-2.487,-1.47980970388563));
#4853=CARTESIAN_POINT('Ctrl Pts',(-2.27456740375851,-2.3274151475429,-1.47897485434485));
#4854=CARTESIAN_POINT('Ctrl Pts',(-2.26546868913399,-2.38779251528628,-1.47592764233969));
#4855=CARTESIAN_POINT('Ctrl Pts',(-2.27093245454391,-2.41028133377006,-1.46400793057649));
#4856=CARTESIAN_POINT('Ctrl Pts',(-2.21280970388563,-2.487,-1.47980970388563));
#4857=CARTESIAN_POINT('Ctrl Pts',(-2.25234655912503,-2.32712975419129,-1.49817430113941));
#4858=CARTESIAN_POINT('Ctrl Pts',(-2.24501097103319,-2.38727228698139,-1.49295269795194));
#4859=CARTESIAN_POINT('Ctrl Pts',(-2.24551356115907,-2.40977525837455,-1.48780551322367));
#4860=CARTESIAN_POINT('Ctrl Pts',(-2.21280970388563,-2.487,-1.47980970388562));
#4861=CARTESIAN_POINT('Ctrl Pts',(-2.23152716027884,-2.32709693032458,-1.51899900197486));
#4862=CARTESIAN_POINT('Ctrl Pts',(-2.22613215838344,-2.38724963510874,-1.51183881650431));
#4863=CARTESIAN_POINT('Ctrl Pts',(-2.22088823613645,-2.40975732626534,-1.51244115366884));
#4864=CARTESIAN_POINT('Ctrl Pts',(-2.21280970388563,-2.487,-1.47980970388563));
#4865=CARTESIAN_POINT('Ctrl Pts',(-2.21233297389804,-2.32731702873332,-1.5412251331874));
#4866=CARTESIAN_POINT('Ctrl Pts',(-2.20911438782285,-2.38772486126939,-1.53230374921516));
#4867=CARTESIAN_POINT('Ctrl Pts',(-2.19710098052007,-2.41022754221049,-1.53787032965657));
#4868=CARTESIAN_POINT('Ctrl Pts',(-2.21280970388563,-2.487,-1.47980970388563));
#4869=CARTESIAN_POINT('Ctrl Pts',(-2.21280970388563,-2.487,-1.47980970388563));
#4870=CARTESIAN_POINT('Ctrl Pts',(-2.27093245454391,-2.41028133377006,-1.46400793057649));
#4871=CARTESIAN_POINT('Ctrl Pts',(-2.26546868913399,-2.38779251528628,-1.47592764233969));
#4872=CARTESIAN_POINT('Ctrl Pts',(-2.27456740375851,-2.3274151475429,-1.47897485434485));
#4873=CARTESIAN_POINT('Ctrl Pts',(-2.23949263639603,-2.32356125114808,-1.50613455135006));
#4874=CARTESIAN_POINT('Ctrl Pts',(-2.23090441414657,-2.41865661297776,-1.4978357614375));
#4875=CARTESIAN_POINT('Ctrl Pts',(-2.21475727823335,-2.49531997531981,-1.48181414802461));
#4876=CARTESIAN_POINT('Ctrl Pts',(-2.19105122865637,-2.55355133817425,-1.45806971111138));
#4877=CARTESIAN_POINT('Ctrl Pts',(-2.33083688327663,-2.32356125114808,-1.44541488356315));
#4878=CARTESIAN_POINT('Ctrl Pts',(-2.32325133854888,-2.41865661297776,-1.44040255651545));
#4879=CARTESIAN_POINT('Ctrl Pts',(-2.28294956767438,-2.49531997531981,-1.42339883044904));
#4880=CARTESIAN_POINT('Ctrl Pts',(-2.20847105295168,-2.55355133817425,-1.393488427791));
#4881=CARTESIAN_POINT('Ctrl Pts',(-2.43746762609573,-2.32356125114807,-1.24909896669385));
#4882=CARTESIAN_POINT('Ctrl Pts',(-2.4310202347096,-2.41865661297775,-1.24982725227394));
#4883=CARTESIAN_POINT('Ctrl Pts',(-2.36091714496884,-2.49531997531981,-1.25014309889959));
#4884=CARTESIAN_POINT('Ctrl Pts',(-2.22880609175073,-2.55355133817425,-1.25004650657079));
#4885=CARTESIAN_POINT('Ctrl Pts',(-2.33083688327663,-2.32356125114808,-1.05278304982454));
#4886=CARTESIAN_POINT('Ctrl Pts',(-2.32325133854888,-2.41865661297776,-1.05925194803243));
#4887=CARTESIAN_POINT('Ctrl Pts',(-2.28294956767438,-2.49531997531981,-1.07688736735014));
#4888=CARTESIAN_POINT('Ctrl Pts',(-2.20847105295168,-2.55355133817425,-1.10660458535058));
#4889=CARTESIAN_POINT('Ctrl Pts',(-2.23949263639603,-2.32356125114808,-0.992063382037633));
#4890=CARTESIAN_POINT('Ctrl Pts',(-2.23090441414657,-2.41865661297776,-1.00181874311039));
#4891=CARTESIAN_POINT('Ctrl Pts',(-2.21475727823335,-2.49531997531981,-1.01847204977457));
#4892=CARTESIAN_POINT('Ctrl Pts',(-2.19105122865637,-2.55355133817425,-1.0420233020302));
#4893=CARTESIAN_POINT('',(-2.19442199666869,-2.54501422083039,-1.03867029332771));
#4894=CARTESIAN_POINT('Ctrl Pts',(-2.19442199666908,-2.54501422083054,-1.03867029332855));
#4895=CARTESIAN_POINT('Ctrl Pts',(-2.19438790376488,-2.5491307902181,-1.0442543149033));
#4896=CARTESIAN_POINT('Ctrl Pts',(-2.1991115842996,-2.54981749493298,-1.06142706326989));
#4897=CARTESIAN_POINT('Ctrl Pts',(-2.207904091027,-2.551097330107,-1.09939349673593));
#4898=CARTESIAN_POINT('Ctrl Pts',(-2.21526268361257,-2.55255307451413,-1.15234808333963));
#4899=CARTESIAN_POINT('Ctrl Pts',(-2.21981466199568,-2.55403442111694,-1.23876293397266));
#4900=CARTESIAN_POINT('Ctrl Pts',(-2.21790074809709,-2.55316673217428,-1.32758974836378));
#4901=CARTESIAN_POINT('Ctrl Pts',(-2.20799516556558,-2.55108103880476,-1.40047577789478));
#4902=CARTESIAN_POINT('Ctrl Pts',(-2.19909917360273,-2.54978794563102,-1.43881456871836));
#4903=CARTESIAN_POINT('Ctrl Pts',(-2.19441931178517,-2.54904268472006,-1.45591132489986));
#4904=CARTESIAN_POINT('Ctrl Pts',(-2.19446226809766,-2.54490901660076,-1.46148519405352));
#4905=CARTESIAN_POINT('Ctrl Pts',(-2.19461187890866,-2.54451749041027,-1.03848115004576));
#4906=CARTESIAN_POINT('Ctrl Pts',(-2.19454864228478,-2.54468320732057,-1.03854414537439));
#4907=CARTESIAN_POINT('Ctrl Pts',(-2.19448534820479,-2.54484878412727,-1.03860719313504));
#4908=CARTESIAN_POINT('Ctrl Pts',(-2.19442199666869,-2.54501422083039,-1.03867029332771));
#4909=CARTESIAN_POINT('Origin',(-0.283,-2.162,-0.671338369608078));
#4910=CARTESIAN_POINT('',(-0.746470117344546,-2.34397049524274,-1.33048238253604));
#4911=CARTESIAN_POINT('',(-0.431189732595015,-2.34397049524276,-1.33048238253611));
#4912=CARTESIAN_POINT('',(-0.335194436650069,-2.162,-0.671338369608076));
#4913=CARTESIAN_POINT('Ctrl Pts',(-0.335194336732026,-2.16200001532999,
-0.671338425137244));
#4914=CARTESIAN_POINT('Ctrl Pts',(-0.468053908955785,-2.22332496023486,
-0.893473174087942));
#4915=CARTESIAN_POINT('Ctrl Pts',(-0.606654253586003,-2.2837531643124,-1.11235969674409));
#4916=CARTESIAN_POINT('Ctrl Pts',(-0.746470117344545,-2.34397049524272,
-1.33048238253597));
#4917=CARTESIAN_POINT('',(-0.133000000000002,-2.162,-0.671338369608079));
#4918=CARTESIAN_POINT('Ctrl Pts',(-1.75350827764303,-2.36707020475803,0.959983406564348));
#4919=CARTESIAN_POINT('Ctrl Pts',(-1.75570487707049,-2.40930723946842,0.973906823160591));
#4920=CARTESIAN_POINT('Ctrl Pts',(-1.76616981894778,-2.42075399727914,0.968170491201571));
#4921=CARTESIAN_POINT('Ctrl Pts',(-1.75319035934152,-2.487,1.02019029611437));
#4922=CARTESIAN_POINT('Ctrl Pts',(-1.73443148913033,-2.36672130776096,0.982033147275377));
#4923=CARTESIAN_POINT('Ctrl Pts',(-1.74053858727664,-2.4088313393543,0.991679767934774));
#4924=CARTESIAN_POINT('Ctrl Pts',(-1.74505461596753,-2.42046785741731,0.990606623480314));
#4925=CARTESIAN_POINT('Ctrl Pts',(-1.75319035934152,-2.487,1.02019029611437));
#4926=CARTESIAN_POINT('Ctrl Pts',(-1.71378537703125,-2.36687411776441,1.00273268491087));
#4927=CARTESIAN_POINT('Ctrl Pts',(-1.72399766902566,-2.40892827958801,1.00826563902854));
#4928=CARTESIAN_POINT('Ctrl Pts',(-1.7232936072704,-2.42056686363252,1.0124274889577));
#4929=CARTESIAN_POINT('Ctrl Pts',(-1.75319035934153,-2.487,1.02019029611438));
#4930=CARTESIAN_POINT('Ctrl Pts',(-1.69178870846991,-2.36752701558676,1.02186268624731));
#4931=CARTESIAN_POINT('Ctrl Pts',(-1.70626922518607,-2.40959708508919,1.02347681556292));
#4932=CARTESIAN_POINT('Ctrl Pts',(-1.70091720942539,-2.42105092024848,1.03360259060348));
#4933=CARTESIAN_POINT('Ctrl Pts',(-1.75319035934152,-2.487,1.02019029611437));
#4934=CARTESIAN_POINT('Ctrl Pts',(-1.75319035934152,-2.487,1.02019029611437));
#4935=CARTESIAN_POINT('Ctrl Pts',(-1.76616981894778,-2.42075399727914,0.968170491201571));
#4936=CARTESIAN_POINT('Ctrl Pts',(-1.75570487707049,-2.40930723946842,0.973906823160591));
#4937=CARTESIAN_POINT('Ctrl Pts',(-1.75350827764303,-2.36707020475803,0.959983406564348));
#4938=CARTESIAN_POINT('Ctrl Pts',(-1.72112904356668,-2.33073929915146,0.990000413898633));
#4939=CARTESIAN_POINT('Ctrl Pts',(-1.73463416252587,-2.42195694957833,1.00198424135553));
#4940=CARTESIAN_POINT('Ctrl Pts',(-1.75267446077238,-2.49618423275311,1.01936686336331));
#4941=CARTESIAN_POINT('Ctrl Pts',(-1.7752499383062,-2.55342114867579,1.04214827992198));
#4942=CARTESIAN_POINT('Ctrl Pts',(-1.78283191356915,-2.33073929915146,0.89697501405848));
#4943=CARTESIAN_POINT('Ctrl Pts',(-1.79235530236526,-2.42195694957833,0.910340826705733));
#4944=CARTESIAN_POINT('Ctrl Pts',(-1.81102002967044,-2.49618423275311,0.952443435315992));
#4945=CARTESIAN_POINT('Ctrl Pts',(-1.83976279559945,-2.55342114867579,1.02477754175788));
#4946=CARTESIAN_POINT('Ctrl Pts',(-1.98249230727748,-2.33073929915146,0.788371045303178));
#4947=CARTESIAN_POINT('Ctrl Pts',(-1.98290506294691,-2.42195694957833,0.803305568755685));
#4948=CARTESIAN_POINT('Ctrl Pts',(-1.98308350317074,-2.49618423275311,0.875915738894088));
#4949=CARTESIAN_POINT('Ctrl Pts',(-1.98302762794897,-2.55342114867579,1.00449779979415));
#4950=CARTESIAN_POINT('Ctrl Pts',(-2.18215270098582,-2.33073929915146,0.89697501405848));
#4951=CARTESIAN_POINT('Ctrl Pts',(-2.17345482352856,-2.42195694957833,0.910340826705733));
#4952=CARTESIAN_POINT('Ctrl Pts',(-2.15514697667103,-2.49618423275311,0.952443435315991));
#4953=CARTESIAN_POINT('Ctrl Pts',(-2.12629246029849,-2.55342114867579,1.02477754175788));
#4954=CARTESIAN_POINT('Ctrl Pts',(-2.24385557098829,-2.33073929915146,0.990000413898632));
#4955=CARTESIAN_POINT('Ctrl Pts',(-2.23117596336795,-2.42195694957833,1.00198424135553));
#4956=CARTESIAN_POINT('Ctrl Pts',(-2.2134925455691,-2.49618423275311,1.01936686336331));
#4957=CARTESIAN_POINT('Ctrl Pts',(-2.19080531759174,-2.55342114867579,1.04214827992198));
#4958=CARTESIAN_POINT('',(-1.77173570152521,-2.54427861788131,1.0386100006813));
#4959=CARTESIAN_POINT('Ctrl Pts',(-1.77143089686602,-2.54346041444221,1.03830242673639));
#4960=CARTESIAN_POINT('Ctrl Pts',(-1.77153267633537,-2.54373345854772,1.03840470182534));
#4961=CARTESIAN_POINT('Ctrl Pts',(-1.77163455236078,-2.5440061409205,1.03850709185711));
#4962=CARTESIAN_POINT('Ctrl Pts',(-1.77173652494223,-2.54427846156056,1.03860959683169));
#4963=CARTESIAN_POINT('',(-2.1943576385464,-2.54421135392275,1.03858434173968));
#4964=CARTESIAN_POINT('Ctrl Pts',(-2.19435763854597,-2.54421135392246,1.03858434173939));
#4965=CARTESIAN_POINT('Ctrl Pts',(-2.1890497124997,-2.54882585083002,1.03891869231278));
#4966=CARTESIAN_POINT('Ctrl Pts',(-2.17205974408877,-2.54969757293,1.03435421192773));
#4967=CARTESIAN_POINT('Ctrl Pts',(-2.1339896156286,-2.55089683798322,1.02540293724627));
#4968=CARTESIAN_POINT('Ctrl Pts',(-2.06010517440055,-2.55302841258904,1.01529649224369));
#4969=CARTESIAN_POINT('Ctrl Pts',(-1.97184872522043,-2.55385266780931,1.01343306848505));
#4970=CARTESIAN_POINT('Ctrl Pts',(-1.88497678230505,-2.55238621454205,1.01802888648148));
#4971=CARTESIAN_POINT('Ctrl Pts',(-1.83215166845374,-2.55091262247966,1.02544566315252));
#4972=CARTESIAN_POINT('Ctrl Pts',(-1.79408045515079,-2.54971475928431,1.03433143107379));
#4973=CARTESIAN_POINT('Ctrl Pts',(-1.77704843633304,-2.54888509896598,1.03894038331612));
#4974=CARTESIAN_POINT('Ctrl Pts',(-1.77173570152521,-2.54427861788131,1.0386100006813));
#4975=CARTESIAN_POINT('',(-2.19449446252579,-2.54384646632338,1.0384471986336));
#4976=CARTESIAN_POINT('Ctrl Pts',(-2.19449446252579,-2.54384646632338,1.0384471986336));
#4977=CARTESIAN_POINT('Ctrl Pts',(-2.19444887575026,-2.54396816756724,1.03849289010985));
#4978=CARTESIAN_POINT('Ctrl Pts',(-2.19440326775713,-2.54408979676703,1.03853860447854));
#4979=CARTESIAN_POINT('Ctrl Pts',(-2.1943576385464,-2.54421135392275,1.03858434173968));
#4980=CARTESIAN_POINT('',(-2.21280976711278,-2.487,1.02019029611437));
#4981=CARTESIAN_POINT('Ctrl Pts',(-2.21280976711278,-2.487,1.02019029611437));
#4982=CARTESIAN_POINT('Ctrl Pts',(-2.2071416326758,-2.5074325377376,1.02580447044562));
#4983=CARTESIAN_POINT('Ctrl Pts',(-2.2010365311468,-2.52638135984539,1.0318901046187));
#4984=CARTESIAN_POINT('Ctrl Pts',(-2.19449446252579,-2.54384646632338,1.0384471986336));
#4985=CARTESIAN_POINT('Ctrl Pts',(-2.21166759371163,-2.36793578491395,0.960158396796027));
#4986=CARTESIAN_POINT('Ctrl Pts',(-2.20980934683057,-2.40981358202802,0.974041478407828));
#4987=CARTESIAN_POINT('Ctrl Pts',(-2.19962467524574,-2.42145242632992,0.968626902920847));
#4988=CARTESIAN_POINT('Ctrl Pts',(-2.21280976711278,-2.487,1.02019029611437));
#4989=CARTESIAN_POINT('Ctrl Pts',(-2.27338380038044,-2.36814255483005,1.02194564306177));
#4990=CARTESIAN_POINT('Ctrl Pts',(-2.25924801902632,-2.40994472733353,1.02354031149813));
#4991=CARTESIAN_POINT('Ctrl Pts',(-2.2644880973671,-2.42158614941936,1.03357061200841));
#4992=CARTESIAN_POINT('Ctrl Pts',(-2.21280976711278,-2.487,1.02019029611437));
#4993=CARTESIAN_POINT('Ctrl Pts',(-2.25138902071697,-2.3675823516085,1.002845417698));
#4994=CARTESIAN_POINT('Ctrl Pts',(-2.2415227750918,-2.40933678853659,1.0083482068551));
#4995=CARTESIAN_POINT('Ctrl Pts',(-2.242250360611,-2.4211639998637,1.01254907634128));
#4996=CARTESIAN_POINT('Ctrl Pts',(-2.21280976711278,-2.487,1.02019029611437));
#4997=CARTESIAN_POINT('Ctrl Pts',(-2.23074414789637,-2.36751318408605,0.982176781096833));
#4998=CARTESIAN_POINT('Ctrl Pts',(-2.224981348638,-2.40929292761912,0.991786649822223));
#4999=CARTESIAN_POINT('Ctrl Pts',(-2.2206194178469,-2.42111941147831,0.990891359460504));
#5000=CARTESIAN_POINT('Ctrl Pts',(-2.21280976711278,-2.487,1.02019029611437));
#5001=CARTESIAN_POINT('Ctrl Pts',(-2.21166759375136,-2.36793578401851,0.960158396499173));
#5002=CARTESIAN_POINT('Ctrl Pts',(-2.20980934697575,-2.40981358186211,0.974041478485013));
#5003=CARTESIAN_POINT('Ctrl Pts',(-2.19962467515176,-2.42145242586273,0.968626902553331));
#5004=CARTESIAN_POINT('Ctrl Pts',(-2.21280976711278,-2.487,1.02019029611437));
#5005=CARTESIAN_POINT('Ctrl Pts',(-2.21280976711278,-2.487,1.02019029611437));
#5006=CARTESIAN_POINT('Ctrl Pts',(-2.26104825881071,-2.42594025846743,1.03267998480969));
#5007=CARTESIAN_POINT('Ctrl Pts',(-2.2596934236495,-2.41173273378658,1.02477187286423));
#5008=CARTESIAN_POINT('Ctrl Pts',(-2.27079609993806,-2.3761137905602,1.0223668104907));
#5009=CARTESIAN_POINT('Ctrl Pts',(-2.23957527507129,-2.35968026520182,0.994069231005309));
#5010=CARTESIAN_POINT('Ctrl Pts',(-2.22730140727483,-2.43777637529232,1.00579850494868));
#5011=CARTESIAN_POINT('Ctrl Pts',(-2.21104605140178,-2.50235339848349,1.02182355258559));
#5012=CARTESIAN_POINT('Ctrl Pts',(-2.19080920745215,-2.55341133477534,1.04214437391605));
#5013=CARTESIAN_POINT('Ctrl Pts',(-2.33132415759381,-2.35968026520182,1.05465231239027));
#5014=CARTESIAN_POINT('Ctrl Pts',(-2.31317999796388,-2.43777637529232,1.06380689897877));
#5015=CARTESIAN_POINT('Ctrl Pts',(-2.27262450346986,-2.50235339848349,1.08083460646522));
#5016=CARTESIAN_POINT('Ctrl Pts',(-2.20818835848514,-2.55341133477534,1.10665622590832));
#5017=CARTESIAN_POINT('Ctrl Pts',(-2.4384272705679,-2.35968026520182,1.25102674383143));
#5018=CARTESIAN_POINT('Ctrl Pts',(-2.41361966020538,-2.43777637529232,1.2501590821299));
#5019=CARTESIAN_POINT('Ctrl Pts',(-2.34308331340532,-2.50235339848349,1.24979214879984));
#5020=CARTESIAN_POINT('Ctrl Pts',(-2.22847592085433,-2.55341133477533,1.24992594384126));
#5021=CARTESIAN_POINT('Ctrl Pts',(-2.33132415759381,-2.35968026520182,1.4474011752726));
#5022=CARTESIAN_POINT('Ctrl Pts',(-2.31317999796388,-2.43777637529232,1.43651126528102));
#5023=CARTESIAN_POINT('Ctrl Pts',(-2.27262450346986,-2.50235339848349,1.41874969113446));
#5024=CARTESIAN_POINT('Ctrl Pts',(-2.20818835848514,-2.55341133477534,1.39319566177421));
#5025=CARTESIAN_POINT('Ctrl Pts',(-2.2395752750713,-2.35968026520182,1.50798425665756));
#5026=CARTESIAN_POINT('Ctrl Pts',(-2.22730140727483,-2.43777637529232,1.49451965931111));
#5027=CARTESIAN_POINT('Ctrl Pts',(-2.21104605140178,-2.50235339848349,1.47776074501408));
#5028=CARTESIAN_POINT('Ctrl Pts',(-2.19080920745215,-2.55341133477534,1.45770751376648));
#5029=CARTESIAN_POINT('',(-2.19442499719319,-2.544031815667,1.46129759210116));
#5030=CARTESIAN_POINT('Ctrl Pts',(-2.194424997202,-2.54403181565735,1.46129759208883));
#5031=CARTESIAN_POINT('Ctrl Pts',(-2.19401458658737,-2.54877540346638,1.45605827618631));
#5032=CARTESIAN_POINT('Ctrl Pts',(-2.1985637162539,-2.54968644928536,1.43911713373448));
#5033=CARTESIAN_POINT('Ctrl Pts',(-2.21203815319831,-2.55149039860571,1.38162647363736));
#5034=CARTESIAN_POINT('Ctrl Pts',(-2.22018709089704,-2.55405502093376,1.28324892373204));
#5035=CARTESIAN_POINT('Ctrl Pts',(-2.21759321735119,-2.55296161423213,1.17198757375433));
#5036=CARTESIAN_POINT('Ctrl Pts',(-2.20752864162283,-2.55084256015763,1.0987248670181));
#5037=CARTESIAN_POINT('Ctrl Pts',(-2.19854366855554,-2.54964700434168,1.06057821113492));
#5038=CARTESIAN_POINT('Ctrl Pts',(-2.19407417559568,-2.54861101309447,1.04367473487252));
#5039=CARTESIAN_POINT('Ctrl Pts',(-2.19449446252579,-2.54384646632338,1.0384471986336));
#5040=CARTESIAN_POINT('Ctrl Pts',(-2.19474567749108,-2.54317450260082,1.46161669533858));
#5041=CARTESIAN_POINT('Ctrl Pts',(-2.19463890086272,-2.54346067023012,1.46151042423761));
#5042=CARTESIAN_POINT('Ctrl Pts',(-2.19453200743009,-2.54374644125218,1.4614040564918));
#5043=CARTESIAN_POINT('Ctrl Pts',(-2.19442499719319,-2.544031815667,1.46129759210116));
#5044=CARTESIAN_POINT('Ctrl Pts',(-2.21690776022954,-2.57608975774532,-1.45));
#5045=CARTESIAN_POINT('Ctrl Pts',(-2.20768033474684,-2.58277092901776,-1.45));
#5046=CARTESIAN_POINT('Ctrl Pts',(-2.18690532332961,-2.59263598895707,-1.45));
#5047=CARTESIAN_POINT('Ctrl Pts',(-2.14296621557466,-2.60431574403602,-1.45));
#5048=CARTESIAN_POINT('Ctrl Pts',(-2.08548237737252,-2.61148932099542,-1.45));
#5049=CARTESIAN_POINT('Ctrl Pts',(-1.99451575167036,-2.61555717308446,-1.45));
#5050=CARTESIAN_POINT('Ctrl Pts',(-1.90919306727958,-2.61422322450902,-1.45));
#5051=CARTESIAN_POINT('Ctrl Pts',(-1.82898470170258,-2.60515429903152,-1.45));
#5052=CARTESIAN_POINT('Ctrl Pts',(-1.78441965107744,-2.59493787158126,-1.45));
#5053=CARTESIAN_POINT('Ctrl Pts',(-1.75845481237258,-2.58281089170356,-1.45));
#5054=CARTESIAN_POINT('Ctrl Pts',(-1.74922375190095,-2.576134739081,-1.45));
#5055=CARTESIAN_POINT('Ctrl Pts',(-2.212374017445,-2.56982816498021,-1.45));
#5056=CARTESIAN_POINT('Ctrl Pts',(-2.20387781672343,-2.57598497727095,-1.45000000933019));
#5057=CARTESIAN_POINT('Ctrl Pts',(-2.18376089914785,-2.58384882270505,-1.44999663229666));
#5058=CARTESIAN_POINT('Ctrl Pts',(-2.14094084062153,-2.59281324014147,-1.44998401970098));
#5059=CARTESIAN_POINT('Ctrl Pts',(-2.0844323973659,-2.59817022457353,-1.4499677108267));
#5060=CARTESIAN_POINT('Ctrl Pts',(-1.99445404422427,-2.60120681855909,-1.44995421166454));
#5061=CARTESIAN_POINT('Ctrl Pts',(-1.90981143594611,-2.60022453767571,-1.449960572954));
#5062=CARTESIAN_POINT('Ctrl Pts',(-1.8308957184704,-2.5934301709159,-1.44998204139207));
#5063=CARTESIAN_POINT('Ctrl Pts',(-1.78739447131778,-2.58567141584833,-1.44999560321907));
#5064=CARTESIAN_POINT('Ctrl Pts',(-1.7622497332673,-2.5760281281021,-1.45000000507485));
#5065=CARTESIAN_POINT('Ctrl Pts',(-1.75374915390704,-2.56987750352358,-1.45));
#5066=CARTESIAN_POINT('Ctrl Pts',(-2.20444138782331,-2.55887233916297,-1.45226228781318));
#5067=CARTESIAN_POINT('Ctrl Pts',(-2.19722438178144,-2.56411183268676,-1.45225984931055));
#5068=CARTESIAN_POINT('Ctrl Pts',(-2.17826093447537,-2.56847797312156,-1.45321799964026));
#5069=CARTESIAN_POINT('Ctrl Pts',(-2.13740235279464,-2.57271327583969,-1.45514792113076));
#5070=CARTESIAN_POINT('Ctrl Pts',(-2.0826005546646,-2.57492832998022,-1.45686750741116));
#5071=CARTESIAN_POINT('Ctrl Pts',(-1.99434679628515,-2.57619499861595,-1.4580020395626));
#5072=CARTESIAN_POINT('Ctrl Pts',(-1.91088879817691,-2.57581039701732,-1.45753535004858));
#5073=CARTESIAN_POINT('Ctrl Pts',(-1.83423392130766,-2.57294645276168,-1.45536487883562));
#5074=CARTESIAN_POINT('Ctrl Pts',(-1.79259707306958,-2.56946315500541,-1.45347040365863));
#5075=CARTESIAN_POINT('Ctrl Pts',(-1.76888987697555,-2.56416055588006,-1.45225598765807));
#5076=CARTESIAN_POINT('Ctrl Pts',(-1.76166719595579,-2.55892929291468,-1.45225731680168));
#5077=CARTESIAN_POINT('Ctrl Pts',(-2.19726155270601,-2.54895620457798,-1.45826335647099));
#5078=CARTESIAN_POINT('Ctrl Pts',(-2.19120176329073,-2.55336419272746,-1.45825469861287));
#5079=CARTESIAN_POINT('Ctrl Pts',(-2.17352848232058,-2.55507696264315,-1.4616519022443));
#5080=CARTESIAN_POINT('Ctrl Pts',(-2.13465806035386,-2.55674519043246,-1.46821573857759));
#5081=CARTESIAN_POINT('Ctrl Pts',(-2.08129342351788,-2.55805688671078,-1.47378436691553));
#5082=CARTESIAN_POINT('Ctrl Pts',(-1.99429602700074,-2.55914627037679,-1.47731951869293));
#5083=CARTESIAN_POINT('Ctrl Pts',(-1.91158561683524,-2.55866086422509,-1.47591426091473));
#5084=CARTESIAN_POINT('Ctrl Pts',(-1.8368051787032,-2.55687492026612,-1.46892565594391));
#5085=CARTESIAN_POINT('Ctrl Pts',(-1.79699966401426,-2.55546041583925,-1.46254211996326));
#5086=CARTESIAN_POINT('Ctrl Pts',(-1.7749014619433,-2.55341603390365,-1.45824095137173));
#5087=CARTESIAN_POINT('Ctrl Pts',(-1.76883544423818,-2.54901781588422,-1.4582456710316));
#5088=CARTESIAN_POINT('Ctrl Pts',(-2.19441694260897,-2.54502748809589,-1.46143978716753));
#5089=CARTESIAN_POINT('Ctrl Pts',(-2.18881528021446,-2.54910574458819,-1.46142793721783));
#5090=CARTESIAN_POINT('Ctrl Pts',(-2.17173426659449,-2.54993773113428,-1.46607436819861));
#5091=CARTESIAN_POINT('Ctrl Pts',(-2.13371585507341,-2.55113108308943,-1.47489414170172));
#5092=CARTESIAN_POINT('Ctrl Pts',(-2.08088301184881,-2.55266373440955,-1.48221687377302));
#5093=CARTESIAN_POINT('Ctrl Pts',(-1.99428938867513,-2.55408747147477,-1.48678590298728));
#5094=CARTESIAN_POINT('Ctrl Pts',(-1.91177796030795,-2.55338604557275,-1.48499907555511));
#5095=CARTESIAN_POINT('Ctrl Pts',(-1.83768223688563,-2.5512943238321,-1.475831765352));
#5096=CARTESIAN_POINT('Ctrl Pts',(-1.79864351168268,-2.55013469864517,-1.46728920820016));
#5097=CARTESIAN_POINT('Ctrl Pts',(-1.7772838991451,-2.5491581895626,-1.46140912186619));
#5098=CARTESIAN_POINT('Ctrl Pts',(-1.77167599469836,-2.54509021048736,-1.4614155819542));
#5099=CARTESIAN_POINT('',(-1.783,-2.59283301579344,-1.45000003537557));
#5100=CARTESIAN_POINT('Ctrl Pts',(-1.77167599469836,-2.54509021048736,-1.4614155819542));
#5101=CARTESIAN_POINT('Ctrl Pts',(-1.77225427243903,-2.54661118281955,-1.46083122457794));
#5102=CARTESIAN_POINT('Ctrl Pts',(-1.772840394253,-2.54809366352888,-1.46027145116442));
#5103=CARTESIAN_POINT('Ctrl Pts',(-1.77341331011122,-2.54959166199743,-1.45970832491054));
#5104=CARTESIAN_POINT('Ctrl Pts',(-1.77401670681676,-2.55116935849138,-1.45911523864575));
#5105=CARTESIAN_POINT('Ctrl Pts',(-1.77460541899764,-2.55276403289628,-1.45851899133339));
#5106=CARTESIAN_POINT('Ctrl Pts',(-1.77517241169418,-2.5543928386425,-1.45792350422736));
#5107=CARTESIAN_POINT('Ctrl Pts',(-1.77579976395696,-2.55619503993498,-1.4572646241647));
#5108=CARTESIAN_POINT('Ctrl Pts',(-1.77640044257302,-2.55803911192534,-1.45660811863445));
#5109=CARTESIAN_POINT('Ctrl Pts',(-1.77698722653408,-2.55989392525262,-1.45598694756701));
#5110=CARTESIAN_POINT('Ctrl Pts',(-1.77723479526667,-2.56067648547087,-1.45572487064587));
#5111=CARTESIAN_POINT('Ctrl Pts',(-1.77748014969002,-2.56146033546316,-1.45546925448337));
#5112=CARTESIAN_POINT('Ctrl Pts',(-1.77772526792237,-2.56224068268931,-1.45522280394962));
#5113=CARTESIAN_POINT('Ctrl Pts',(-1.77795136477275,-2.56296047431128,-1.45499547818555));
#5114=CARTESIAN_POINT('Ctrl Pts',(-1.77817385166538,-2.56368119782126,-1.45477383242977));
#5115=CARTESIAN_POINT('Ctrl Pts',(-1.77839141778785,-2.56440378889915,-1.45455797124253));
#5116=CARTESIAN_POINT('Ctrl Pts',(-1.77923449328468,-2.56720385181831,-1.4537215024228));
#5117=CARTESIAN_POINT('Ctrl Pts',(-1.77999959702738,-2.57003447924692,-1.45297011212561));
#5118=CARTESIAN_POINT('Ctrl Pts',(-1.78064962349255,-2.57292215541772,-1.45232565576889));
#5119=CARTESIAN_POINT('Ctrl Pts',(-1.78093869243922,-2.57420631468468,-1.4520390638681));
#5120=CARTESIAN_POINT('Ctrl Pts',(-1.78120567752813,-2.57550135237669,-1.45177389322751));
#5121=CARTESIAN_POINT('Ctrl Pts',(-1.78144987413133,-2.57680836300469,-1.45153288471198));
#5122=CARTESIAN_POINT('Ctrl Pts',(-1.78186815068548,-2.57904709972147,-1.45112006893128));
#5123=CARTESIAN_POINT('Ctrl Pts',(-1.78221241579538,-2.58130837290526,-1.45078009083218));
#5124=CARTESIAN_POINT('Ctrl Pts',(-1.78246792816427,-2.58358791559444,-1.45052587948006));
#5125=CARTESIAN_POINT('Ctrl Pts',(-1.78280751306516,-2.58661750778805,-1.45018802367609));
#5126=CARTESIAN_POINT('Ctrl Pts',(-1.78299064496676,-2.58967892802972,-1.45000144746564));
#5127=CARTESIAN_POINT('Ctrl Pts',(-1.7829930006136,-2.59275862128047,-1.44999999892624));
#5128=CARTESIAN_POINT('',(-1.78300002045046,-2.59290746960117,-1.45));
#5129=CARTESIAN_POINT('',(-1.783,-2.162,-1.45));
#5130=CARTESIAN_POINT('',(-2.1829999796374,-2.59292905123568,-1.45));
#5131=CARTESIAN_POINT('Ctrl Pts',(-1.78302238512921,-2.59284311205215,-1.45));
#5132=CARTESIAN_POINT('Ctrl Pts',(-1.79798264873757,-2.598041919064,-1.45));
#5133=CARTESIAN_POINT('Ctrl Pts',(-1.83022938862371,-2.60529503214395,-1.45));
#5134=CARTESIAN_POINT('Ctrl Pts',(-1.90919306727958,-2.61422322450902,-1.45));
#5135=CARTESIAN_POINT('Ctrl Pts',(-1.99451575167036,-2.61555717308446,-1.45));
#5136=CARTESIAN_POINT('Ctrl Pts',(-2.08548237737252,-2.61148932099542,-1.45));
#5137=CARTESIAN_POINT('Ctrl Pts',(-2.14167505157752,-2.60447687218248,-1.45));
#5138=CARTESIAN_POINT('Ctrl Pts',(-2.1734510658211,-2.59620554081053,-1.45));
#5139=CARTESIAN_POINT('Ctrl Pts',(-2.1829951933989,-2.59291516814309,-1.45));
#5140=CARTESIAN_POINT('',(-2.183,-2.59291060893883,-1.44999999960945));
#5141=CARTESIAN_POINT('',(-2.183,-2.162,-1.45));
#5142=CARTESIAN_POINT('Ctrl Pts',(-2.19441693044877,-2.54502751988564,-1.46143977497547));
#5143=CARTESIAN_POINT('Ctrl Pts',(-2.19121063684204,-2.55340956099163,-1.45822508270406));
#5144=CARTESIAN_POINT('Ctrl Pts',(-2.18784575367204,-2.56211138098735,-1.45485508199367));
#5145=CARTESIAN_POINT('Ctrl Pts',(-2.18398104435876,-2.57867838031491,-1.45098451635422));
#5146=CARTESIAN_POINT('Ctrl Pts',(-2.183,-2.58573090735476,-1.4500016920519));
#5147=CARTESIAN_POINT('Ctrl Pts',(-2.183,-2.59291060792263,-1.45000000216886));
#5148=CARTESIAN_POINT('Ctrl Pts',(-1.783,-2.57557904812424,-1.48439111500329));
#5149=CARTESIAN_POINT('Ctrl Pts',(-1.783,-2.58235000977886,-1.47518692448333));
#5150=CARTESIAN_POINT('Ctrl Pts',(-1.783,-2.59245536772178,-1.45442450804518));
#5151=CARTESIAN_POINT('Ctrl Pts',(-1.783,-2.60991257901205,-1.38770254902048));
#5152=CARTESIAN_POINT('Ctrl Pts',(-1.783,-2.61559254004995,-1.28453093433813));
#5153=CARTESIAN_POINT('Ctrl Pts',(-1.783,-2.61409452616478,-1.16974517113267));
#5154=CARTESIAN_POINT('Ctrl Pts',(-1.783,-2.60432919471966,-1.09026194369869));
#5155=CARTESIAN_POINT('Ctrl Pts',(-1.783,-2.59243170680246,-1.0458335903976));
#5156=CARTESIAN_POINT('Ctrl Pts',(-1.783,-2.58241924747521,-1.02504099865364));
#5157=CARTESIAN_POINT('Ctrl Pts',(-1.783,-2.57565681064042,-1.01583054279791));
#5158=CARTESIAN_POINT('Ctrl Pts',(-1.783,-2.56933227957006,-1.47979574833264));
#5159=CARTESIAN_POINT('Ctrl Pts',(-1.78299989462557,-2.57560739331417,-1.47134341813904));
#5160=CARTESIAN_POINT('Ctrl Pts',(-1.78300338322795,-2.58367888446528,-1.45125085432342));
#5161=CARTESIAN_POINT('Ctrl Pts',(-1.78302341313937,-2.59707213189867,-1.38623535853688));
#5162=CARTESIAN_POINT('Ctrl Pts',(-1.78304921448595,-2.60117349077468,-1.28427876337622));
#5163=CARTESIAN_POINT('Ctrl Pts',(-1.78303934331234,-2.60010252951262,-1.17042860690795));
#5164=CARTESIAN_POINT('Ctrl Pts',(-1.78301644524123,-2.59281099330964,-1.09228995425331));
#5165=CARTESIAN_POINT('Ctrl Pts',(-1.78300350956476,-2.58366245727152,-1.0490034389811));
#5166=CARTESIAN_POINT('Ctrl Pts',(-1.78299990113212,-2.57568221658586,-1.0288713505081));
#5167=CARTESIAN_POINT('Ctrl Pts',(-1.783,-2.56941713233496,-1.02041179600308));
#5168=CARTESIAN_POINT('Ctrl Pts',(-1.78072333192093,-2.55840240810643,-1.47175530844716));
#5169=CARTESIAN_POINT('Ctrl Pts',(-1.78075070510514,-2.56381000102221,-1.46461820578373));
#5170=CARTESIAN_POINT('Ctrl Pts',(-1.77980274111166,-2.56832644418958,-1.44569958410692));
#5171=CARTESIAN_POINT('Ctrl Pts',(-1.7768601527244,-2.5746438637746,-1.3836749055942));
#5172=CARTESIAN_POINT('Ctrl Pts',(-1.77483580993767,-2.57604906436517,-1.28383996234497));
#5173=CARTESIAN_POINT('Ctrl Pts',(-1.77550798056247,-2.57569827137476,-1.17161943463182));
#5174=CARTESIAN_POINT('Ctrl Pts',(-1.77784680947244,-2.57268377788351,-1.09583329698629));
#5175=CARTESIAN_POINT('Ctrl Pts',(-1.77980026473503,-2.56832299681691,-1.05454805818845));
#5176=CARTESIAN_POINT('Ctrl Pts',(-1.78075743680023,-2.56389458695547,-1.03557354920865));
#5177=CARTESIAN_POINT('Ctrl Pts',(-1.78073166343598,-2.55849965227263,-1.02842755227758));
#5178=CARTESIAN_POINT('Ctrl Pts',(-1.77468538593596,-2.54851624752001,-1.46448266300409));
#5179=CARTESIAN_POINT('Ctrl Pts',(-1.77478254047584,-2.55312680103257,-1.45852642328916));
#5180=CARTESIAN_POINT('Ctrl Pts',(-1.77141173267824,-2.55490321429546,-1.44092875934621));
#5181=CARTESIAN_POINT('Ctrl Pts',(-1.76142839950825,-2.55748025701677,-1.38189381417563));
#5182=CARTESIAN_POINT('Ctrl Pts',(-1.75520723645675,-2.5591461335199,-1.28354793083914));
#5183=CARTESIAN_POINT('Ctrl Pts',(-1.75720007345589,-2.55846755018641,-1.17240585018716));
#5184=CARTESIAN_POINT('Ctrl Pts',(-1.76476137289062,-2.5566858181318,-1.09857965436544));
#5185=CARTESIAN_POINT('Ctrl Pts',(-1.77140836445541,-2.55492149163202,-1.05932166806187));
#5186=CARTESIAN_POINT('Ctrl Pts',(-1.77480651368996,-2.5532169106794,-1.04164626035436));
#5187=CARTESIAN_POINT('Ctrl Pts',(-1.77471501912467,-2.54862096512747,-1.03568061324179));
#5188=CARTESIAN_POINT('Ctrl Pts',(-1.77149006585083,-2.54460152711906,-1.4616028419415));
#5189=CARTESIAN_POINT('Ctrl Pts',(-1.77162302133552,-2.54889248748741,-1.45611112523489));
#5190=CARTESIAN_POINT('Ctrl Pts',(-1.76700679931516,-2.54974341123904,-1.43912203625059));
#5191=CARTESIAN_POINT('Ctrl Pts',(-1.75360672348455,-2.55168009441986,-1.38135571718593));
#5192=CARTESIAN_POINT('Ctrl Pts',(-1.74562186515288,-2.5542139148927,-1.28346207626257));
#5193=CARTESIAN_POINT('Ctrl Pts',(-1.74813510263766,-2.55313699715768,-1.1726306132959));
#5194=CARTESIAN_POINT('Ctrl Pts',(-1.75807189880101,-2.55105929247797,-1.09952200240574));
#5195=CARTESIAN_POINT('Ctrl Pts',(-1.76700517335015,-2.54977286936853,-1.06113242187961));
#5196=CARTESIAN_POINT('Ctrl Pts',(-1.77165583851074,-2.54898369844781,-1.04405457761864));
#5197=CARTESIAN_POINT('Ctrl Pts',(-1.77153061818932,-2.54470797696474,-1.03855358019372));
#5198=CARTESIAN_POINT('',(-1.78299999781572,-2.59277853736898,-1.05));
#5199=CARTESIAN_POINT('Ctrl Pts',(-1.77153061818932,-2.54470797696474,-1.03855358019372));
#5200=CARTESIAN_POINT('Ctrl Pts',(-1.77234072417144,-2.54683331938125,-1.03936160883443));
#5201=CARTESIAN_POINT('Ctrl Pts',(-1.77305792458055,-2.54870752954597,-1.04007703259681));
#5202=CARTESIAN_POINT('Ctrl Pts',(-1.77603964525412,-2.55667097008347,-1.04305207865719));
#5203=CARTESIAN_POINT('Ctrl Pts',(-1.77834263470802,-2.56320799972847,-1.0453516804034));
#5204=CARTESIAN_POINT('Ctrl Pts',(-1.7816445398917,-2.5766459359182,-1.0486486095527));
#5205=CARTESIAN_POINT('Ctrl Pts',(-1.78299801053791,-2.58436056634594,-1.05));
#5206=CARTESIAN_POINT('Ctrl Pts',(-1.78299999781572,-2.59277853736898,-1.05));
#5207=CARTESIAN_POINT('',(-1.783,-2.59279705827653,-1.0500000232878));
#5208=CARTESIAN_POINT('',(-1.783,-2.162,-1.05));
#5209=CARTESIAN_POINT('Ctrl Pts',(-1.783,-2.59278489370381,-1.05000424335197));
#5210=CARTESIAN_POINT('Ctrl Pts',(-1.783,-2.59609976122599,-1.05955951602594));
#5211=CARTESIAN_POINT('Ctrl Pts',(-1.783,-2.60449358536605,-1.09159997295131));
#5212=CARTESIAN_POINT('Ctrl Pts',(-1.783,-2.61409452616478,-1.16974517113267));
#5213=CARTESIAN_POINT('Ctrl Pts',(-1.783,-2.61559254004995,-1.28453093433813));
#5214=CARTESIAN_POINT('Ctrl Pts',(-1.783,-2.60999161443838,-1.38626693837156));
#5215=CARTESIAN_POINT('Ctrl Pts',(-1.783,-2.59608649620423,-1.44051784030131));
#5216=CARTESIAN_POINT('Ctrl Pts',(-1.783,-2.59283028661902,-1.44999909807932));
#5217=CARTESIAN_POINT('Ctrl Pts',(-1.74867331567376,-2.57551451940531,-1.05));
#5218=CARTESIAN_POINT('Ctrl Pts',(-1.75787539346088,-2.58229999927547,-1.05));
#5219=CARTESIAN_POINT('Ctrl Pts',(-1.77864372607325,-2.59242675421456,-1.05));
#5220=CARTESIAN_POINT('Ctrl Pts',(-1.84543330329292,-2.60991069014946,-1.05));
#5221=CARTESIAN_POINT('Ctrl Pts',(-1.94864141686171,-2.61558174224437,-1.05));
#5222=CARTESIAN_POINT('Ctrl Pts',(-2.0635025798891,-2.61407630505195,-1.05));
#5223=CARTESIAN_POINT('Ctrl Pts',(-2.14301948334106,-2.60427875253803,-1.05));
#5224=CARTESIAN_POINT('Ctrl Pts',(-2.18748257051183,-2.59232769459807,-1.05));
#5225=CARTESIAN_POINT('Ctrl Pts',(-2.20826227786202,-2.58225795434585,-1.05));
#5226=CARTESIAN_POINT('Ctrl Pts',(-2.21746056223182,-2.57546733305484,-1.05));
#5227=CARTESIAN_POINT('Ctrl Pts',(-1.75327254799707,-2.56927730488107,-1.05));
#5228=CARTESIAN_POINT('Ctrl Pts',(-1.76171851744597,-2.57557298373449,-1.04999987567469));
#5229=CARTESIAN_POINT('Ctrl Pts',(-1.78181793765672,-2.58365958368307,-1.05000335356835));
#5230=CARTESIAN_POINT('Ctrl Pts',(-1.84690016184713,-2.59707142288947,-1.05002338890582));
#5231=CARTESIAN_POINT('Ctrl Pts',(-1.94889202964889,-2.6011634081771,-1.05004918578948));
#5232=CARTESIAN_POINT('Ctrl Pts',(-2.0628170760399,-2.60008754880467,-1.05003926725737));
#5233=CARTESIAN_POINT('Ctrl Pts',(-2.1409842611134,-2.59276626622894,-1.05001634698843));
#5234=CARTESIAN_POINT('Ctrl Pts',(-2.18430354461318,-2.58357455134503,-1.05000342593779));
#5235=CARTESIAN_POINT('Ctrl Pts',(-2.20441115538881,-2.57552750905688,-1.04999987187228));
#5236=CARTESIAN_POINT('Ctrl Pts',(-2.21285280196074,-2.56922585860577,-1.05));
#5237=CARTESIAN_POINT('Ctrl Pts',(-1.76131975560447,-2.55836414445773,-1.04772653127627));
#5238=CARTESIAN_POINT('Ctrl Pts',(-1.76844307692907,-2.56380286379442,-1.04775887089017));
#5239=CARTESIAN_POINT('Ctrl Pts',(-1.78737019798151,-2.56832338445856,-1.04680949054716));
#5240=CARTESIAN_POINT('Ctrl Pts',(-1.84946003538249,-2.57464515289462,-1.04386221455421));
#5241=CARTESIAN_POINT('Ctrl Pts',(-1.949328101323,-2.57604018362983,-1.04183686448326));
#5242=CARTESIAN_POINT('Ctrl Pts',(-2.06162262592907,-2.57568882047076,-1.04251187074983));
#5243=CARTESIAN_POINT('Ctrl Pts',(-2.13742827997038,-2.57264889976381,-1.04485256818743));
#5244=CARTESIAN_POINT('Ctrl Pts',(-2.17874283644851,-2.56826318856716,-1.0468094030079));
#5245=CARTESIAN_POINT('Ctrl Pts',(-2.19767260269593,-2.56375139449319,-1.04775475801987));
#5246=CARTESIAN_POINT('Ctrl Pts',(-2.20479067951552,-2.55830525330364,-1.0477214998444));
#5247=CARTESIAN_POINT('Ctrl Pts',(-1.76859957955462,-2.54849166564302,-1.04169676458471));
#5248=CARTESIAN_POINT('Ctrl Pts',(-1.77453679182014,-2.55314059243686,-1.04181155504307));
#5249=CARTESIAN_POINT('Ctrl Pts',(-1.79214333845318,-2.55490944022952,-1.03843497586173));
#5250=CARTESIAN_POINT('Ctrl Pts',(-1.85124076644364,-2.55748032892745,-1.02843458191027));
#5251=CARTESIAN_POINT('Ctrl Pts',(-1.94961827592181,-2.55913645435066,-1.02221022108145));
#5252=CARTESIAN_POINT('Ctrl Pts',(-2.06083367944447,-2.55845795102783,-1.02421195089082));
#5253=CARTESIAN_POINT('Ctrl Pts',(-2.13467112495362,-2.55665218607954,-1.03177957747515));
#5254=CARTESIAN_POINT('Ctrl Pts',(-2.17395350669707,-2.55488025417857,-1.03844010288086));
#5255=CARTESIAN_POINT('Ctrl Pts',(-2.19156730107169,-2.55308571448181,-1.04179690717326));
#5256=CARTESIAN_POINT('Ctrl Pts',(-2.19749902841826,-2.54842829544607,-1.04167887043497));
#5257=CARTESIAN_POINT('Ctrl Pts',(-1.7714825904423,-2.54458189198556,-1.03850563686897));
#5258=CARTESIAN_POINT('Ctrl Pts',(-1.77695368914997,-2.54891332967761,-1.03866273206702));
#5259=CARTESIAN_POINT('Ctrl Pts',(-1.79395142570076,-2.54975157883078,-1.03403818717248));
#5260=CARTESIAN_POINT('Ctrl Pts',(-1.85177875721215,-2.55167882470525,-1.0206145466472));
#5261=CARTESIAN_POINT('Ctrl Pts',(-1.94970358429979,-2.55420338292549,-1.01262554422074));
#5262=CARTESIAN_POINT('Ctrl Pts',(-2.06060813450865,-2.5531258807046,-1.01515032880712));
#5263=CARTESIAN_POINT('Ctrl Pts',(-2.13372472366486,-2.55102382829921,-1.02509559251848));
#5264=CARTESIAN_POINT('Ctrl Pts',(-2.17213614855815,-2.54973673903642,-1.03404824657637));
#5265=CARTESIAN_POINT('Ctrl Pts',(-2.18914616606132,-2.54885776336344,-1.03864267968387));
#5266=CARTESIAN_POINT('Ctrl Pts',(-2.19461188070887,-2.54451748898074,-1.03848114999255));
#5267=CARTESIAN_POINT('',(-2.18299999955209,-2.59280024856528,-1.05));
#5268=CARTESIAN_POINT('Ctrl Pts',(-2.19442179879521,-2.54501429935186,-1.03866988655195));
#5269=CARTESIAN_POINT('Ctrl Pts',(-2.19120573793979,-2.55339794410835,-1.04185263517723));
#5270=CARTESIAN_POINT('Ctrl Pts',(-2.18786111830773,-2.56205397873848,-1.04517656122667));
#5271=CARTESIAN_POINT('Ctrl Pts',(-2.18399516170553,-2.57855889568903,-1.04901890772768));
#5272=CARTESIAN_POINT('Ctrl Pts',(-2.18300686907577,-2.58561552138523,-1.05));
#5273=CARTESIAN_POINT('Ctrl Pts',(-2.1830000354378,-2.59280023599923,-1.05));
#5274=CARTESIAN_POINT('Ctrl Pts',(-2.18299557465039,-2.59278748646887,-1.05));
#5275=CARTESIAN_POINT('Ctrl Pts',(-2.17353508259326,-2.59606765028291,-1.05));
#5276=CARTESIAN_POINT('Ctrl Pts',(-2.14157324638059,-2.60445694839266,-1.05));
#5277=CARTESIAN_POINT('Ctrl Pts',(-2.0635025798891,-2.61407630505195,-1.05));
#5278=CARTESIAN_POINT('Ctrl Pts',(-1.94864141686171,-2.61558174224437,-1.05));
#5279=CARTESIAN_POINT('Ctrl Pts',(-1.84684296094008,-2.60998814764458,-1.05));
#5280=CARTESIAN_POINT('Ctrl Pts',(-1.79251305381607,-2.5960502490996,-1.05));
#5281=CARTESIAN_POINT('Ctrl Pts',(-1.78300106982779,-2.59277542362153,-1.05));
#5282=CARTESIAN_POINT('Ctrl Pts',(-2.183,-2.57602989849669,-1.01616151136267));
#5283=CARTESIAN_POINT('Ctrl Pts',(-2.183,-2.58272698637388,-1.02539005636545));
#5284=CARTESIAN_POINT('Ctrl Pts',(-2.183,-2.59261795170887,-1.0462103614047));
#5285=CARTESIAN_POINT('Ctrl Pts',(-2.183,-2.60430607057392,-1.09013828592063));
#5286=CARTESIAN_POINT('Ctrl Pts',(-2.183,-2.61144108350244,-1.14774466995885));
#5287=CARTESIAN_POINT('Ctrl Pts',(-2.183,-2.61557119648953,-1.23853484012315));
#5288=CARTESIAN_POINT('Ctrl Pts',(-2.183,-2.61391919402032,-1.33045218590917));
#5289=CARTESIAN_POINT('Ctrl Pts',(-2.183,-2.60443919371483,-1.40970022126817));
#5290=CARTESIAN_POINT('Ctrl Pts',(-2.183,-2.59255775974682,-1.45405854193194));
#5291=CARTESIAN_POINT('Ctrl Pts',(-2.183,-2.58265984292999,-1.47483532585128));
#5292=CARTESIAN_POINT('Ctrl Pts',(-2.183,-2.57595435415596,-1.48405776501504));
#5293=CARTESIAN_POINT('Ctrl Pts',(-2.183,-2.56977818108457,-1.02069833714395));
#5294=CARTESIAN_POINT('Ctrl Pts',(-2.18300002693585,-2.57595628192447,-1.02919141382859));
#5295=CARTESIAN_POINT('Ctrl Pts',(-2.18299644128269,-2.58381260636761,-1.0493655582194));
#5296=CARTESIAN_POINT('Ctrl Pts',(-2.18298363581103,-2.59279971301504,-1.0921646381706));
#5297=CARTESIAN_POINT('Ctrl Pts',(-2.18296709250401,-2.59810920025108,-1.14879600844087));
#5298=CARTESIAN_POINT('Ctrl Pts',(-2.182953486668,-2.60120753767816,-1.23859686257236));
#5299=CARTESIAN_POINT('Ctrl Pts',(-2.18296057499721,-2.59995321104167,-1.32976863282894));
#5300=CARTESIAN_POINT('Ctrl Pts',(-2.18298359828646,-2.59289927907962,-1.40767896259759));
#5301=CARTESIAN_POINT('Ctrl Pts',(-2.18299639366214,-2.58375872188603,-1.45089769099771));
#5302=CARTESIAN_POINT('Ctrl Pts',(-2.1830000338936,-2.57588379393242,-1.47102121686924));
#5303=CARTESIAN_POINT('Ctrl Pts',(-2.183,-2.56969544906551,-1.47950701471173));
#5304=CARTESIAN_POINT('Ctrl Pts',(-2.18525863487157,-2.55883962776978,-1.0286363655955));
#5305=CARTESIAN_POINT('Ctrl Pts',(-2.18525158410714,-2.56410979127762,-1.03584283357341));
#5306=CARTESIAN_POINT('Ctrl Pts',(-2.18622474339815,-2.56841006946821,-1.05488440562275));
#5307=CARTESIAN_POINT('Ctrl Pts',(-2.18814935118453,-2.57269330727447,-1.09570496588939));
#5308=CARTESIAN_POINT('Ctrl Pts',(-2.18987676220437,-2.5748454812327,-1.15063036251444));
#5309=CARTESIAN_POINT('Ctrl Pts',(-2.19100812828811,-2.57617318071964,-1.23870474448061));
#5310=CARTESIAN_POINT('Ctrl Pts',(-2.19050749323445,-2.575595319524,-1.32857799896337));
#5311=CARTESIAN_POINT('Ctrl Pts',(-2.18816723280947,-2.57273400790145,-1.40414767648492));
#5312=CARTESIAN_POINT('Ctrl Pts',(-2.18622277516183,-2.56836736116854,-1.44536895820293));
#5313=CARTESIAN_POINT('Ctrl Pts',(-2.18525806443719,-2.56402796190599,-1.46434748829044));
#5314=CARTESIAN_POINT('Ctrl Pts',(-2.18526690544467,-2.55874433378892,-1.47154463304173));
#5315=CARTESIAN_POINT('Ctrl Pts',(-2.19125036054201,-2.54893748564686,-1.03582227799552));
#5316=CARTESIAN_POINT('Ctrl Pts',(-2.19122532475037,-2.55338244139704,-1.04186612153795));
#5317=CARTESIAN_POINT('Ctrl Pts',(-2.19467797606971,-2.55497311545026,-1.05962923124005));
#5318=CARTESIAN_POINT('Ctrl Pts',(-2.20122215794482,-2.55671583527636,-1.09845071502789));
#5319=CARTESIAN_POINT('Ctrl Pts',(-2.20681737126923,-2.55795385362942,-1.15193798334175));
#5320=CARTESIAN_POINT('Ctrl Pts',(-2.21034031985946,-2.55910226109059,-1.23875599140871));
#5321=CARTESIAN_POINT('Ctrl Pts',(-2.20883456999784,-2.558451134981,-1.32780452918299));
#5322=CARTESIAN_POINT('Ctrl Pts',(-2.20128793528174,-2.55671292766578,-1.40141312851552));
#5323=CARTESIAN_POINT('Ctrl Pts',(-2.19466950687035,-2.55494012363247,-1.44061543091124));
#5324=CARTESIAN_POINT('Ctrl Pts',(-2.19124839649042,-2.55329537794104,-1.45830568472945));
#5325=CARTESIAN_POINT('Ctrl Pts',(-2.19127978286114,-2.54883453918847,-1.46433937906648));
#5326=CARTESIAN_POINT('Ctrl Pts',(-2.19442200038013,-2.5450137738591,-1.03866968705507));
#5327=CARTESIAN_POINT('Ctrl Pts',(-2.19438773280996,-2.54913076536554,-1.04425369340461));
#5328=CARTESIAN_POINT('Ctrl Pts',(-2.19911150474787,-2.54981748335345,-1.06142671976201));
#5329=CARTESIAN_POINT('Ctrl Pts',(-2.207904091027,-2.551097330107,-1.09939349673593));
#5330=CARTESIAN_POINT('Ctrl Pts',(-2.21526268361257,-2.55255307451413,-1.15234808333963));
#5331=CARTESIAN_POINT('Ctrl Pts',(-2.21981466199568,-2.55403442111694,-1.23876293397266));
#5332=CARTESIAN_POINT('Ctrl Pts',(-2.21790074809709,-2.55316673217428,-1.32758974836378));
#5333=CARTESIAN_POINT('Ctrl Pts',(-2.20799516556558,-2.55108103880476,-1.40047577789478));
#5334=CARTESIAN_POINT('Ctrl Pts',(-2.19909917360273,-2.54978794563102,-1.43881456871836));
#5335=CARTESIAN_POINT('Ctrl Pts',(-2.19441931178517,-2.54904268472006,-1.45591132489986));
#5336=CARTESIAN_POINT('Ctrl Pts',(-2.19446226809766,-2.54490901660076,-1.46148519405352));
#5337=CARTESIAN_POINT('',(-2.183,-2.59287476540129,-1.05000002052459));
#5338=CARTESIAN_POINT('Ctrl Pts',(-2.183,-2.59289429769064,-1.44999436186863));
#5339=CARTESIAN_POINT('Ctrl Pts',(-2.183,-2.5962033055732,-1.44042066091719));
#5340=CARTESIAN_POINT('Ctrl Pts',(-2.183,-2.60459473380741,-1.40839998431041));
#5341=CARTESIAN_POINT('Ctrl Pts',(-2.183,-2.61391919402032,-1.33045218590917));
#5342=CARTESIAN_POINT('Ctrl Pts',(-2.183,-2.61557119648953,-1.23853484012315));
#5343=CARTESIAN_POINT('Ctrl Pts',(-2.183,-2.61144108350244,-1.14774466995885));
#5344=CARTESIAN_POINT('Ctrl Pts',(-2.183,-2.60446169924544,-1.0913947945084));
#5345=CARTESIAN_POINT('Ctrl Pts',(-2.183,-2.5961714062946,-1.05958986684631));
#5346=CARTESIAN_POINT('Ctrl Pts',(-2.183,-2.59285783504996,-1.05000587401326));
#5347=CARTESIAN_POINT('',(-2.183,-2.162,-1.05));
#5348=CARTESIAN_POINT('Origin',(-2.183,-2.162,-1.05));
#5349=CARTESIAN_POINT('',(-2.183,-6.872,-1.05));
#5350=CARTESIAN_POINT('',(-2.183,-2.162,-1.05));
#5351=CARTESIAN_POINT('',(-1.783,-6.872,-1.05));
#5352=CARTESIAN_POINT('',(-1.783,-6.872,-1.05));
#5353=CARTESIAN_POINT('',(-1.783,-2.162,-1.05));
#5354=CARTESIAN_POINT('Origin',(-2.183,-2.162,-1.45));
#5355=CARTESIAN_POINT('',(-2.183,-6.872,-1.45));
#5356=CARTESIAN_POINT('',(-2.183,-2.162,-1.45));
#5357=CARTESIAN_POINT('',(-2.183,-6.872,-1.05));
#5358=CARTESIAN_POINT('Ctrl Pts',(-1.78300006322715,-2.57403415219633,1.01482724324382));
#5359=CARTESIAN_POINT('Ctrl Pts',(-1.78300006322715,-2.58102033798287,1.0239259584143));
#5360=CARTESIAN_POINT('Ctrl Pts',(-1.78300006322715,-2.59154084303959,1.04465138912544));
#5361=CARTESIAN_POINT('Ctrl Pts',(-1.78300006322715,-2.60943161087291,1.11116355918512));
#5362=CARTESIAN_POINT('Ctrl Pts',(-1.78300006322715,-2.61531009982886,1.21523561815128));
#5363=CARTESIAN_POINT('Ctrl Pts',(-1.78300006322715,-2.61378051592126,1.33069116377817));
#5364=CARTESIAN_POINT('Ctrl Pts',(-1.78300006322715,-2.60371806682316,1.41066559517341));
#5365=CARTESIAN_POINT('Ctrl Pts',(-1.78300006322715,-2.59155595973714,1.45491323228723));
#5366=CARTESIAN_POINT('Ctrl Pts',(-1.78300006322715,-2.58114571541711,1.47569370683003));
#5367=CARTESIAN_POINT('Ctrl Pts',(-1.78300006322715,-2.57417396041431,1.48480348599501));
#5368=CARTESIAN_POINT('Ctrl Pts',(-1.78300006322715,-2.56786692142482,1.01956257335922));
#5369=CARTESIAN_POINT('Ctrl Pts',(-1.78299964936039,-2.5744568700688,1.02785015354262));
#5370=CARTESIAN_POINT('Ctrl Pts',(-1.78300276010809,-2.58295104077938,1.04786147362039));
#5371=CARTESIAN_POINT('Ctrl Pts',(-1.7830223104286,-2.59667439921564,1.11267562374482));
#5372=CARTESIAN_POINT('Ctrl Pts',(-1.78304850688181,-2.60093601405611,1.2154826426633));
#5373=CARTESIAN_POINT('Ctrl Pts',(-1.78303844121271,-2.59984448175536,1.33000344588529));
#5374=CARTESIAN_POINT('Ctrl Pts',(-1.7830155237994,-2.59231478048591,1.40859469238135));
#5375=CARTESIAN_POINT('Ctrl Pts',(-1.78300292004833,-2.58296908361923,1.45171237803121));
#5376=CARTESIAN_POINT('Ctrl Pts',(-1.78299965775974,-2.57459338104223,1.47179367639353));
#5377=CARTESIAN_POINT('Ctrl Pts',(-1.78300006322715,-2.56801840631135,1.48009261273067));
#5378=CARTESIAN_POINT('Ctrl Pts',(-1.78071122152031,-2.55707623666657,1.0278478891508));
#5379=CARTESIAN_POINT('Ctrl Pts',(-1.78081818403776,-2.56297266279366,1.03471675689942));
#5380=CARTESIAN_POINT('Ctrl Pts',(-1.77992442632377,-2.56792435172697,1.05347681520834));
#5381=CARTESIAN_POINT('Ctrl Pts',(-1.7769591921896,-2.57438929415669,1.11531479055732));
#5382=CARTESIAN_POINT('Ctrl Pts',(-1.77488962831143,-2.57588830196756,1.21591240262026));
#5383=CARTESIAN_POINT('Ctrl Pts',(-1.77558054574071,-2.57553581350441,1.32880512717585));
#5384=CARTESIAN_POINT('Ctrl Pts',(-1.77795223985234,-2.57238671704826,1.40497605088674));
#5385=CARTESIAN_POINT('Ctrl Pts',(-1.77991981037053,-2.56794786280502,1.44611319810731));
#5386=CARTESIAN_POINT('Ctrl Pts',(-1.78083097204162,-2.56312863453182,1.46496934809267));
#5387=CARTESIAN_POINT('Ctrl Pts',(-1.78072554798604,-2.55724812765159,1.47185006998974));
#5388=CARTESIAN_POINT('Ctrl Pts',(-1.77464216048214,-2.54732136425232,1.03533788633535));
#5389=CARTESIAN_POINT('Ctrl Pts',(-1.77502168789806,-2.55254360571558,1.04096016959768));
#5390=CARTESIAN_POINT('Ctrl Pts',(-1.77183431712228,-2.55470576322618,1.05833006740056));
#5391=CARTESIAN_POINT('Ctrl Pts',(-1.76174056065467,-2.55722650222497,1.11716691655124));
#5392=CARTESIAN_POINT('Ctrl Pts',(-1.75536979990373,-2.55898249422494,1.21619456639384));
#5393=CARTESIAN_POINT('Ctrl Pts',(-1.75742253764377,-2.55829365335357,1.32801481365721));
#5394=CARTESIAN_POINT('Ctrl Pts',(-1.76510616050473,-2.5564530878294,1.40215334572939));
#5395=CARTESIAN_POINT('Ctrl Pts',(-1.77182359533151,-2.55474603178027,1.44126574175074));
#5396=CARTESIAN_POINT('Ctrl Pts',(-1.77506730205664,-2.55271118044636,1.45876082990351));
#5397=CARTESIAN_POINT('Ctrl Pts',(-1.77469310546754,-2.54750536820513,1.46439389232814));
#5398=CARTESIAN_POINT('Ctrl Pts',(-1.77143089561362,-2.54346040252912,1.03830241433822));
#5399=CARTESIAN_POINT('Ctrl Pts',(-1.77195021338457,-2.54840024605228,1.04344339368005));
#5400=CARTESIAN_POINT('Ctrl Pts',(-1.76757983544661,-2.5495976372814,1.06017725538151));
#5401=CARTESIAN_POINT('Ctrl Pts',(-1.75401199593092,-2.55138838075688,1.11773262238266));
#5402=CARTESIAN_POINT('Ctrl Pts',(-1.74582899327131,-2.55402919316465,1.21627607223719));
#5403=CARTESIAN_POINT('Ctrl Pts',(-1.74842035089437,-2.55293069258449,1.32778944655332));
#5404=CARTESIAN_POINT('Ctrl Pts',(-1.75852727677406,-2.55081668213438,1.40117849518841));
#5405=CARTESIAN_POINT('Ctrl Pts',(-1.76756826718264,-2.54964773036262,1.43941789725115));
#5406=CARTESIAN_POINT('Ctrl Pts',(-1.77201270340138,-2.54857043911809,1.45629032414139));
#5407=CARTESIAN_POINT('Ctrl Pts',(-1.77150060622962,-2.54364711901758,1.46144115685693));
#5408=CARTESIAN_POINT('',(-1.78300004894556,-2.59213892431071,1.45));
#5409=CARTESIAN_POINT('Ctrl Pts',(-1.77150060622962,-2.54364711901758,1.46144115685693));
#5410=CARTESIAN_POINT('Ctrl Pts',(-1.7748634391017,-2.55264991166599,1.45809819932044));
#5411=CARTESIAN_POINT('Ctrl Pts',(-1.77816638906763,-2.56133252303616,1.45480967716123));
#5412=CARTESIAN_POINT('Ctrl Pts',(-1.78179786576334,-2.57694493547805,1.45119243441152));
#5413=CARTESIAN_POINT('Ctrl Pts',(-1.78299527290328,-2.58421213045263,1.45));
#5414=CARTESIAN_POINT('Ctrl Pts',(-1.78300004894556,-2.59213892431071,1.45));
#5415=CARTESIAN_POINT('',(-1.78300006322715,-2.59218634433496,1.44999997955355));
#5416=CARTESIAN_POINT('',(-1.78300006322715,-2.162,1.45));
#5417=CARTESIAN_POINT('',(-1.78300006322715,-2.59224446821855,1.04999993217984));
#5418=CARTESIAN_POINT('Ctrl Pts',(-1.78300006322715,-2.59216469315538,1.44999232004512));
#5419=CARTESIAN_POINT('Ctrl Pts',(-1.78300006322715,-2.59544850328488,1.44070998517194));
#5420=CARTESIAN_POINT('Ctrl Pts',(-1.78300006322715,-2.60392201664846,1.40904464075639));
#5421=CARTESIAN_POINT('Ctrl Pts',(-1.78300006322715,-2.61378051592126,1.33069116377817));
#5422=CARTESIAN_POINT('Ctrl Pts',(-1.78300006322715,-2.61531009982886,1.21523561815128));
#5423=CARTESIAN_POINT('Ctrl Pts',(-1.78300006322715,-2.60953245107934,1.11294882202884));
#5424=CARTESIAN_POINT('Ctrl Pts',(-1.78300006322715,-2.59543223718751,1.05916190030989));
#5425=CARTESIAN_POINT('Ctrl Pts',(-1.78300006322715,-2.59223132734901,1.05000452549603));
#5426=CARTESIAN_POINT('Ctrl Pts',(-1.77173570152521,-2.54427861788131,1.0386100006813));
#5427=CARTESIAN_POINT('Ctrl Pts',(-1.7749647423916,-2.55295288442368,1.04188248460071));
#5428=CARTESIAN_POINT('Ctrl Pts',(-1.77821094783788,-2.56154400757745,1.04515873571805));
#5429=CARTESIAN_POINT('Ctrl Pts',(-1.78183714045274,-2.57718393146302,1.04881601493511));
#5430=CARTESIAN_POINT('Ctrl Pts',(-1.78300006322715,-2.5844311177874,1.04998966696158));
#5431=CARTESIAN_POINT('Ctrl Pts',(-1.78300006322715,-2.59224446821855,1.04999993217984));
#5432=CARTESIAN_POINT('Ctrl Pts',(-1.74772151969469,-2.57374083359576,1.45));
#5433=CARTESIAN_POINT('Ctrl Pts',(-1.75680709286577,-2.58078045315809,1.45));
#5434=CARTESIAN_POINT('Ctrl Pts',(-1.77753307650279,-2.59139604152692,1.45));
#5435=CARTESIAN_POINT('Ctrl Pts',(-1.84414859288808,-2.60939690321331,1.45));
#5436=CARTESIAN_POINT('Ctrl Pts',(-1.94843647986331,-2.61528776239292,1.45));
#5437=CARTESIAN_POINT('Ctrl Pts',(-2.06416090186006,-2.61374357580955,1.45));
#5438=CARTESIAN_POINT('Ctrl Pts',(-2.1442888012033,-2.60358573502626,1.45));
#5439=CARTESIAN_POINT('Ctrl Pts',(-2.18858348822926,-2.59129457951627,1.45));
#5440=CARTESIAN_POINT('Ctrl Pts',(-2.20933531902859,-2.58073292737476,1.45));
#5441=CARTESIAN_POINT('Ctrl Pts',(-2.21841673957581,-2.57368795138318,1.45));
#5442=CARTESIAN_POINT('Ctrl Pts',(-1.75248839790256,-2.56758853795368,1.45));
#5443=CARTESIAN_POINT('Ctrl Pts',(-1.76074973310318,-2.57425200221239,1.45000047919667));
#5444=CARTESIAN_POINT('Ctrl Pts',(-1.78075141548516,-2.58283982082816,1.44999743749262));
#5445=CARTESIAN_POINT('Ctrl Pts',(-1.84566767137595,-2.59664386007589,1.44997790468122));
#5446=CARTESIAN_POINT('Ctrl Pts',(-1.94867967180645,-2.60091277587353,1.44995160565369));
#5447=CARTESIAN_POINT('Ctrl Pts',(-2.06347064613335,-2.59981345887702,1.44996179860461));
#5448=CARTESIAN_POINT('Ctrl Pts',(-2.14219873220745,-2.5921986318992,1.44998479793558));
#5449=CARTESIAN_POINT('Ctrl Pts',(-2.18536255900332,-2.58275416447365,1.44999736005773));
#5450=CARTESIAN_POINT('Ctrl Pts',(-2.20538349989492,-2.57420013030552,1.45000048187412));
#5451=CARTESIAN_POINT('Ctrl Pts',(-2.21364072779854,-2.56753136950983,1.45));
#5452=CARTESIAN_POINT('Ctrl Pts',(-1.76082890059526,-2.55682400063356,1.45229329726595));
#5453=CARTESIAN_POINT('Ctrl Pts',(-1.76764864811052,-2.56282901928797,1.45216967936281));
#5454=CARTESIAN_POINT('Ctrl Pts',(-1.78638125367717,-2.56787172961157,1.45305393972924));
#5455=CARTESIAN_POINT('Ctrl Pts',(-1.84831912239865,-2.57436574227853,1.45603217601595));
#5456=CARTESIAN_POINT('Ctrl Pts',(-1.94910271272768,-2.57586342809189,1.45811034452368));
#5457=CARTESIAN_POINT('Ctrl Pts',(-2.06226788865544,-2.57551482563821,1.45741110660741));
#5458=CARTESIAN_POINT('Ctrl Pts',(-2.13854650451142,-2.57229848481916,1.45503150348026));
#5459=CARTESIAN_POINT('Ctrl Pts',(-2.17972817125038,-2.56781403194965,1.45305353439359));
#5460=CARTESIAN_POINT('Ctrl Pts',(-2.1984685271553,-2.56276955076885,1.45217461312413));
#5461=CARTESIAN_POINT('Ctrl Pts',(-2.20528425142069,-2.55675934184488,1.45229864471638));
#5462=CARTESIAN_POINT('Ctrl Pts',(-1.76836728455763,-2.54709470511192,1.4583736336326));
#5463=CARTESIAN_POINT('Ctrl Pts',(-1.77392593353247,-2.55245017375589,1.45793505544386));
#5464=CARTESIAN_POINT('Ctrl Pts',(-1.79125176235751,-2.55468966892133,1.46109041081756));
#5465=CARTESIAN_POINT('Ctrl Pts',(-1.85018137745108,-2.55719467760294,1.47123381490115));
#5466=CARTESIAN_POINT('Ctrl Pts',(-1.9493796172041,-2.55895382161174,1.47763115589517));
#5467=CARTESIAN_POINT('Ctrl Pts',(-2.06147531570756,-2.55826953030997,1.47555232113675));
#5468=CARTESIAN_POINT('Ctrl Pts',(-2.135694709791,-2.55636830770405,1.46784209285897));
#5469=CARTESIAN_POINT('Ctrl Pts',(-2.17484462576558,-2.55466647233284,1.46108317257808));
#5470=CARTESIAN_POINT('Ctrl Pts',(-2.1921780298053,-2.55238613349626,1.45795265271883));
#5471=CARTESIAN_POINT('Ctrl Pts',(-2.19773326384521,-2.54702564029618,1.45839264244074));
#5472=CARTESIAN_POINT('Ctrl Pts',(-1.77135046379764,-2.54324451221052,1.46159069095985));
#5473=CARTESIAN_POINT('Ctrl Pts',(-1.77642410773373,-2.54832498729601,1.46099059908051));
#5474=CARTESIAN_POINT('Ctrl Pts',(-1.79310710123767,-2.54959065258684,1.46531814238409));
#5475=CARTESIAN_POINT('Ctrl Pts',(-1.85075070997662,-2.55134905217381,1.47895584507608));
#5476=CARTESIAN_POINT('Ctrl Pts',(-1.94945931908649,-2.55399842769584,1.48717298400337));
#5477=CARTESIAN_POINT('Ctrl Pts',(-2.06124956612586,-2.55290191066549,1.48454776370378));
#5478=CARTESIAN_POINT('Ctrl Pts',(-2.13470882633066,-2.55072664891215,1.47440530315898));
#5479=CARTESIAN_POINT('Ctrl Pts',(-2.17298111240464,-2.54958338748307,1.46530497977449));
#5480=CARTESIAN_POINT('Ctrl Pts',(-2.18967505568306,-2.54825989441438,1.46101470706953));
#5481=CARTESIAN_POINT('Ctrl Pts',(-2.19474569950762,-2.54317448052019,1.46161669795239));
#5482=CARTESIAN_POINT('',(-2.18300006322714,-2.59216065157933,1.45));
#5483=CARTESIAN_POINT('Ctrl Pts',(-2.19442458166248,-2.54403197302454,1.46129843741327));
#5484=CARTESIAN_POINT('Ctrl Pts',(-2.19279563739011,-2.54836637437428,1.45969074956569));
#5485=CARTESIAN_POINT('Ctrl Pts',(-2.19129931909551,-2.55231820795775,1.45821327522833));
#5486=CARTESIAN_POINT('Ctrl Pts',(-2.18798682995819,-2.56193065064367,1.45493448110597));
#5487=CARTESIAN_POINT('Ctrl Pts',(-2.18632616252028,-2.56747718192825,1.45328644685483));
#5488=CARTESIAN_POINT('Ctrl Pts',(-2.18379172647473,-2.57947067524422,1.45077429884617));
#5489=CARTESIAN_POINT('Ctrl Pts',(-2.18300854234254,-2.58577052086985,1.45));
#5490=CARTESIAN_POINT('Ctrl Pts',(-2.18300013134865,-2.59216062759334,1.45));
#5491=CARTESIAN_POINT('Ctrl Pts',(-2.18299182893001,-2.59213738542226,1.45));
#5492=CARTESIAN_POINT('Ctrl Pts',(-2.17391593891528,-2.59534950384224,1.45));
#5493=CARTESIAN_POINT('Ctrl Pts',(-2.14243299732301,-2.60382099590912,1.45));
#5494=CARTESIAN_POINT('Ctrl Pts',(-2.06416090186006,-2.61374357580955,1.45));
#5495=CARTESIAN_POINT('Ctrl Pts',(-1.94843647986331,-2.61528776239292,1.45));
#5496=CARTESIAN_POINT('Ctrl Pts',(-1.84597537516847,-2.60950009177603,1.45));
#5497=CARTESIAN_POINT('Ctrl Pts',(-1.79213873028774,-2.59533047421447,1.45));
#5498=CARTESIAN_POINT('Ctrl Pts',(-1.78300546674184,-2.59212349478441,1.45));
#5499=CARTESIAN_POINT('Ctrl Pts',(-2.18300006322715,-2.57461285182441,1.48440087914199));
#5500=CARTESIAN_POINT('Ctrl Pts',(-2.18300006322715,-2.5815115266458,1.47526843187234));
#5501=CARTESIAN_POINT('Ctrl Pts',(-2.18300006322715,-2.5918506535769,1.45450948478175));
#5502=CARTESIAN_POINT('Ctrl Pts',(-2.18300006322715,-2.60951376906527,1.38810996752356));
#5503=CARTESIAN_POINT('Ctrl Pts',(-2.18300006322715,-2.61534826519736,1.28428553370544));
#5504=CARTESIAN_POINT('Ctrl Pts',(-2.18300006322715,-2.61380072564993,1.16907541554141));
#5505=CARTESIAN_POINT('Ctrl Pts',(-2.18300006322715,-2.6037835034757,1.08927190340976));
#5506=CARTESIAN_POINT('Ctrl Pts',(-2.18300006322715,-2.59170070869313,1.04512635650023));
#5507=CARTESIAN_POINT('Ctrl Pts',(-2.18300006322715,-2.5813897815979,1.02435509800072));
#5508=CARTESIAN_POINT('Ctrl Pts',(-2.18300006322715,-2.57447680842214,1.0152334779175));
#5509=CARTESIAN_POINT('Ctrl Pts',(-2.18300006322715,-2.56844848737781,1.47974430193525));
#5510=CARTESIAN_POINT('Ctrl Pts',(-2.18300038631418,-2.57492606324337,1.47140655748538));
#5511=CARTESIAN_POINT('Ctrl Pts',(-2.18299710020566,-2.58320840164398,1.45132491445644));
#5512=CARTESIAN_POINT('Ctrl Pts',(-2.18297748574569,-2.59675171541386,1.38661654275554));
#5513=CARTESIAN_POINT('Ctrl Pts',(-2.1829514638887,-2.60096961983332,1.28403966501265));
#5514=CARTESIAN_POINT('Ctrl Pts',(-2.18296155598901,-2.59986398419052,1.16976540232269));
#5515=CARTESIAN_POINT('Ctrl Pts',(-2.18298444829216,-2.59236670816718,1.09133623823906));
#5516=CARTESIAN_POINT('Ctrl Pts',(-2.18299706199742,-2.58307804306297,1.04832010250236));
#5517=CARTESIAN_POINT('Ctrl Pts',(-2.18300039584394,-2.57479370589396,1.02824044429827));
#5518=CARTESIAN_POINT('Ctrl Pts',(-2.18300006322715,-2.56830054506808,1.01991426296485));
#5519=CARTESIAN_POINT('Ctrl Pts',(-2.18525932238215,-2.55766277551283,1.47159674666594));
#5520=CARTESIAN_POINT('Ctrl Pts',(-2.1851747730935,-2.56340340706598,1.46464904409736));
#5521=CARTESIAN_POINT('Ctrl Pts',(-2.18610605739797,-2.56809021331914,1.44575432462341));
#5522=CARTESIAN_POINT('Ctrl Pts',(-2.18905485095162,-2.57445872344046,1.38401003682468));
#5523=CARTESIAN_POINT('Ctrl Pts',(-2.19111485321306,-2.57591417098971,1.2836119244016));
#5524=CARTESIAN_POINT('Ctrl Pts',(-2.19042372787493,-2.57555432025362,1.17096769572925));
#5525=CARTESIAN_POINT('Ctrl Pts',(-2.1880611632304,-2.57241530325063,1.0949433496218));
#5526=CARTESIAN_POINT('Ctrl Pts',(-2.18610420040692,-2.56799440069921,1.0539067792171));
#5527=CARTESIAN_POINT('Ctrl Pts',(-2.18518704933244,-2.56325249984218,1.03503902133478));
#5528=CARTESIAN_POINT('Ctrl Pts',(-2.18527356965019,-2.55749403806113,1.02810415603002));
#5529=CARTESIAN_POINT('Ctrl Pts',(-2.19125264509519,-2.54789926993366,1.4642213687285));
#5530=CARTESIAN_POINT('Ctrl Pts',(-2.19095243270946,-2.55293543081538,1.45850405121657));
#5531=CARTESIAN_POINT('Ctrl Pts',(-2.19427129273039,-2.55481115431036,1.4409459486554));
#5532=CARTESIAN_POINT('Ctrl Pts',(-2.20429975484876,-2.55731397292115,1.38218344023377));
#5533=CARTESIAN_POINT('Ctrl Pts',(-2.21064297635929,-2.55900718817241,1.28333044674981));
#5534=CARTESIAN_POINT('Ctrl Pts',(-2.20858875924895,-2.55831939984827,1.17176113531632));
#5535=CARTESIAN_POINT('Ctrl Pts',(-2.20093654175249,-2.5564763161275,1.09775473416034));
#5536=CARTESIAN_POINT('Ctrl Pts',(-2.19425910390658,-2.55475444025402,1.0587382172104));
#5537=CARTESIAN_POINT('Ctrl Pts',(-2.19099621861599,-2.55277355177892,1.04121800306407));
#5538=CARTESIAN_POINT('Ctrl Pts',(-2.19130332510149,-2.5477180301201,1.03551306804848));
#5539=CARTESIAN_POINT('Ctrl Pts',(-2.19442510385588,-2.54403058353713,1.46129895279249));
#5540=CARTESIAN_POINT('Ctrl Pts',(-2.19401419276486,-2.54877532459571,1.45605974279267));
#5541=CARTESIAN_POINT('Ctrl Pts',(-2.19856352184375,-2.54968642325785,1.43911796321389));
#5542=CARTESIAN_POINT('Ctrl Pts',(-2.21203815319831,-2.55149039860571,1.38162647363736));
#5543=CARTESIAN_POINT('Ctrl Pts',(-2.22018709089704,-2.55405502093376,1.28324892373204));
#5544=CARTESIAN_POINT('Ctrl Pts',(-2.21759321735119,-2.55296161423213,1.17198757375433));
#5545=CARTESIAN_POINT('Ctrl Pts',(-2.20752864162283,-2.55084256015763,1.0987248670181));
#5546=CARTESIAN_POINT('Ctrl Pts',(-2.19854366848313,-2.54964700433204,1.06057821082748));
#5547=CARTESIAN_POINT('Ctrl Pts',(-2.19407417545159,-2.54861101306107,1.0436747343276));
#5548=CARTESIAN_POINT('Ctrl Pts',(-2.19449446256643,-2.54384646586259,1.03844719812804));
#5549=CARTESIAN_POINT('',(-2.18300006322715,-2.59232208575489,1.05000000000012));
#5550=CARTESIAN_POINT('Ctrl Pts',(-2.19435781193095,-2.54421138675187,1.03858442689997));
#5551=CARTESIAN_POINT('Ctrl Pts',(-2.19095877229576,-2.55329134707325,1.04200449505025));
#5552=CARTESIAN_POINT('Ctrl Pts',(-2.18750511684647,-2.56237000932131,1.0454721769002));
#5553=CARTESIAN_POINT('Ctrl Pts',(-2.18386217764901,-2.57894870646494,1.04912955780156));
#5554=CARTESIAN_POINT('Ctrl Pts',(-2.18300006322715,-2.58558263569924,1.04999594169396));
#5555=CARTESIAN_POINT('Ctrl Pts',(-2.18300006322715,-2.59232208080416,1.04999998585611));
#5556=CARTESIAN_POINT('',(-2.18300006322715,-2.59226414692489,1.4499999796573));
#5557=CARTESIAN_POINT('Ctrl Pts',(-2.18300006322715,-2.5923023977053,1.05000692332538));
#5558=CARTESIAN_POINT('Ctrl Pts',(-2.18300006322715,-2.5955637276221,1.05928123664664));
#5559=CARTESIAN_POINT('Ctrl Pts',(-2.18300006322715,-2.6039855261865,1.09088134378875));
#5560=CARTESIAN_POINT('Ctrl Pts',(-2.18300006322715,-2.61380072564993,1.16907541554141));
#5561=CARTESIAN_POINT('Ctrl Pts',(-2.18300006322715,-2.61534826519736,1.28428553370544));
#5562=CARTESIAN_POINT('Ctrl Pts',(-2.18300006322715,-2.60959745408766,1.38662079864371));
#5563=CARTESIAN_POINT('Ctrl Pts',(-2.18300006322715,-2.59554688942667,1.44058420031251));
#5564=CARTESIAN_POINT('Ctrl Pts',(-2.18300006322715,-2.59225459188573,1.44999663747685));
#5565=CARTESIAN_POINT('',(-2.18300006322715,-2.162,1.45));
#5566=CARTESIAN_POINT('Ctrl Pts',(-2.21732654006184,-2.57487573825243,1.05));
#5567=CARTESIAN_POINT('Ctrl Pts',(-2.20817791605459,-2.58172830321864,1.05));
#5568=CARTESIAN_POINT('Ctrl Pts',(-2.18742731196095,-2.59187921609665,1.05));
#5569=CARTESIAN_POINT('Ctrl Pts',(-2.1433672892525,-2.60390795324102,1.05));
#5570=CARTESIAN_POINT('Ctrl Pts',(-2.06293435110489,-2.61374777627635,1.05));
#5571=CARTESIAN_POINT('Ctrl Pts',(-1.97161922135371,-2.61527836464515,1.05));
#5572=CARTESIAN_POINT('Ctrl Pts',(-1.88030047375896,-2.61111439606732,1.05));
#5573=CARTESIAN_POINT('Ctrl Pts',(-1.82276512823172,-2.60384042774556,1.05));
#5574=CARTESIAN_POINT('Ctrl Pts',(-1.77873249853557,-2.59194383929832,1.05));
#5575=CARTESIAN_POINT('Ctrl Pts',(-1.75796071765607,-2.58177225358353,1.05));
#5576=CARTESIAN_POINT('Ctrl Pts',(-1.74880816872336,-2.57492492369063,1.05));
#5577=CARTESIAN_POINT('Ctrl Pts',(-2.21269705522725,-2.56869507213577,1.05));
#5578=CARTESIAN_POINT('Ctrl Pts',(-2.20433062082516,-2.57510723547365,1.04999973726625));
#5579=CARTESIAN_POINT('Ctrl Pts',(-2.18424876839333,-2.58322392725079,1.05000311376961));
#5580=CARTESIAN_POINT('Ctrl Pts',(-2.14131822458235,-2.59247159988003,1.05001556967108));
#5581=CARTESIAN_POINT('Ctrl Pts',(-2.06225736416945,-2.59981405949217,1.05003872610696));
#5582=CARTESIAN_POINT('Ctrl Pts',(-1.9716816977426,-2.60096659718301,1.05004565892395));
#5583=CARTESIAN_POINT('Ctrl Pts',(-1.88136596193516,-2.59784576902079,1.05003207701318));
#5584=CARTESIAN_POINT('Ctrl Pts',(-1.82481519456675,-2.59242159292201,1.05001563461838));
#5585=CARTESIAN_POINT('Ctrl Pts',(-1.78190731764204,-2.58327858682687,1.05000306012912));
#5586=CARTESIAN_POINT('Ctrl Pts',(-1.76179951719474,-2.57515501005095,1.04999974108641));
#5587=CARTESIAN_POINT('Ctrl Pts',(-1.75342875927893,-2.56874876717133,1.05));
#5588=CARTESIAN_POINT('Ctrl Pts',(-2.20459689473426,-2.55788082621265,1.04774269394421));
#5589=CARTESIAN_POINT('Ctrl Pts',(-2.19759865229871,-2.5635223276381,1.04781150541173));
#5590=CARTESIAN_POINT('Ctrl Pts',(-2.17868882130861,-2.56808337712405,1.04687363112283));
#5591=CARTESIAN_POINT('Ctrl Pts',(-2.13773816041355,-2.57248593808484,1.04492388398004));
#5592=CARTESIAN_POINT('Ctrl Pts',(-2.0610779968632,-2.57551076445179,1.04254432667014));
#5593=CARTESIAN_POINT('Ctrl Pts',(-1.97179034640527,-2.57602088675862,1.04205519325109));
#5594=CARTESIAN_POINT('Ctrl Pts',(-1.88322510881692,-2.57469076465479,1.04319477182962));
#5595=CARTESIAN_POINT('Ctrl Pts',(-1.8283971980246,-2.57246685536035,1.04493158033372));
#5596=CARTESIAN_POINT('Ctrl Pts',(-1.78746072547685,-2.56812044854513,1.04686961875412));
#5597=CARTESIAN_POINT('Ctrl Pts',(-1.76851662248417,-2.56357678691938,1.04781592915727));
#5598=CARTESIAN_POINT('Ctrl Pts',(-1.7615133641929,-2.55794240275862,1.04774796604248));
#5599=CARTESIAN_POINT('Ctrl Pts',(-2.1972637913883,-2.54809065192765,1.0417542605469));
#5600=CARTESIAN_POINT('Ctrl Pts',(-2.19148162931654,-2.5530039470647,1.04199860327345));
#5601=CARTESIAN_POINT('Ctrl Pts',(-2.17388659805376,-2.55481149088653,1.03866502168136));
#5602=CARTESIAN_POINT('Ctrl Pts',(-2.13495052938896,-2.55653167418635,1.03201239269997));
#5603=CARTESIAN_POINT('Ctrl Pts',(-2.06031542679488,-2.55834270555873,1.02432092680902));
#5604=CARTESIAN_POINT('Ctrl Pts',(-1.97184184391204,-2.55894588074818,1.02285314412916));
#5605=CARTESIAN_POINT('Ctrl Pts',(-1.8845568020702,-2.55780885713495,1.02640739033213));
#5606=CARTESIAN_POINT('Ctrl Pts',(-1.83118856561689,-2.55653852550437,1.03204262071089));
#5607=CARTESIAN_POINT('Ctrl Pts',(-1.79225650511806,-2.55483382095948,1.03864899802319));
#5608=CARTESIAN_POINT('Ctrl Pts',(-1.77462132386933,-2.55306234465914,1.04201438055629));
#5609=CARTESIAN_POINT('Ctrl Pts',(-1.76883413564367,-2.5481570236435,1.0417730198557));
#5610=CARTESIAN_POINT('Ctrl Pts',(-2.19435791380245,-2.54421111461934,1.03858432439824));
#5611=CARTESIAN_POINT('Ctrl Pts',(-2.18905000618657,-2.54882583576149,1.03891877121397));
#5612=CARTESIAN_POINT('Ctrl Pts',(-2.17205990860724,-2.54969756774742,1.03435425061029));
#5613=CARTESIAN_POINT('Ctrl Pts',(-2.1339896156286,-2.55089683798322,1.02540293724627));
#5614=CARTESIAN_POINT('Ctrl Pts',(-2.06010517440055,-2.55302841258904,1.01529649224369));
#5615=CARTESIAN_POINT('Ctrl Pts',(-1.97184872522043,-2.55385266780931,1.01343306848505));
#5616=CARTESIAN_POINT('Ctrl Pts',(-1.88497678230505,-2.55238621454205,1.01802888648148));
#5617=CARTESIAN_POINT('Ctrl Pts',(-1.83215166845374,-2.55091262247966,1.02544566315252));
#5618=CARTESIAN_POINT('Ctrl Pts',(-1.79408045515079,-2.54971475928431,1.03433143107379));
#5619=CARTESIAN_POINT('Ctrl Pts',(-1.77704843633304,-2.54888509896598,1.03894038331612));
#5620=CARTESIAN_POINT('Ctrl Pts',(-1.77173570152521,-2.54427861788131,1.0386100006813));
#5621=CARTESIAN_POINT('',(-1.78300008429156,-2.59234772216706,1.05));
#5622=CARTESIAN_POINT('',(-1.78300006322715,-2.162,1.05));
#5623=CARTESIAN_POINT('',(-2.18300004229962,-2.59236923531871,1.05));
#5624=CARTESIAN_POINT('Ctrl Pts',(-1.78300669334593,-2.59232888126234,1.05));
#5625=CARTESIAN_POINT('Ctrl Pts',(-1.79245254904589,-2.5956423263073,1.05));
#5626=CARTESIAN_POINT('Ctrl Pts',(-1.82418121263057,-2.60401945774814,1.05));
#5627=CARTESIAN_POINT('Ctrl Pts',(-1.88030047375896,-2.61111439606732,1.05));
#5628=CARTESIAN_POINT('Ctrl Pts',(-1.97161922135371,-2.61527836464515,1.05));
#5629=CARTESIAN_POINT('Ctrl Pts',(-2.06293435110489,-2.61374777627635,1.05));
#5630=CARTESIAN_POINT('Ctrl Pts',(-2.14189877835958,-2.60408760460829,1.05));
#5631=CARTESIAN_POINT('Ctrl Pts',(-2.17359421483676,-2.59564633573004,1.05));
#5632=CARTESIAN_POINT('Ctrl Pts',(-2.18299150358381,-2.59234493025046,1.05));
#5633=CARTESIAN_POINT('',(-2.18300006322715,-2.162,1.05));
#5634=CARTESIAN_POINT('Origin',(-1.78300006322715,-2.162,1.05));
#5635=CARTESIAN_POINT('',(-1.78300006322715,-6.872,1.05));
#5636=CARTESIAN_POINT('',(-1.78300006322715,-2.162,1.05));
#5637=CARTESIAN_POINT('',(-2.18300006322715,-6.872,1.05));
#5638=CARTESIAN_POINT('',(-2.18300006322715,-6.872,1.05));
#5639=CARTESIAN_POINT('',(-2.18300006322715,-2.162,1.05));
#5640=CARTESIAN_POINT('Origin',(-1.78300006322715,-2.162,1.45));
#5641=CARTESIAN_POINT('',(-1.78300006322715,-6.872,1.45));
#5642=CARTESIAN_POINT('',(-1.78300006322715,-2.162,1.45));
#5643=CARTESIAN_POINT('',(-1.78300006322715,-6.872,1.05));
#5644=CARTESIAN_POINT('Origin',(-1.783,-2.162,-1.05));
#5645=CARTESIAN_POINT('',(-1.783,-6.872,-1.45));
#5646=CARTESIAN_POINT('',(-1.783,-6.872,-1.45));
#5647=CARTESIAN_POINT('',(-1.783,-2.162,-1.45));
#5648=CARTESIAN_POINT('Origin',(-0.579379465190028,-2.362,-1.7778769490657));
#5649=CARTESIAN_POINT('',(0.264060438757792,-2.362,-1.96811942949511));
#5650=CARTESIAN_POINT('Ctrl Pts',(0.26405925052328,-2.362,-1.96812569462963));
#5651=CARTESIAN_POINT('Ctrl Pts',(-0.0558909733862014,-2.362,-1.90744449217632));
#5652=CARTESIAN_POINT('Ctrl Pts',(-0.404494755587737,-2.362,-1.99561139490433));
#5653=CARTESIAN_POINT('Ctrl Pts',(-0.648942565379872,-2.362,-2.21058474757607));
#5654=CARTESIAN_POINT('',(0.630649429896684,-2.362,-1.88629327966261));
#5655=CARTESIAN_POINT('Ctrl Pts',(0.630649147111018,-2.362,-1.88629241022256));
#5656=CARTESIAN_POINT('Ctrl Pts',(0.511347419910569,-2.362,-1.92508924549193));
#5657=CARTESIAN_POINT('Ctrl Pts',(0.388459796727052,-2.362,-1.9525162526468));
#5658=CARTESIAN_POINT('Ctrl Pts',(0.264060432261754,-2.362,-1.96811937769908));
#5659=CARTESIAN_POINT('',(0.630649429896684,-2.362,-1.74414010838136));
#5660=CARTESIAN_POINT('',(0.630649429896684,-2.362,-2.33060514405537));
#5661=CARTESIAN_POINT('',(0.565757022731794,-2.362,-1.74414010838136));
#5662=CARTESIAN_POINT('',(0.293810267404987,-2.362,-1.74414010838136));
#5663=CARTESIAN_POINT('',(-0.784322640872553,-2.362,-1.46354042132352));
#5664=CARTESIAN_POINT('Ctrl Pts',(-0.784298869411532,-2.362,-1.46351965244121));
#5665=CARTESIAN_POINT('Ctrl Pts',(-0.60075012323945,-2.362,-1.67360418654833));
#5666=CARTESIAN_POINT('Ctrl Pts',(-0.134716761175828,-2.362,-1.92097005718716));
#5667=CARTESIAN_POINT('Ctrl Pts',(0.37304879271746,-2.362,-1.83429929783203));
#5668=CARTESIAN_POINT('Ctrl Pts',(0.565755880310915,-2.362,-1.7441376666269));
#5669=CARTESIAN_POINT('',(-0.431189732595015,-2.362,-1.46354042143436));
#5670=CARTESIAN_POINT('Origin',(-2.18300006322715,-2.162,1.45));
#5671=CARTESIAN_POINT('',(-2.18300006322715,-6.872,1.45));
#5672=CARTESIAN_POINT('',(-2.18300006322715,-2.162,1.45));
#5673=CARTESIAN_POINT('',(-1.78300006322715,-6.872,1.45));
#5674=CARTESIAN_POINT('Origin',(-2.18300006322715,-2.162,1.05));
#5675=CARTESIAN_POINT('',(-2.18300006322715,-6.872,1.45));
#5676=CARTESIAN_POINT('Origin',(-0.431189732668308,-1.862,1.46354042132387));
#5677=CARTESIAN_POINT('',(-0.751262723992327,-2.34770100861645,1.34482003460948));
#5678=CARTESIAN_POINT('Ctrl Pts',(-0.75126272399233,-2.34770100861645,1.34482003460947));
#5679=CARTESIAN_POINT('Ctrl Pts',(-0.749856602554503,-2.34649065945682,
1.33986833403182));
#5680=CARTESIAN_POINT('Ctrl Pts',(-0.748239537100504,-2.34524061489425,
1.33508308304186));
#5681=CARTESIAN_POINT('Ctrl Pts',(-0.74647011750134,-2.34397049524428,1.33048238246163));
#5682=CARTESIAN_POINT('',(-0.784322641024145,-2.362,1.46354042124719));
#5683=CARTESIAN_POINT('Ctrl Pts',(-0.784322640831169,-2.362,1.46354042135803));
#5684=CARTESIAN_POINT('Ctrl Pts',(-0.773395083094481,-2.362,1.42353842361492));
#5685=CARTESIAN_POINT('Ctrl Pts',(-0.762278564949016,-2.35718312978038,
1.38361266272966));
#5686=CARTESIAN_POINT('Ctrl Pts',(-0.7512627239925,-2.34770100861659,1.34482003461008));
#5687=CARTESIAN_POINT('',(-0.431189732668308,-2.362,1.46354042132387));
#5688=CARTESIAN_POINT('Origin',(-1.98300006322715,-6.872,1.25));
#5689=CARTESIAN_POINT('Origin',(-1.783,-2.162,-1.45));
#5690=CARTESIAN_POINT('',(-2.183,-6.872,-1.45));
#5691=CARTESIAN_POINT('Origin',(-1.983,-6.872,-1.25));
#5692=CARTESIAN_POINT('Origin',(1.167,-2.162,-3.98414355205316));
#5693=CARTESIAN_POINT('',(1.167,-2.172,-3.98414355205316));
#5694=CARTESIAN_POINT('',(1.167,-2.172,3.98414355205317));
#5695=CARTESIAN_POINT('',(1.167,-2.172,3.98414355205317));
#5696=CARTESIAN_POINT('',(1.167,-2.162,3.98414355205317));
#5697=CARTESIAN_POINT('',(1.167,-2.162,3.98414355205316));
#5698=CARTESIAN_POINT('',(1.16700000035871,-2.16199999983037,2.78676004411393));
#5699=CARTESIAN_POINT('',(1.167,-2.162,-1.99207177602658));
#5700=CARTESIAN_POINT('',(1.1669999999724,-2.162,0.788404309019356));
#5701=CARTESIAN_POINT('',(1.166999999981,-2.162,1.44166666951495));
#5702=CARTESIAN_POINT('',(1.167,-2.162,-0.788404309093463));
#5703=CARTESIAN_POINT('',(1.167,-2.162,-1.99207177602658));
#5704=CARTESIAN_POINT('',(1.16700000035999,-2.16199999983038,-2.78676004403552));
#5705=CARTESIAN_POINT('',(1.167,-2.162,-1.44166666952253));
#5706=CARTESIAN_POINT('',(1.167,-2.162,-3.98414355205316));
#5707=CARTESIAN_POINT('',(1.167,-2.162,-1.99207177602658));
#5708=CARTESIAN_POINT('',(1.167,-2.162,-3.98414355205316));
#5709=CARTESIAN_POINT('Origin',(1.48266798923625,-2.172,5.0272563889564E-15));
#5710=CARTESIAN_POINT('',(1.817,-2.172,-3.73575960727758));
#5711=CARTESIAN_POINT('Origin',(0.017,-2.172,4.82280881897168E-16));
#5712=CARTESIAN_POINT('',(1.817,-2.172,3.73575960727758));
#5713=CARTESIAN_POINT('',(1.817,-2.172,1.86787980363879));
#5714=CARTESIAN_POINT('Origin',(0.017,-2.172,4.82280881897168E-16));
#5715=CARTESIAN_POINT('Origin',(2.417,-2.172,4.72180856933565E-16));
#5716=CARTESIAN_POINT('',(1.967,-2.172,4.17071750971934E-16));
#5717=CARTESIAN_POINT('Origin',(2.417,-2.172,4.72180856933565E-16));
#5718=CARTESIAN_POINT('Origin',(0.017,-2.162,4.80060435847918E-16));
#5719=CARTESIAN_POINT('',(0.815582518076835,-2.162,4.06917261924201));
#5720=CARTESIAN_POINT('Origin',(0.017,-2.162,4.80060435847918E-16));
#5721=CARTESIAN_POINT('',(0.815582518076834,-2.162,2.99972950545058));
#5722=CARTESIAN_POINT('',(0.815582518076832,-2.162,1.38113532074299));
#5723=CARTESIAN_POINT('',(1.12817415628226,-2.162,2.89851740351151));
#5724=CARTESIAN_POINT('Ctrl Pts',(0.815577859819246,-2.162,2.99971182492024));
#5725=CARTESIAN_POINT('Ctrl Pts',(0.921464056675654,-2.162,2.97152371592248));
#5726=CARTESIAN_POINT('Ctrl Pts',(1.02586065408783,-2.162,2.93774025562875));
#5727=CARTESIAN_POINT('Ctrl Pts',(1.12817415628226,-2.162,2.89851740351151));
#5728=CARTESIAN_POINT('Ctrl Pts',(1.12817415628267,-2.16200000000011,2.89851740351139));
#5729=CARTESIAN_POINT('Ctrl Pts',(1.13273764472072,-2.16200000001309,2.89676794690935));
#5730=CARTESIAN_POINT('Ctrl Pts',(1.1367939351901,-2.16199770904957,2.8941655364091));
#5731=CARTESIAN_POINT('Ctrl Pts',(1.14039252487521,-2.16199531536386,2.89085850145239));
#5732=CARTESIAN_POINT('Ctrl Pts',(1.14488076801471,-2.16199232990444,2.88673389202054));
#5733=CARTESIAN_POINT('Ctrl Pts',(1.14847513710828,-2.1619893816628,2.88167996541466));
#5734=CARTESIAN_POINT('Ctrl Pts',(1.15137406118465,-2.16198775906778,2.8763188317318));
#5735=CARTESIAN_POINT('Ctrl Pts',(1.15598554767279,-2.16198517791187,2.86779056576541));
#5736=CARTESIAN_POINT('Ctrl Pts',(1.15912123925672,-2.1619853880358,2.85795519816342));
#5737=CARTESIAN_POINT('Ctrl Pts',(1.16129186944373,-2.16198743348282,2.84838312138313));
#5738=CARTESIAN_POINT('Ctrl Pts',(1.16155474267995,-2.1619876811958,2.84722389913712));
#5739=CARTESIAN_POINT('Ctrl Pts',(1.16180351677509,-2.16198794178217,2.84606851201041));
#5740=CARTESIAN_POINT('Ctrl Pts',(1.1620391400317,-2.16198819626916,2.84491972807259));
#5741=CARTESIAN_POINT('Ctrl Pts',(1.16479740809255,-2.16199117536115,2.83147175994705));
#5742=CARTESIAN_POINT('Ctrl Pts',(1.1661679018848,-2.16199509465862,2.81687332105799));
#5743=CARTESIAN_POINT('Ctrl Pts',(1.16670883896657,-2.1619980185341,2.80265571121079));
#5744=CARTESIAN_POINT('Ctrl Pts',(1.1669135408863,-2.16199912498981,2.79727546990778));
#5745=CARTESIAN_POINT('Ctrl Pts',(1.16699996806978,-2.16200001703091,2.79194952618481));
#5746=CARTESIAN_POINT('Ctrl Pts',(1.16699996110827,-2.16200001832504,2.78676006282192));
#5747=CARTESIAN_POINT('Origin',(0.017,-2.162,4.80060435847918E-16));
#5748=CARTESIAN_POINT('',(1.11437585290436,-2.162,0.67133836961085));
#5749=CARTESIAN_POINT('Origin',(0.697788857428846,-2.162,1.71512997952092));
#5750=CARTESIAN_POINT('',(0.557894655270126,-2.16200000259421,0.671338382928377));
#5751=CARTESIAN_POINT('',(0.592000000017674,-2.162,0.671338369638356));
#5752=CARTESIAN_POINT('',(0.437975471717039,-2.162,0.815996494060776));
#5753=CARTESIAN_POINT('Ctrl Pts',(0.557894659389009,-2.162,0.671338369640152));
#5754=CARTESIAN_POINT('Ctrl Pts',(0.552554606199503,-2.162,0.671338369640433));
#5755=CARTESIAN_POINT('Ctrl Pts',(0.547333019495775,-2.162,0.672429314548128));
#5756=CARTESIAN_POINT('Ctrl Pts',(0.535026547278128,-2.162,0.676938955846552));
#5757=CARTESIAN_POINT('Ctrl Pts',(0.528176184931094,-2.16200000000039,0.681189146423413));
#5758=CARTESIAN_POINT('Ctrl Pts',(0.510243946416761,-2.16200000000039,0.695113983727285));
#5759=CARTESIAN_POINT('Ctrl Pts',(0.499535802907603,-2.162,0.707376746165828));
#5760=CARTESIAN_POINT('Ctrl Pts',(0.472613027606224,-2.162,0.743516214370381));
#5761=CARTESIAN_POINT('Ctrl Pts',(0.454598250723635,-2.162,0.776240180132238));
#5762=CARTESIAN_POINT('Ctrl Pts',(0.437975471717039,-2.162,0.815996494060776));
#5763=CARTESIAN_POINT('',(-0.278120821415892,-2.162,0.731634120324243));
#5764=CARTESIAN_POINT('Ctrl Pts',(0.43741919565414,-2.162,0.815935450369495));
#5765=CARTESIAN_POINT('Ctrl Pts',(0.413055698703901,-2.162,0.873919205400671));
#5766=CARTESIAN_POINT('Ctrl Pts',(0.307473066202575,-2.162,1.01687112863978));
#5767=CARTESIAN_POINT('Ctrl Pts',(0.00519230876562537,-2.162,1.0891109803577));
#5768=CARTESIAN_POINT('Ctrl Pts',(-0.223721949284324,-2.162,0.917389203219478));
#5769=CARTESIAN_POINT('Ctrl Pts',(-0.271639994567375,-2.162,0.772225877174246));
#5770=CARTESIAN_POINT('Ctrl Pts',(-0.278159167376919,-2.162,0.731670449989436));
#5771=CARTESIAN_POINT('Ctrl Pts',(-0.278114303351475,-2.16200033671898,
0.731638668581932));
#5772=CARTESIAN_POINT('Ctrl Pts',(-0.279228718742054,-2.1619999833826,0.724812092583892));
#5773=CARTESIAN_POINT('Ctrl Pts',(-0.280833290973848,-2.16199560176872,
0.717859705898976));
#5774=CARTESIAN_POINT('Ctrl Pts',(-0.283156231874607,-2.16199294826757,
0.711211167646685));
#5775=CARTESIAN_POINT('Ctrl Pts',(-0.284690751145962,-2.16199119538241,
0.706819187604855));
#5776=CARTESIAN_POINT('Ctrl Pts',(-0.28653808699242,-2.16198973078092,0.702560291907239));
#5777=CARTESIAN_POINT('Ctrl Pts',(-0.288753208108305,-2.16198806292308,
0.698564670494047));
#5778=CARTESIAN_POINT('Ctrl Pts',(-0.291900405195958,-2.16198569326606,
0.692887776357298));
#5779=CARTESIAN_POINT('Ctrl Pts',(-0.295805044249956,-2.16198450491832,
0.687723246560791));
#5780=CARTESIAN_POINT('Ctrl Pts',(-0.300651098838226,-2.16198571932747,
0.683452236552433));
#5781=CARTESIAN_POINT('Ctrl Pts',(-0.30119636076459,-2.16198585596875,0.682971676727474));
#5782=CARTESIAN_POINT('Ctrl Pts',(-0.301753493645195,-2.16198601599752,
0.682502455254012));
#5783=CARTESIAN_POINT('Ctrl Pts',(-0.302322722445918,-2.16198619781325,
0.682045135148346));
#5784=CARTESIAN_POINT('Ctrl Pts',(-0.306790095641177,-2.16198762472407,
0.67845603428221));
#5785=CARTESIAN_POINT('Ctrl Pts',(-0.311766796136762,-2.1619906797867,0.675790480273788));
#5786=CARTESIAN_POINT('Ctrl Pts',(-0.317216022026798,-2.16199373725377,
0.674016751526473));
#5787=CARTESIAN_POINT('Ctrl Pts',(-0.323020629967878,-2.16199699411962,
0.672127345548494));
#5788=CARTESIAN_POINT('Ctrl Pts',(-0.329089158329535,-2.16199992061077,
0.671338419725828));
#5789=CARTESIAN_POINT('Ctrl Pts',(-0.335194348374407,-2.16200001986678,
0.671338441575708));
#5790=CARTESIAN_POINT('',(-0.272907523123179,-2.162,3.01779392267232));
#5791=CARTESIAN_POINT('Ctrl Pts',(-0.339179820953695,-2.16200002599046,
3.08370673339319));
#5792=CARTESIAN_POINT('Ctrl Pts',(-0.332335270748513,-2.16199991978141,
3.08449727513532));
#5793=CARTESIAN_POINT('Ctrl Pts',(-0.325489986314787,-2.16199538358716,
3.0841711838417));
#5794=CARTESIAN_POINT('Ctrl Pts',(-0.318862929504591,-2.16199064332874,
3.08229182586737));
#5795=CARTESIAN_POINT('Ctrl Pts',(-0.313068792015844,-2.16198649884805,
3.08064867434389));
#5796=CARTESIAN_POINT('Ctrl Pts',(-0.307805227926358,-2.16198269882222,
3.07792121298905));
#5797=CARTESIAN_POINT('Ctrl Pts',(-0.303045264063502,-2.16198100022218,
3.07423026216316));
#5798=CARTESIAN_POINT('Ctrl Pts',(-0.297820778888205,-2.16197913585703,
3.07017911420737));
#5799=CARTESIAN_POINT('Ctrl Pts',(-0.293439041663661,-2.16197978278323,
3.06515056778319));
#5800=CARTESIAN_POINT('Ctrl Pts',(-0.289754505124431,-2.16198204936355,
3.05966039742391));
#5801=CARTESIAN_POINT('Ctrl Pts',(-0.289528541271553,-2.16198218836753,
3.05932369834815));
#5802=CARTESIAN_POINT('Ctrl Pts',(-0.289305185025207,-2.16198233054999,
3.05898525693979));
#5803=CARTESIAN_POINT('Ctrl Pts',(-0.289084397272015,-2.16198247432955,
3.05864518977488));
#5804=CARTESIAN_POINT('Ctrl Pts',(-0.284881968543767,-2.1619852110002,3.05217242123284));
#5805=CARTESIAN_POINT('Ctrl Pts',(-0.281476162303801,-2.16198741125209,
3.0449071951825));
#5806=CARTESIAN_POINT('Ctrl Pts',(-0.278721042649196,-2.16199044652198,
3.03740713392104));
#5807=CARTESIAN_POINT('Ctrl Pts',(-0.276341632142933,-2.16199306787929,
3.03092983826772));
#5808=CARTESIAN_POINT('Ctrl Pts',(-0.274446173460149,-2.16199681784616,
3.0242770064533));
#5809=CARTESIAN_POINT('Ctrl Pts',(-0.272912651624514,-2.16199574980148,
3.01779571011371));
#5810=CARTESIAN_POINT('',(0.397372017533161,-2.162,2.88655538253381));
#5811=CARTESIAN_POINT('Ctrl Pts',(-0.27281523165375,-2.162,3.01781555145125));
#5812=CARTESIAN_POINT('Ctrl Pts',(-0.251597914028194,-2.162,2.92981667351104));
#5813=CARTESIAN_POINT('Ctrl Pts',(-0.136206796272048,-2.162,2.75729780865372));
#5814=CARTESIAN_POINT('Ctrl Pts',(0.154380959074072,-2.162,2.69899392960519));
#5815=CARTESIAN_POINT('Ctrl Pts',(0.331826284787674,-2.162,2.80322516877513));
#5816=CARTESIAN_POINT('Ctrl Pts',(0.389192698867301,-2.162,2.87515217592071));
#5817=CARTESIAN_POINT('Ctrl Pts',(0.397321594800617,-2.162,2.88660943209513));
#5818=CARTESIAN_POINT('',(0.465582518076837,-2.162,2.97231177366699));
#5819=CARTESIAN_POINT('Ctrl Pts',(0.397372017533161,-2.162,2.88655538253381));
#5820=CARTESIAN_POINT('Ctrl Pts',(0.42067541239405,-2.162,2.91925053034031));
#5821=CARTESIAN_POINT('Ctrl Pts',(0.443627578343694,-2.162,2.94813218125328));
#5822=CARTESIAN_POINT('Ctrl Pts',(0.465582518076582,-2.162,2.9723117736667));
#5823=CARTESIAN_POINT('',(0.465582518076843,-2.162,4.12245965023828));
#5824=CARTESIAN_POINT('',(0.465582518076833,-2.162,2.06122982511914));
#5825=CARTESIAN_POINT('Origin',(0.017,-2.162,4.80060435847918E-16));
#5826=CARTESIAN_POINT('',(1.12817415626604,-2.162,-2.89851740351772));
#5827=CARTESIAN_POINT('Ctrl Pts',(1.16699996115682,-2.16200001830276,-2.78676006271874));
#5828=CARTESIAN_POINT('Ctrl Pts',(1.16699997948231,-2.16200001489848,-2.80043159044737));
#5829=CARTESIAN_POINT('Ctrl Pts',(1.1664043444785,-2.16199255041429,-2.81494839170696));
#5830=CARTESIAN_POINT('Ctrl Pts',(1.16465540891193,-2.16198934748425,-2.82889847245602));
#5831=CARTESIAN_POINT('Ctrl Pts',(1.16317585661629,-2.16198663789187,-2.84069986433755));
#5832=CARTESIAN_POINT('Ctrl Pts',(1.16087089897084,-2.16198604840883,-2.85209549242505));
#5833=CARTESIAN_POINT('Ctrl Pts',(1.15742812469952,-2.1619859022089,-2.86221786567414));
#5834=CARTESIAN_POINT('Ctrl Pts',(1.15460965424137,-2.1619857825205,-2.87050467384703));
#5835=CARTESIAN_POINT('Ctrl Pts',(1.15070861948112,-2.16198789533539,-2.87886459954475));
#5836=CARTESIAN_POINT('Ctrl Pts',(1.14521416019647,-2.16199189837895,-2.88568724766157));
#5837=CARTESIAN_POINT('Ctrl Pts',(1.14288350889933,-2.16199359639839,-2.88858129289142));
#5838=CARTESIAN_POINT('Ctrl Pts',(1.14025579302657,-2.16199557275315,-2.89121218873036));
#5839=CARTESIAN_POINT('Ctrl Pts',(1.13728752018177,-2.1619972240337,-2.89344744519303));
#5840=CARTESIAN_POINT('Ctrl Pts',(1.13448444742332,-2.16199878341176,-2.89555829780877));
#5841=CARTESIAN_POINT('Ctrl Pts',(1.13145074727415,-2.16200000000675,-2.89726129125816));
#5842=CARTESIAN_POINT('Ctrl Pts',(1.12817415626626,-2.16200000000006,-2.89851740351767));
#5843=CARTESIAN_POINT('',(0.589305299830522,-2.162,-3.05099619597183));
#5844=CARTESIAN_POINT('Ctrl Pts',(1.12817415626604,-2.162,-2.89851740351772));
#5845=CARTESIAN_POINT('Ctrl Pts',(0.953631080684541,-2.162,-2.96543014811811));
#5846=CARTESIAN_POINT('Ctrl Pts',(0.773025550928905,-2.162,-3.01651257282489));
#5847=CARTESIAN_POINT('Ctrl Pts',(0.589304204087872,-2.162,-3.05099035710139));
#5848=CARTESIAN_POINT('',(0.397372017574245,-2.162,-2.88655538259144));
#5849=CARTESIAN_POINT('Ctrl Pts',(0.589305299830522,-2.162,-3.05099619597183));
#5850=CARTESIAN_POINT('Ctrl Pts',(0.584095694178886,-2.162,-3.05197341283248));
#5851=CARTESIAN_POINT('Ctrl Pts',(0.578770201252663,-2.162,-3.051855853098));
#5852=CARTESIAN_POINT('Ctrl Pts',(0.565301666520953,-2.162,-3.04970729024416));
#5853=CARTESIAN_POINT('Ctrl Pts',(0.557113180478882,-2.16199999999997,-3.04658791072861));
#5854=CARTESIAN_POINT('Ctrl Pts',(0.533704248019472,-2.16199999999997,-3.03497631466791));
#5855=CARTESIAN_POINT('Ctrl Pts',(0.517889515412556,-2.162,-3.02283023697947));
#5856=CARTESIAN_POINT('Ctrl Pts',(0.471109535931075,-2.162,-2.98169087644336));
#5857=CARTESIAN_POINT('Ctrl Pts',(0.434150974020631,-2.162,-2.93815702367602));
#5858=CARTESIAN_POINT('Ctrl Pts',(0.397372017574247,-2.162,-2.88655538259145));
#5859=CARTESIAN_POINT('',(-0.272907523115309,-2.162,-3.0177939226391));
#5860=CARTESIAN_POINT('Ctrl Pts',(0.39752789733016,-2.162,-2.88737569001546));
#5861=CARTESIAN_POINT('Ctrl Pts',(0.374280051816567,-2.162,-2.85434520291797));
#5862=CARTESIAN_POINT('Ctrl Pts',(0.272842823599472,-2.162,-2.74964028762274));
#5863=CARTESIAN_POINT('Ctrl Pts',(0.0366634441500755,-2.162,-2.69797199565738));
#5864=CARTESIAN_POINT('Ctrl Pts',(-0.188832660899904,-2.162,-2.82521494554997));
#5865=CARTESIAN_POINT('Ctrl Pts',(-0.257880922933692,-2.162,-2.95507809288935));
#5866=CARTESIAN_POINT('Ctrl Pts',(-0.27287274224292,-2.162,-3.01786234720175));
#5867=CARTESIAN_POINT('Ctrl Pts',(-0.272912652803334,-2.16199574886587,
-3.01779571049282));
#5868=CARTESIAN_POINT('Ctrl Pts',(-0.274686643624171,-2.16199698456521,
-3.02529332894922));
#5869=CARTESIAN_POINT('Ctrl Pts',(-0.276946190704071,-2.1619920831965,-3.03302297833861));
#5870=CARTESIAN_POINT('Ctrl Pts',(-0.279878082543039,-2.16198918562052,
-3.04044462149766));
#5871=CARTESIAN_POINT('Ctrl Pts',(-0.28244109648441,-2.16198665260497,-3.04693250574759));
#5872=CARTESIAN_POINT('Ctrl Pts',(-0.285517849622645,-2.16198476027317,
-3.05318476403019));
#5873=CARTESIAN_POINT('Ctrl Pts',(-0.289203396108015,-2.16198239713748,
-3.05882793578575));
#5874=CARTESIAN_POINT('Ctrl Pts',(-0.292834037349363,-2.16198006920649,
-3.06438703867296));
#5875=CARTESIAN_POINT('Ctrl Pts',(-0.297150811188051,-2.16197897512284,
-3.06949485581199));
#5876=CARTESIAN_POINT('Ctrl Pts',(-0.302303445640122,-2.16198072033663,
-3.07364413477864));
#5877=CARTESIAN_POINT('Ctrl Pts',(-0.303171353083894,-2.16198101429966,
-3.07434303747297));
#5878=CARTESIAN_POINT('Ctrl Pts',(-0.304062865821227,-2.16198137002325,
-3.0750146994411));
#5879=CARTESIAN_POINT('Ctrl Pts',(-0.304978560986741,-2.16198178088273,
-3.07565664186012));
#5880=CARTESIAN_POINT('Ctrl Pts',(-0.309815338089782,-2.16198395107627,
-3.07904743446307));
#5881=CARTESIAN_POINT('Ctrl Pts',(-0.315104910125816,-2.16198803036295,
-3.08145199738036));
#5882=CARTESIAN_POINT('Ctrl Pts',(-0.320853491242833,-2.16199205380269,
-3.08280854867199));
#5883=CARTESIAN_POINT('Ctrl Pts',(-0.326871407543759,-2.1619962657505,-3.08422865773278));
#5884=CARTESIAN_POINT('Ctrl Pts',(-0.333036274374745,-2.16199993062434,
-3.08441630962182));
#5885=CARTESIAN_POINT('Ctrl Pts',(-0.339179820956407,-2.16200002602848,
-3.08370673342578));
#5886=CARTESIAN_POINT('',(-0.278120821413766,-2.162,-0.731634120337283));
#5887=CARTESIAN_POINT('Ctrl Pts',(-0.335194347149139,-2.16200002013829,
-0.671338442554153));
#5888=CARTESIAN_POINT('Ctrl Pts',(-0.328751818054835,-2.16199991470711,
-0.671338419475931));
#5889=CARTESIAN_POINT('Ctrl Pts',(-0.322380776159004,-2.16199660580978,
-0.672216347987342));
#5890=CARTESIAN_POINT('Ctrl Pts',(-0.316326627089841,-2.16199322263545,
-0.674315583872844));
#5891=CARTESIAN_POINT('Ctrl Pts',(-0.31549595413617,-2.16199275843951,-0.674603614189499));
#5892=CARTESIAN_POINT('Ctrl Pts',(-0.314671318925562,-2.16199228819761,
-0.674914600238012));
#5893=CARTESIAN_POINT('Ctrl Pts',(-0.313853425952504,-2.16199181963662,
-0.675249392007402));
#5894=CARTESIAN_POINT('Ctrl Pts',(-0.308106477403656,-2.16198852727928,
-0.67760181602453));
#5895=CARTESIAN_POINT('Ctrl Pts',(-0.303030985220493,-2.16198589073015,
-0.680991711339727));
#5896=CARTESIAN_POINT('Ctrl Pts',(-0.298612297235686,-2.16198535962858,
-0.685355246468636));
#5897=CARTESIAN_POINT('Ctrl Pts',(-0.294091786274986,-2.16198481628847,
-0.689819333646877));
#5898=CARTESIAN_POINT('Ctrl Pts',(-0.29048291445644,-2.16198634727088,-0.695080563412871));
#5899=CARTESIAN_POINT('Ctrl Pts',(-0.287597627560591,-2.16198899532769,
-0.700737373958621));
#5900=CARTESIAN_POINT('Ctrl Pts',(-0.287368977276473,-2.16198920517821,
-0.701185659132739));
#5901=CARTESIAN_POINT('Ctrl Pts',(-0.287144848137963,-2.16198941760597,
-0.70163644177201));
#5902=CARTESIAN_POINT('Ctrl Pts',(-0.286925135077993,-2.16198962932645,
-0.702089528767703));
#5903=CARTESIAN_POINT('Ctrl Pts',(-0.28386458786398,-2.16199257853905,-0.708400915731086));
#5904=CARTESIAN_POINT('Ctrl Pts',(-0.28162029811864,-2.16199529962816,-0.715245230890744));
#5905=CARTESIAN_POINT('Ctrl Pts',(-0.27998674054505,-2.16199790958495,-0.722176529173526));
#5906=CARTESIAN_POINT('Ctrl Pts',(-0.279244571208114,-2.16199909535884,
-0.725325605235373));
#5907=CARTESIAN_POINT('Ctrl Pts',(-0.278627801273553,-2.16200017455707,
-0.728493010339771));
#5908=CARTESIAN_POINT('Ctrl Pts',(-0.278114278061448,-2.16200033755045,
-0.731638685957068));
#5909=CARTESIAN_POINT('',(0.437975471746421,-2.162,-0.815996493990505));
#5910=CARTESIAN_POINT('Ctrl Pts',(-0.278698978921419,-2.1622455180932,-0.732523916690734));
#5911=CARTESIAN_POINT('Ctrl Pts',(-0.272146702749374,-2.1622455180932,-0.773084244892491));
#5912=CARTESIAN_POINT('Ctrl Pts',(-0.22412063213489,-2.1622455180932,-0.918233646722716));
#5913=CARTESIAN_POINT('Ctrl Pts',(0.00487113374789409,-2.1622455180932,
-1.08993798569421));
#5914=CARTESIAN_POINT('Ctrl Pts',(0.307655664483232,-2.1622455180932,-1.01773508997737));
#5915=CARTESIAN_POINT('Ctrl Pts',(0.413428933533225,-2.1622455180932,-0.874334422090671));
#5916=CARTESIAN_POINT('Ctrl Pts',(0.437827526095521,-2.1622455180932,-0.815934684369957));
#5917=CARTESIAN_POINT('',(0.557894654994973,-2.16200000274759,-0.671338383681966));
#5918=CARTESIAN_POINT('Ctrl Pts',(0.437975471746421,-2.162,-0.815996493990505));
#5919=CARTESIAN_POINT('Ctrl Pts',(0.453623282216565,-2.162,-0.778571989612898));
#5920=CARTESIAN_POINT('Ctrl Pts',(0.470477533508688,-2.162,-0.747443662307101));
#5921=CARTESIAN_POINT('Ctrl Pts',(0.496943583842473,-2.162,-0.710398799149993));
#5922=CARTESIAN_POINT('Ctrl Pts',(0.508640386275074,-2.162,-0.696469502897496));
#5923=CARTESIAN_POINT('Ctrl Pts',(0.527172457688122,-2.162,-0.681923777836664));
#5924=CARTESIAN_POINT('Ctrl Pts',(0.533325310165877,-2.16199999999988,-0.677974933058278));
#5925=CARTESIAN_POINT('Ctrl Pts',(0.54560341149075,-2.16199999999988,-0.672823539126538));
#5926=CARTESIAN_POINT('Ctrl Pts',(0.551664028585021,-2.162,-0.671338369608077));
#5927=CARTESIAN_POINT('Ctrl Pts',(0.557894659357384,-2.162,-0.671338369608077));
#5928=CARTESIAN_POINT('',(1.11437585291816,-2.162,-0.671338369608078));
#5929=CARTESIAN_POINT('',(0.592000000000001,-2.162,-0.671338369608078));
#5930=CARTESIAN_POINT('Origin',(0.697788857631778,-2.162,-1.71512997943538));
#5931=CARTESIAN_POINT('Origin',(0.017,-2.162,4.80060435847918E-16));
#5932=CARTESIAN_POINT('',(1.817,-2.182,3.73575960727758));
#5933=CARTESIAN_POINT('',(1.817,-2.162,3.73575960727758));
#5934=CARTESIAN_POINT('',(0.815582518076835,-2.182,4.06917261924201));
#5935=CARTESIAN_POINT('Origin',(0.017,-2.182,4.84501327946418E-16));
#5936=CARTESIAN_POINT('',(0.815582518076835,-2.162,4.06917261924201));
#5937=CARTESIAN_POINT('Origin',(0.465582518076843,-2.162,4.12245965023828));
#5938=CARTESIAN_POINT('',(0.465582518076837,-2.182,2.9128466931818));
#5939=CARTESIAN_POINT('Ctrl Pts',(0.46566126735627,-2.18191553927204,2.91279469945834));
#5940=CARTESIAN_POINT('Ctrl Pts',(0.465657053029468,-2.18042865031181,2.91763445166819));
#5941=CARTESIAN_POINT('Ctrl Pts',(0.465652486520391,-2.17891336252396,2.92246153233875));
#5942=CARTESIAN_POINT('Ctrl Pts',(0.465647836302681,-2.17736926298153,2.92727471540237));
#5943=CARTESIAN_POINT('Ctrl Pts',(0.465633361671229,-2.17256297794354,2.94225660556434));
#5944=CARTESIAN_POINT('Ctrl Pts',(0.465617473494506,-2.16741364151134,2.95730234782193));
#5945=CARTESIAN_POINT('Ctrl Pts',(0.465611656735617,-2.16191319471874,2.97228233633459));
#5946=CARTESIAN_POINT('',(0.465582518076843,-2.182,4.12245965023828));
#5947=CARTESIAN_POINT('',(0.465582518076833,-2.182,2.06122982511914));
#5948=CARTESIAN_POINT('',(0.465582518076843,-2.162,4.12245965023828));
#5949=CARTESIAN_POINT('Origin',(0.815582518076833,-2.162,2.76227064148597));
#5950=CARTESIAN_POINT('',(0.815582518076834,-2.182,2.88835630154846));
#5951=CARTESIAN_POINT('Ctrl Pts',(0.815582518076834,-2.162,2.99972950545058));
#5952=CARTESIAN_POINT('Ctrl Pts',(0.815582518076834,-2.16861564106559,2.9629339736224));
#5953=CARTESIAN_POINT('Ctrl Pts',(0.815582518076834,-2.17528895566628,2.92577504740296));
#5954=CARTESIAN_POINT('Ctrl Pts',(0.815582518076834,-2.182,2.88835630154846));
#5955=CARTESIAN_POINT('',(0.815582518076832,-2.182,1.38113532074299));
#5956=CARTESIAN_POINT('Origin',(0.017,-2.162,4.80060435847918E-16));
#5957=CARTESIAN_POINT('',(1.817,-2.182,-3.73575960727758));
#5958=CARTESIAN_POINT('Origin',(0.017,-2.182,4.84501327946418E-16));
#5959=CARTESIAN_POINT('',(1.817,-2.162,-3.73575960727758));
#5960=CARTESIAN_POINT('Origin',(1.817,-2.162,3.73575960727758));
#5961=CARTESIAN_POINT('',(1.817,-2.182,1.86787980363879));
#5962=CARTESIAN_POINT('Origin',(2.417,-2.162,4.69960410884314E-16));
#5963=CARTESIAN_POINT('',(1.967,-2.182,4.19292197021184E-16));
#5964=CARTESIAN_POINT('',(1.967,-2.162,4.14851304922683E-16));
#5965=CARTESIAN_POINT('Origin',(2.417,-2.182,4.74401302982815E-16));
#5966=CARTESIAN_POINT('Origin',(0.017,-2.182,4.84501327946418E-16));
#5967=CARTESIAN_POINT('',(-4.34404409942824,-2.182,-4.95725417841059E-17));
#5968=CARTESIAN_POINT('Origin',(0.017,-2.182,4.84501327946418E-16));
#5969=CARTESIAN_POINT('',(0.545587218740192,-2.182,2.94970545499257));
#5970=CARTESIAN_POINT('Ctrl Pts',(0.815582518076834,-2.182,2.88835630154846));
#5971=CARTESIAN_POINT('Ctrl Pts',(0.806956906835683,-2.182,2.89074031202117));
#5972=CARTESIAN_POINT('Ctrl Pts',(0.798320131335898,-2.182,2.89308580745247));
#5973=CARTESIAN_POINT('Ctrl Pts',(0.709087630470818,-2.182,2.91688987714239));
#5974=CARTESIAN_POINT('Ctrl Pts',(0.627654685723388,-2.182,2.93500870545175));
#5975=CARTESIAN_POINT('Ctrl Pts',(0.545587218740195,-2.182,2.94970545499259));
#5976=CARTESIAN_POINT('Ctrl Pts',(0.5455872187402,-2.182,2.94970545499259));
#5977=CARTESIAN_POINT('Ctrl Pts',(0.542456604934221,-2.182,2.95026608941579));
#5978=CARTESIAN_POINT('Ctrl Pts',(0.539282694530292,-2.18199738215953,2.95043228123153));
#5979=CARTESIAN_POINT('Ctrl Pts',(0.536106777454468,-2.18199350478368,2.95028217091209));
#5980=CARTESIAN_POINT('Ctrl Pts',(0.532674175029713,-2.18198931402887,2.95011992831123));
#5981=CARTESIAN_POINT('Ctrl Pts',(0.529255982046437,-2.18198367744421,2.9495889621228));
#5982=CARTESIAN_POINT('Ctrl Pts',(0.525911987287947,-2.1819777909829,2.94879911903862));
#5983=CARTESIAN_POINT('Ctrl Pts',(0.519845258263583,-2.18196711167019,2.94736617302359));
#5984=CARTESIAN_POINT('Ctrl Pts',(0.513843390603699,-2.18195496180149,2.9450399074836));
#5985=CARTESIAN_POINT('Ctrl Pts',(0.508166615768868,-2.18194581826561,2.94229180374577));
#5986=CARTESIAN_POINT('Ctrl Pts',(0.506725722396947,-2.18194349743017,2.94159427309211));
#5987=CARTESIAN_POINT('Ctrl Pts',(0.505305539557929,-2.18194131126624,2.94086967479756));
#5988=CARTESIAN_POINT('Ctrl Pts',(0.503909864286754,-2.18193917814991,2.94012592606134));
#5989=CARTESIAN_POINT('Ctrl Pts',(0.496674270668865,-2.18192811944361,2.9362701125206));
#5990=CARTESIAN_POINT('Ctrl Pts',(0.489470207055299,-2.18191743399871,2.93156449032713));
#5991=CARTESIAN_POINT('Ctrl Pts',(0.482516813041492,-2.18191397890542,2.92641717109789));
#5992=CARTESIAN_POINT('Ctrl Pts',(0.476688210852115,-2.1819110827134,2.92210249022845));
#5993=CARTESIAN_POINT('Ctrl Pts',(0.471034814110948,-2.18191344992391,2.917477965215));
#5994=CARTESIAN_POINT('Ctrl Pts',(0.46566126735627,-2.18191553927204,2.91279469945834));
#5995=CARTESIAN_POINT('Ctrl Pts',(0.474327682840223,-2.162,3.07033589930429));
#5996=CARTESIAN_POINT('Ctrl Pts',(0.404874031007367,-2.22585041860234,2.73359165070291));
#5997=CARTESIAN_POINT('Ctrl Pts',(0.33542037917451,-2.28970083720468,2.39684740210153));
#5998=CARTESIAN_POINT('Ctrl Pts',(0.265966727341653,-2.35355125580702,2.06010315350015));
#5999=CARTESIAN_POINT('Ctrl Pts',(0.697659884249106,-2.162,3.03707048420848));
#6000=CARTESIAN_POINT('Ctrl Pts',(0.606841142069073,-2.22585041860234,2.70500492783234));
#6001=CARTESIAN_POINT('Ctrl Pts',(0.516023515431366,-2.28970083720468,2.37294226552958));
#6002=CARTESIAN_POINT('Ctrl Pts',(0.425204773251334,-2.35355125580702,2.04087670915344));
#6003=CARTESIAN_POINT('Ctrl Pts',(0.917339806628576,-2.162,2.97934275246678));
#6004=CARTESIAN_POINT('Ctrl Pts',(0.805625295398308,-2.22585041860234,2.65392812883463));
#6005=CARTESIAN_POINT('Ctrl Pts',(0.693911960768943,-2.28970083720468,2.32851636891578));
#6006=CARTESIAN_POINT('Ctrl Pts',(0.582197449538675,-2.35355125580702,2.00310174528362));
#6007=CARTESIAN_POINT('Ctrl Pts',(1.12817415628226,-2.162,2.89851740351151));
#6008=CARTESIAN_POINT('Ctrl Pts',(0.996367672242457,-2.22585041860234,2.58160686541553));
#6009=CARTESIAN_POINT('Ctrl Pts',(0.864561188202651,-2.28970083720468,2.26469632731954));
#6010=CARTESIAN_POINT('Ctrl Pts',(0.732754704162845,-2.35355125580702,1.94778578922356));
#6011=CARTESIAN_POINT('',(0.267009456599984,-2.35261008296047,2.06506456355908));
#6012=CARTESIAN_POINT('Ctrl Pts',(0.267009456599985,-2.35261008296047,2.06506456355908));
#6013=CARTESIAN_POINT('Ctrl Pts',(0.286852744898409,-2.3362239112016,2.15124023394253));
#6014=CARTESIAN_POINT('Ctrl Pts',(0.322656946011791,-2.30754406541855,2.30189544143126));
#6015=CARTESIAN_POINT('Ctrl Pts',(0.386201962679029,-2.26261640513162,2.53674817224518));
#6016=CARTESIAN_POINT('Ctrl Pts',(0.441470053142986,-2.23225620259933,2.69338767443125));
#6017=CARTESIAN_POINT('Ctrl Pts',(0.498454071120007,-2.20408490211391,2.83744637964359));
#6018=CARTESIAN_POINT('Ctrl Pts',(0.523912117682443,-2.19203376928601,2.89879248576354));
#6019=CARTESIAN_POINT('Ctrl Pts',(0.5455872187402,-2.182,2.94970545499259));
#6020=CARTESIAN_POINT('',(0.266521171413808,-2.35353841977055,2.06010551890642));
#6021=CARTESIAN_POINT('Ctrl Pts',(0.266521171413861,-2.35353841977055,2.06010551890643));
#6022=CARTESIAN_POINT('Ctrl Pts',(0.266453442772112,-2.35323263929116,2.06176660256374));
#6023=CARTESIAN_POINT('Ctrl Pts',(0.266636609881914,-2.35291797197803,2.0634453603124));
#6024=CARTESIAN_POINT('Ctrl Pts',(0.267009456615119,-2.35261008294798,2.0650645636248));
#6025=CARTESIAN_POINT('',(0.697571335964363,-2.35355125580701,1.96035405498779));
#6026=CARTESIAN_POINT('Ctrl Pts',(0.697571335923215,-2.35355125583038,1.96035405486924));
#6027=CARTESIAN_POINT('Ctrl Pts',(0.557900983033064,-2.35354824378116,2.00885086754404));
#6028=CARTESIAN_POINT('Ctrl Pts',(0.413185588140229,-2.3535439683152,2.04232778801657));
#6029=CARTESIAN_POINT('Ctrl Pts',(0.266521171413806,-2.35353841977055,2.06010551890641));
#6030=CARTESIAN_POINT('',(0.771055662076066,-2.33000336156868,2.06844705970222));
#6031=CARTESIAN_POINT('Ctrl Pts',(0.77105566207606,-2.33000336156868,2.06844705970221));
#6032=CARTESIAN_POINT('Ctrl Pts',(0.763619002224159,-2.33349980441876,2.05116879022089));
#6033=CARTESIAN_POINT('Ctrl Pts',(0.744362607451882,-2.34161252177723,2.01179417853787));
#6034=CARTESIAN_POINT('Ctrl Pts',(0.71836927788423,-2.34972482837281,1.97488763817364));
#6035=CARTESIAN_POINT('Ctrl Pts',(0.697571335836124,-2.35355125578365,1.96035405516515));
#6036=CARTESIAN_POINT('Ctrl Pts',(1.12817415628268,-2.16200000000011,2.8985174035114));
#6037=CARTESIAN_POINT('Ctrl Pts',(1.00916650794731,-2.21801036223797,2.62181746044639));
#6038=CARTESIAN_POINT('Ctrl Pts',(0.890138871078744,-2.2740148340611,2.34512393034368));
#6039=CARTESIAN_POINT('Ctrl Pts',(0.771055662076066,-2.33000336156868,2.06844705970222));
#6040=CARTESIAN_POINT('Ctrl Pts',(0.427793153190871,-2.13304034827965,2.98983470375322));
#6041=CARTESIAN_POINT('Ctrl Pts',(0.411311375423158,-2.147902666193,2.93690413033366));
#6042=CARTESIAN_POINT('Ctrl Pts',(0.393218083421265,-2.16597437772826,2.87255633194174));
#6043=CARTESIAN_POINT('Ctrl Pts',(0.355215981677604,-2.20830245329098,2.72030395888822));
#6044=CARTESIAN_POINT('Ctrl Pts',(0.329658034434021,-2.25397795124471,2.55121883163055));
#6045=CARTESIAN_POINT('Ctrl Pts',(0.297483576748923,-2.30572326878198,2.30747092400144));
#6046=CARTESIAN_POINT('Ctrl Pts',(0.270275289591859,-2.33524322957324,2.1549028924974));
#6047=CARTESIAN_POINT('Ctrl Pts',(0.254800823168045,-2.35199103204499,2.06773518391634));
#6048=CARTESIAN_POINT('Ctrl Pts',(0.461296996582118,-2.16260045118553,2.98150044454322));
#6049=CARTESIAN_POINT('Ctrl Pts',(0.444002990450183,-2.17459464233587,2.92856180730461));
#6050=CARTESIAN_POINT('Ctrl Pts',(0.424454205065079,-2.18909967510974,2.86444500225674));
#6051=CARTESIAN_POINT('Ctrl Pts',(0.382248298219621,-2.22287407219605,2.71321316920349));
#6052=CARTESIAN_POINT('Ctrl Pts',(0.348266933687036,-2.25921010658496,2.54689384825413));
#6053=CARTESIAN_POINT('Ctrl Pts',(0.305835238215172,-2.30672483416513,2.30571150790325));
#6054=CARTESIAN_POINT('Ctrl Pts',(0.275795113183648,-2.33579008405156,2.15372522292306));
#6055=CARTESIAN_POINT('Ctrl Pts',(0.258867926584937,-2.35232546057601,2.06686988313787));
#6056=CARTESIAN_POINT('Ctrl Pts',(0.503627200541211,-2.18019447880843,2.96707969017973));
#6057=CARTESIAN_POINT('Ctrl Pts',(0.484129673431306,-2.19031304089413,2.91498101555257));
#6058=CARTESIAN_POINT('Ctrl Pts',(0.461603514554909,-2.20254436286169,2.85205151944436));
#6059=CARTESIAN_POINT('Ctrl Pts',(0.41195811891973,-2.23109776233254,2.7039497997292));
#6060=CARTESIAN_POINT('Ctrl Pts',(0.367268209327626,-2.26209893489143,2.54203815957297));
#6061=CARTESIAN_POINT('Ctrl Pts',(0.314254262931476,-2.30734371966352,2.30384075235494));
#6062=CARTESIAN_POINT('Ctrl Pts',(0.281326445761796,-2.33611728800702,2.1525031226166));
#6063=CARTESIAN_POINT('Ctrl Pts',(0.262940126906054,-2.35253194554838,2.06597909539024));
#6064=CARTESIAN_POINT('Ctrl Pts',(0.5455872187402,-2.182,2.94970545499259));
#6065=CARTESIAN_POINT('Ctrl Pts',(0.523912117682443,-2.19203376928601,2.89879248576354));
#6066=CARTESIAN_POINT('Ctrl Pts',(0.498454071120007,-2.20408490211391,2.83744637964359));
#6067=CARTESIAN_POINT('Ctrl Pts',(0.441470053142986,-2.23225620259933,2.69338767443125));
#6068=CARTESIAN_POINT('Ctrl Pts',(0.386201962679029,-2.26261640513162,2.53674817224518));
#6069=CARTESIAN_POINT('Ctrl Pts',(0.322656946011791,-2.30754406541855,2.30189544143126));
#6070=CARTESIAN_POINT('Ctrl Pts',(0.286852744898409,-2.3362239112016,2.15124023394253));
#6071=CARTESIAN_POINT('Ctrl Pts',(0.267009456599985,-2.35261008296047,2.06506456355908));
#6072=CARTESIAN_POINT('',(0.254800823157202,-2.35199103202481,2.06773518401547));
#6073=CARTESIAN_POINT('Ctrl Pts',(0.397595031228217,-2.16202374303938,2.88650095767023));
#6074=CARTESIAN_POINT('Ctrl Pts',(0.392371338513771,-2.16736204261092,2.86742496722616));
#6075=CARTESIAN_POINT('Ctrl Pts',(0.384458459293207,-2.17573115472166,2.83746160035163));
#6076=CARTESIAN_POINT('Ctrl Pts',(0.355215981677604,-2.20830245329098,2.72030395888822));
#6077=CARTESIAN_POINT('Ctrl Pts',(0.329658034434021,-2.25397795124471,2.55121883163055));
#6078=CARTESIAN_POINT('Ctrl Pts',(0.297483576748923,-2.30572326878198,2.30747092400144));
#6079=CARTESIAN_POINT('Ctrl Pts',(0.270275289591859,-2.33524322957324,2.1549028924974));
#6080=CARTESIAN_POINT('Ctrl Pts',(0.254800823168045,-2.35199103204499,2.06773518391634));
#6081=CARTESIAN_POINT('Origin',(0.262610354659709,-2.15599461924189,2.02869139585477));
#6082=CARTESIAN_POINT('Ctrl Pts',(-0.331056444253789,-2.16008890778212,
-0.664415901260187));
#6083=CARTESIAN_POINT('Ctrl Pts',(-0.465174952451153,-2.2220696873989,-0.88892625249326));
#6084=CARTESIAN_POINT('Ctrl Pts',(-0.605202085033537,-2.28312772945873,
-1.11009421057985));
#6085=CARTESIAN_POINT('Ctrl Pts',(-0.746470117344545,-2.34397049524272,
-1.33048238253597));
#6086=CARTESIAN_POINT('Ctrl Pts',(-0.307153988508779,-2.1637517349774,-0.677683604977406));
#6087=CARTESIAN_POINT('Ctrl Pts',(-0.446976485864854,-2.22499514578224,
-0.899581344565593));
#6088=CARTESIAN_POINT('Ctrl Pts',(-0.590478144156158,-2.2855275063004,-1.11878309266996));
#6089=CARTESIAN_POINT('Ctrl Pts',(-0.734043868514119,-2.34601372507913,
-1.33788348737941));
#6090=CARTESIAN_POINT('Ctrl Pts',(-0.283263110608215,-2.16183559682085,
-0.6924845824027));
#6091=CARTESIAN_POINT('Ctrl Pts',(-0.428774407170488,-2.22493917042425,
-0.911061354373977));
#6092=CARTESIAN_POINT('Ctrl Pts',(-0.575755175184026,-2.28581189408785,
-1.12805535296736));
#6093=CARTESIAN_POINT('Ctrl Pts',(-0.721618095893448,-2.34650821664512,
-1.34571184857603));
#6094=CARTESIAN_POINT('Ctrl Pts',(-0.261377384955871,-2.15450038546875,
-0.707583765914497));
#6095=CARTESIAN_POINT('Ctrl Pts',(-0.411197284475593,-2.22183486107451,
-0.922959873649119));
#6096=CARTESIAN_POINT('Ctrl Pts',(-0.561491118034971,-2.28396985749692,
-1.13762256478729));
#6097=CARTESIAN_POINT('Ctrl Pts',(-0.709488926887814,-2.34544218536127,
-1.35378090289474));
#6098=CARTESIAN_POINT('',(-0.709488926887815,-2.34544218536127,-1.35378090289474));
#6099=CARTESIAN_POINT('Origin',(-0.746470117344546,-2.15118229714562,-1.38370559809527));
#6100=CARTESIAN_POINT('Ctrl Pts',(-0.709488926887814,-2.34544218536127,
-1.35378090289474));
#6101=CARTESIAN_POINT('Ctrl Pts',(-0.567001518147717,-2.2862586557232,-1.14567078482454));
#6102=CARTESIAN_POINT('Ctrl Pts',(-0.422385877437517,-2.22646088512906,
-0.938947012331084));
#6103=CARTESIAN_POINT('Ctrl Pts',(-0.278113938977826,-2.1620001860479,-0.73163819871732));
#6104=CARTESIAN_POINT('Ctrl Pts',(-0.714538420460214,-2.34770100861516,
-1.36220087501706));
#6105=CARTESIAN_POINT('Ctrl Pts',(-0.713045559858687,-2.34696910214413,
-1.35929889519301));
#6106=CARTESIAN_POINT('Ctrl Pts',(-0.711342638731727,-2.34621214258665,
-1.35648834346306));
#6107=CARTESIAN_POINT('Ctrl Pts',(-0.709488926899562,-2.34544218536615,
-1.3537809029119));
#6108=CARTESIAN_POINT('Ctrl Pts',(-0.726610406129091,-2.34904657601881,
-1.35615855972478));
#6109=CARTESIAN_POINT('Ctrl Pts',(-0.725138030148592,-2.34821784724341,
-1.3525572786396));
#6110=CARTESIAN_POINT('Ctrl Pts',(-0.723454174095578,-2.34736746554844,
-1.34907037946075));
#6111=CARTESIAN_POINT('Ctrl Pts',(-0.721618095905083,-2.34650821665057,
-1.34571184859728));
#6112=CARTESIAN_POINT('Ctrl Pts',(-0.738936389171249,-2.34904657601879,
-1.35032493121405));
#6113=CARTESIAN_POINT('Ctrl Pts',(-0.737497120999248,-2.34805726446627,
-1.34603379850972));
#6114=CARTESIAN_POINT('Ctrl Pts',(-0.735846645498426,-2.347041228486,-1.34188129707736));
#6115=CARTESIAN_POINT('Ctrl Pts',(-0.734043868525543,-2.34601372508563,
-1.33788348740469));
#6116=CARTESIAN_POINT('Ctrl Pts',(-0.751262723836053,-2.3477010086151,-1.3448200346835));
#6117=CARTESIAN_POINT('Ctrl Pts',(-0.749856602401045,-2.34649065945795,
-1.33986833411634));
#6118=CARTESIAN_POINT('Ctrl Pts',(-0.748239536950725,-2.34524061489802,
-1.3350830831362));
#6119=CARTESIAN_POINT('Ctrl Pts',(-0.746470117355759,-2.34397049525075,
-1.33048238256503));
#6120=CARTESIAN_POINT('',(-0.751262723836054,-2.3477010086151,-1.3448200346835));
#6121=CARTESIAN_POINT('Ctrl Pts',(-0.746470117355759,-2.34397049525075,
-1.33048238256503));
#6122=CARTESIAN_POINT('Ctrl Pts',(-0.748239536950725,-2.34524061489802,
-1.3350830831362));
#6123=CARTESIAN_POINT('Ctrl Pts',(-0.749856602401045,-2.34649065945795,
-1.33986833411634));
#6124=CARTESIAN_POINT('Ctrl Pts',(-0.751262723836053,-2.3477010086151,-1.3448200346835));
#6125=CARTESIAN_POINT('',(-0.714538420460691,-2.34770100861521,-1.3622008750168));
#6126=CARTESIAN_POINT('Origin',(-0.751262723836055,-2.15342060516906,-1.39230818938384));
#6127=CARTESIAN_POINT('Ctrl Pts',(-0.714538420460214,-2.34770100861516,
-1.36220087501706));
#6128=CARTESIAN_POINT('Ctrl Pts',(-0.713045559858687,-2.34696910214413,
-1.35929889519301));
#6129=CARTESIAN_POINT('Ctrl Pts',(-0.711342638731727,-2.34621214258665,
-1.35648834346306));
#6130=CARTESIAN_POINT('Ctrl Pts',(-0.709488926899562,-2.34544218536615,
-1.3537809029119));
#6131=CARTESIAN_POINT('Ctrl Pts',(-0.784322640679576,-2.362,-1.46354042143435));
#6132=CARTESIAN_POINT('Ctrl Pts',(-0.761326677312374,-2.362,-1.42903307424127));
#6133=CARTESIAN_POINT('Ctrl Pts',(-0.737860313335443,-2.35718312977955,
-1.39494076154714));
#6134=CARTESIAN_POINT('Ctrl Pts',(-0.714538420460396,-2.34770100861525,
-1.36220087501741));
#6135=CARTESIAN_POINT('Ctrl Pts',(-0.784322640679576,-2.362,-1.46354042143435));
#6136=CARTESIAN_POINT('Ctrl Pts',(-0.765350515530398,-2.361996365208,-1.42720105750954));
#6137=CARTESIAN_POINT('Ctrl Pts',(-0.745999708996741,-2.35763625150789,
-1.39116631293658));
#6138=CARTESIAN_POINT('Ctrl Pts',(-0.72661040612927,-2.34904657601891,-1.35615855972522));
#6139=CARTESIAN_POINT('Ctrl Pts',(-0.784322640679576,-2.362,-1.46354042143435));
#6140=CARTESIAN_POINT('Ctrl Pts',(-0.76937043930866,-2.361996365208,-1.42537026907522));
#6141=CARTESIAN_POINT('Ctrl Pts',(-0.754142464031589,-2.35763625150789,
-1.38738857844744));
#6142=CARTESIAN_POINT('Ctrl Pts',(-0.738936389171424,-2.34904657601891,
-1.35032493121457));
#6143=CARTESIAN_POINT('Ctrl Pts',(-0.784322640679576,-2.362,-1.46354042143435));
#6144=CARTESIAN_POINT('Ctrl Pts',(-0.773395082941681,-2.362,-1.42353842369206));
#6145=CARTESIAN_POINT('Ctrl Pts',(-0.762278564793765,-2.35718312977955,
-1.38361266280282));
#6146=CARTESIAN_POINT('Ctrl Pts',(-0.751262723836224,-2.34770100861525,
-1.3448200346841));
#6147=CARTESIAN_POINT('Ctrl Pts',(-0.751262723836224,-2.34770100861525,
-1.3448200346841));
#6148=CARTESIAN_POINT('Ctrl Pts',(-0.762278564793765,-2.35718312977955,
-1.38361266280282));
#6149=CARTESIAN_POINT('Ctrl Pts',(-0.773395082941681,-2.362,-1.42353842369206));
#6150=CARTESIAN_POINT('Ctrl Pts',(-0.784322640679576,-2.362,-1.46354042143435));
#6151=CARTESIAN_POINT('Ctrl Pts',(-0.784322640679576,-2.362,-1.46354042143435));
#6152=CARTESIAN_POINT('Ctrl Pts',(-0.761326677312374,-2.362,-1.42903307424127));
#6153=CARTESIAN_POINT('Ctrl Pts',(-0.737860313335443,-2.35718312977955,
-1.39494076154714));
#6154=CARTESIAN_POINT('Ctrl Pts',(-0.714538420460396,-2.34770100861525,
-1.36220087501741));
#6155=CARTESIAN_POINT('Origin',(-0.431189732595015,-1.862,-1.46354042143436));
#6156=CARTESIAN_POINT('Ctrl Pts',(-0.255456309094565,-2.15153715448474,
-3.05547996029963));
#6157=CARTESIAN_POINT('Ctrl Pts',(-0.366171643624522,-2.21812141676279,
-2.8159449796837));
#6158=CARTESIAN_POINT('Ctrl Pts',(-0.481123419110424,-2.28235560665332,
-2.57767182604675));
#6159=CARTESIAN_POINT('Ctrl Pts',(-0.591651516827727,-2.34436120867039,
-2.33755551266567));
#6160=CARTESIAN_POINT('Ctrl Pts',(-0.280946286430472,-2.16089091384676,
-3.06779636749833));
#6161=CARTESIAN_POINT('Ctrl Pts',(-0.388198544550178,-2.2235498254311,-2.82607751670048));
#6162=CARTESIAN_POINT('Ctrl Pts',(-0.498601960207257,-2.28514354276919,
-2.585504242213));
#6163=CARTESIAN_POINT('Ctrl Pts',(-0.607480136827826,-2.34592220064906,
-2.34433606813938));
#6164=CARTESIAN_POINT('Ctrl Pts',(-0.308979988728692,-2.16398954894471,
-3.07955111663556));
#6165=CARTESIAN_POINT('Ctrl Pts',(-0.411403044528425,-2.22473397879236,
-2.83562928054075));
#6166=CARTESIAN_POINT('Ctrl Pts',(-0.516681815342327,-2.28523758458695,
-2.59291075426184));
#6167=CARTESIAN_POINT('Ctrl Pts',(-0.62368992317571,-2.34529536810981,-2.35072718158178));
#6168=CARTESIAN_POINT('Ctrl Pts',(-0.33683557543995,-2.16053220794791,-3.08960291882598));
#6169=CARTESIAN_POINT('Ctrl Pts',(-0.434438693960134,-2.22165932488448,
-2.84405301128575));
#6170=CARTESIAN_POINT('Ctrl Pts',(-0.534635106635433,-2.28263945356597,
-2.59959511384044));
#6171=CARTESIAN_POINT('Ctrl Pts',(-0.639741141601364,-2.34250158258023,
-2.35651604926586));
#6172=CARTESIAN_POINT('',(-0.591651516827726,-2.34436120867039,-2.33755551266567));
#6173=CARTESIAN_POINT('Ctrl Pts',(-0.272912862789775,-2.16199587420867,
-3.0177952581361));
#6174=CARTESIAN_POINT('Ctrl Pts',(-0.378219141631967,-2.2248541378194,-2.79094250725316));
#6175=CARTESIAN_POINT('Ctrl Pts',(-0.486921208585995,-2.2856081318865,-2.56507644203684));
#6176=CARTESIAN_POINT('Ctrl Pts',(-0.591651516827727,-2.34436120867039,
-2.33755551266567));
#6177=CARTESIAN_POINT('Origin',(-0.625568368174537,-2.15030094954797,-2.30305532391172));
#6178=CARTESIAN_POINT('Ctrl Pts',(-0.591651516909835,-2.34436120871645,
-2.33755551248729));
#6179=CARTESIAN_POINT('Ctrl Pts',(-0.593428331996996,-2.34535799136064,
-2.33369547780777));
#6180=CARTESIAN_POINT('Ctrl Pts',(-0.594981943562381,-2.34633237198121,
-2.32973989075507));
#6181=CARTESIAN_POINT('Ctrl Pts',(-0.596224055032581,-2.34726648156127,
-2.32571797213572));
#6182=CARTESIAN_POINT('Ctrl Pts',(-0.607480136899659,-2.34592220069898,
-2.34433606792448));
#6183=CARTESIAN_POINT('Ctrl Pts',(-0.609032849411484,-2.34700320536794,
-2.33967848994123));
#6184=CARTESIAN_POINT('Ctrl Pts',(-0.610348589540811,-2.3480674369954,-2.33489174353694));
#6185=CARTESIAN_POINT('Ctrl Pts',(-0.611339567353714,-2.34909634450357,
-2.33000537638205));
#6186=CARTESIAN_POINT('Ctrl Pts',(-0.623689923236139,-2.34529536816954,
-2.35072718133137));
#6187=CARTESIAN_POINT('Ctrl Pts',(-0.624993872157932,-2.34659054338159,
-2.3452944323965));
#6188=CARTESIAN_POINT('Ctrl Pts',(-0.626049086530893,-2.34786485534305,
-2.33969711543476));
#6189=CARTESIAN_POINT('Ctrl Pts',(-0.626768782728255,-2.34909634450342,
-2.33396471143132));
#6190=CARTESIAN_POINT('Ctrl Pts',(-0.639741141651085,-2.34250158265532,
-2.35651604898272));
#6191=CARTESIAN_POINT('Ctrl Pts',(-0.640811528520059,-2.34413252071332,
-2.35036877589161));
#6192=CARTESIAN_POINT('Ctrl Pts',(-0.641620145534815,-2.34573028431806,
-2.34401543816528));
#6193=CARTESIAN_POINT('Ctrl Pts',(-0.642081028462929,-2.34726648156084,
-2.33748546113297));
#6194=CARTESIAN_POINT('',(-0.596224055036267,-2.34726648156169,-2.32571797213695));
#6195=CARTESIAN_POINT('Origin',(-0.629586998797041,-2.1531598889365,-2.29093946321179));
#6196=CARTESIAN_POINT('Ctrl Pts',(-0.591651516909835,-2.34436120871645,
-2.33755551248729));
#6197=CARTESIAN_POINT('Ctrl Pts',(-0.593428331996996,-2.34535799136064,
-2.33369547780777));
#6198=CARTESIAN_POINT('Ctrl Pts',(-0.594981943562381,-2.34633237198121,
-2.32973989075507));
#6199=CARTESIAN_POINT('Ctrl Pts',(-0.596224055032581,-2.34726648156127,
-2.32571797213572));
#6200=CARTESIAN_POINT('Ctrl Pts',(-0.649013975191645,-2.362,-2.21050354680623));
#6201=CARTESIAN_POINT('Ctrl Pts',(-0.647362002368385,-2.362,-2.25312495852086));
#6202=CARTESIAN_POINT('Ctrl Pts',(-0.645013154074957,-2.35703972983617,
-2.29594191126081));
#6203=CARTESIAN_POINT('Ctrl Pts',(-0.642081028462977,-2.34726648156101,
-2.33748546113226));
#6204=CARTESIAN_POINT('Ctrl Pts',(-0.649013975191644,-2.362,-2.21050354680623));
#6205=CARTESIAN_POINT('Ctrl Pts',(-0.642281298771382,-2.36199441915622,
-2.25197339247429));
#6206=CARTESIAN_POINT('Ctrl Pts',(-0.634783446104155,-2.3576705701939,-2.29347135748244));
#6207=CARTESIAN_POINT('Ctrl Pts',(-0.626768782728001,-2.34909634450349,
-2.33396471143108));
#6208=CARTESIAN_POINT('Ctrl Pts',(-0.649013975191644,-2.362,-2.21050354680623));
#6209=CARTESIAN_POINT('Ctrl Pts',(-0.637199696093494,-2.36199441915622,
-2.25081938436493));
#6210=CARTESIAN_POINT('Ctrl Pts',(-0.62455113767735,-2.3576705701939,-2.29099934916473));
#6211=CARTESIAN_POINT('Ctrl Pts',(-0.611339567353156,-2.34909634450349,
-2.33000537638228));
#6212=CARTESIAN_POINT('Ctrl Pts',(-0.649013975191644,-2.362,-2.21050354680623));
#6213=CARTESIAN_POINT('Ctrl Pts',(-0.632120396810348,-2.362,-2.24966884726763));
#6214=CARTESIAN_POINT('Ctrl Pts',(-0.614315878921826,-2.35703972983617,
-2.28852674518378));
#6215=CARTESIAN_POINT('Ctrl Pts',(-0.596224055031735,-2.34726648156101,
-2.32571797213639));
#6216=CARTESIAN_POINT('Ctrl Pts',(-0.596224055031735,-2.34726648156101,
-2.32571797213639));
#6217=CARTESIAN_POINT('Ctrl Pts',(-0.614315878921826,-2.35703972983617,
-2.28852674518378));
#6218=CARTESIAN_POINT('Ctrl Pts',(-0.632120396810348,-2.362,-2.24966884726763));
#6219=CARTESIAN_POINT('Ctrl Pts',(-0.649013975191644,-2.362,-2.21050354680623));
#6220=CARTESIAN_POINT('Ctrl Pts',(-0.596224055037409,-2.34726648156204,
-2.32571797213607));
#6221=CARTESIAN_POINT('Ctrl Pts',(-0.360235531844584,-2.34175607921844,
-2.13008950455734));
#6222=CARTESIAN_POINT('Ctrl Pts',(-0.0587544378576053,-2.34654925466029,
-2.032335164842));
#6223=CARTESIAN_POINT('Ctrl Pts',(0.254800823371247,-2.35199103200722,-2.06773518407709));
#6224=CARTESIAN_POINT('Ctrl Pts',(-0.623475454484329,-2.35704030123981,
-2.29731031585906));
#6225=CARTESIAN_POINT('Ctrl Pts',(-0.383394294535432,-2.35517096028691,
-2.08812458720744));
#6226=CARTESIAN_POINT('Ctrl Pts',(-0.059879426412339,-2.35680564065283,
-1.9899916451007));
#6227=CARTESIAN_POINT('Ctrl Pts',(0.261221390312633,-2.35864132559646,-2.03563553058435));
#6228=CARTESIAN_POINT('Ctrl Pts',(-0.651552616012565,-2.362,-2.26804186102313));
#6229=CARTESIAN_POINT('Ctrl Pts',(-0.407572808576163,-2.36200389324181,
-2.04455613631348));
#6230=CARTESIAN_POINT('Ctrl Pts',(-0.0609548004949736,-2.36200260713388,
-1.94642103198458));
#6231=CARTESIAN_POINT('Ctrl Pts',(0.267772933276776,-2.362,-2.00288106187285));
#6232=CARTESIAN_POINT('Ctrl Pts',(-0.679631414448426,-2.362,-2.23877169982678));
#6233=CARTESIAN_POINT('Ctrl Pts',(-0.431754103325777,-2.362,-2.00098356435506));
#6234=CARTESIAN_POINT('Ctrl Pts',(-0.0620300135603393,-2.362,-1.90284811394852));
#6235=CARTESIAN_POINT('Ctrl Pts',(0.274324652106287,-2.362,-1.97012571392164));
#6236=CARTESIAN_POINT('',(0.254800823379348,-2.35199103202735,-2.06773518397764));
#6237=CARTESIAN_POINT('Ctrl Pts',(-0.596224055037409,-2.34726648156204,
-2.32571797213607));
#6238=CARTESIAN_POINT('Ctrl Pts',(-0.360235531844584,-2.34175607921844,
-2.13008950455734));
#6239=CARTESIAN_POINT('Ctrl Pts',(-0.0587544378576053,-2.34654925466029,
-2.032335164842));
#6240=CARTESIAN_POINT('Ctrl Pts',(0.254800823371247,-2.35199103200722,-2.06773518407709));
#6241=CARTESIAN_POINT('',(0.25497941466543,-2.35353841977069,-2.0596683746264));
#6242=CARTESIAN_POINT('Ctrl Pts',(0.25497941466543,-2.35353841977069,-2.0596683746264));
#6243=CARTESIAN_POINT('Ctrl Pts',(0.254695037096518,-2.35302873869865,-2.06240045178421));
#6244=CARTESIAN_POINT('Ctrl Pts',(0.25465251642174,-2.35250423852207,-2.06512926777107));
#6245=CARTESIAN_POINT('Ctrl Pts',(0.254800823414025,-2.35199103205153,-2.06773518386321));
#6246=CARTESIAN_POINT('Ctrl Pts',(0.264060438757792,-2.362,-1.96811942949511));
#6247=CARTESIAN_POINT('Ctrl Pts',(0.261165552135003,-2.362,-1.99878398863756));
#6248=CARTESIAN_POINT('Ctrl Pts',(0.258114146288722,-2.35915670176256,-2.02955232610474));
#6249=CARTESIAN_POINT('Ctrl Pts',(0.254979414665428,-2.35353841977069,-2.05966837462639));
#6250=CARTESIAN_POINT('Ctrl Pts',(-0.280017612704561,-2.162,-3.05700802650102));
#6251=CARTESIAN_POINT('Ctrl Pts',(-0.283883215148027,-2.16426179800057,
-3.04808521514647));
#6252=CARTESIAN_POINT('Ctrl Pts',(-0.291614420034958,-2.1687853940017,-3.03023959243739));
#6253=CARTESIAN_POINT('Ctrl Pts',(-0.303211227365355,-2.1755707880034,-3.00347115837377));
#6254=CARTESIAN_POINT('Ctrl Pts',(-0.314808034695751,-2.18235618200509,
-2.97670272431014));
#6255=CARTESIAN_POINT('Ctrl Pts',(-0.338001649356545,-2.19592697000849,
-2.9231658561829));
#6256=CARTESIAN_POINT('Ctrl Pts',(-0.434641710443184,-2.25247192002263,
-2.70009557231936));
#6257=CARTESIAN_POINT('Ctrl Pts',(-0.527416169086357,-2.30675507203621,
-2.48594809981037));
#6258=CARTESIAN_POINT('Ctrl Pts',(-0.604728217955668,-2.35199103204753,
-2.30749187271955));
#6259=CARTESIAN_POINT('Ctrl Pts',(-0.27021826849751,-2.162,-2.97977321815619));
#6260=CARTESIAN_POINT('Ctrl Pts',(-0.273622685092854,-2.16426179800057,
-2.97124013142827));
#6261=CARTESIAN_POINT('Ctrl Pts',(-0.280433457912876,-2.1687853940017,-2.95416811945138));
#6262=CARTESIAN_POINT('Ctrl Pts',(-0.290648363604811,-2.1755707880034,-2.92856387478873));
#6263=CARTESIAN_POINT('Ctrl Pts',(-0.300863360983564,-2.18235618200509,
-2.90295935413756));
#6264=CARTESIAN_POINT('Ctrl Pts',(-0.321293811476176,-2.19592697000849,
-2.85174894101692));
#6265=CARTESIAN_POINT('Ctrl Pts',(-0.406423230965688,-2.25247192002263,
-2.63836456663539));
#6266=CARTESIAN_POINT('Ctrl Pts',(-0.488200445355613,-2.30675507203621,
-2.43335611600676));
#6267=CARTESIAN_POINT('Ctrl Pts',(-0.556288777262493,-2.35199103204753,
-2.26269438144828));
#6268=CARTESIAN_POINT('Ctrl Pts',(-0.200989177219146,-2.162,-2.83207462499559));
#6269=CARTESIAN_POINT('Ctrl Pts',(-0.203946410551905,-2.16426179800057,
-2.82433468435691));
#6270=CARTESIAN_POINT('Ctrl Pts',(-0.209862759577968,-2.1687853940017,-2.80885928168732));
#6271=CARTESIAN_POINT('Ctrl Pts',(-0.218736066590472,-2.1755707880034,-2.78564328326111));
#6272=CARTESIAN_POINT('Ctrl Pts',(-0.227609462582684,-2.18235618200509,
-2.76242749653995));
#6273=CARTESIAN_POINT('Ctrl Pts',(-0.245356696846344,-2.19592697000849,
-2.71599697539082));
#6274=CARTESIAN_POINT('Ctrl Pts',(-0.319305973648153,-2.25247192002263,
-2.52254234109453));
#6275=CARTESIAN_POINT('Ctrl Pts',(-0.39034868703531,-2.30675507203621,-2.33694820387856));
#6276=CARTESIAN_POINT('Ctrl Pts',(-0.449493353690498,-2.35199103204753,
-2.18214939110496));
#6277=CARTESIAN_POINT('Ctrl Pts',(0.0366634441500755,-2.162,-2.69797199565738));
#6278=CARTESIAN_POINT('Ctrl Pts',(0.0332934208002782,-2.16426179800057,
-2.69069448680319));
#6279=CARTESIAN_POINT('Ctrl Pts',(0.0265567549743062,-2.1687853940017,-2.67613640303015));
#6280=CARTESIAN_POINT('Ctrl Pts',(0.0164495712540109,-2.1755707880034,-2.65430125889808));
#6281=CARTESIAN_POINT('Ctrl Pts',(0.0063425473485547,-2.18235618200509,
-2.63246596983228));
#6282=CARTESIAN_POINT('Ctrl Pts',(-0.0138707060926462,-2.19592697000849,
-2.58879467129846));
#6283=CARTESIAN_POINT('Ctrl Pts',(-0.0980881638326858,-2.25247192002263,
-2.40682690845609));
#6284=CARTESIAN_POINT('Ctrl Pts',(-0.178844590902281,-2.30675507203621,
-2.23205412126513));
#6285=CARTESIAN_POINT('Ctrl Pts',(-0.246245057898227,-2.35199103204753,
-2.08650394418119));
#6286=CARTESIAN_POINT('Ctrl Pts',(0.340333547510978,-2.162,-2.76440504158282));
#6287=CARTESIAN_POINT('Ctrl Pts',(0.336237747983483,-2.16426179800057,-2.75575905567399));
#6288=CARTESIAN_POINT('Ctrl Pts',(0.328040523351587,-2.1687853940017,-2.73846736529003));
#6289=CARTESIAN_POINT('Ctrl Pts',(0.315748322085499,-2.1755707880034,-2.71252964782992));
#6290=CARTESIAN_POINT('Ctrl Pts',(0.303455854896822,-2.18235618200509,-2.68659194367326));
#6291=CARTESIAN_POINT('Ctrl Pts',(0.278869598734509,-2.19592697000849,-2.63471660148558));
#6292=CARTESIAN_POINT('Ctrl Pts',(0.176419490803271,-2.25247192002263,-2.41856971126929));
#6293=CARTESIAN_POINT('Ctrl Pts',(0.0779137515156028,-2.30675507203621,
-2.21107638267426));
#6294=CARTESIAN_POINT('Ctrl Pts',(-0.00400223903431341,-2.35199103204753,
-2.0381566644977));
#6295=CARTESIAN_POINT('Ctrl Pts',(0.453505026926792,-2.162,-2.96028274053442));
#6296=CARTESIAN_POINT('Ctrl Pts',(0.450132754364473,-2.16426179800057,-2.94945547114202));
#6297=CARTESIAN_POINT('Ctrl Pts',(0.443402787641647,-2.1687853940017,-2.92780439519746));
#6298=CARTESIAN_POINT('Ctrl Pts',(0.433298415869571,-2.1755707880034,-2.89532554332614));
#6299=CARTESIAN_POINT('Ctrl Pts',(0.423194733222614,-2.18235618200509,-2.86284685514424));
#6300=CARTESIAN_POINT('Ctrl Pts',(0.402990793268461,-2.19592697000849,-2.79789029240901));
#6301=CARTESIAN_POINT('Ctrl Pts',(0.318826819275999,-2.25247192002263,-2.52724248671782));
#6302=CARTESIAN_POINT('Ctrl Pts',(0.238427543424692,-2.30675507203621,-2.26751516414035));
#6303=CARTESIAN_POINT('Ctrl Pts',(0.170982092178302,-2.35199103204753,-2.0509697762924));
#6304=CARTESIAN_POINT('Ctrl Pts',(0.464781001046479,-2.162,-3.06347380169987));
#6305=CARTESIAN_POINT('Ctrl Pts',(0.462281237026762,-2.16426179800057,-3.05161977053533));
#6306=CARTESIAN_POINT('Ctrl Pts',(0.457281708987326,-2.1687853940017,-3.02791170820625));
#6307=CARTESIAN_POINT('Ctrl Pts',(0.449782416928173,-2.1755707880034,-2.99234961471263));
#6308=CARTESIAN_POINT('Ctrl Pts',(0.44228312486902,-2.18235618200509,-2.95678752121901));
#6309=CARTESIAN_POINT('Ctrl Pts',(0.427284540750713,-2.19592697000849,-2.88566333423177));
#6310=CARTESIAN_POINT('Ctrl Pts',(0.36479044025777,-2.25247192002263,-2.58931255511827));
#6311=CARTESIAN_POINT('Ctrl Pts',(0.304796103784544,-2.30675507203621,-2.30481580716931));
#6312=CARTESIAN_POINT('Ctrl Pts',(0.25480082339019,-2.35199103204753,-2.06773518387851));
#6313=CARTESIAN_POINT('Ctrl Pts',(0.25480082339019,-2.35199103204753,-2.06773518387851));
#6314=CARTESIAN_POINT('Ctrl Pts',(0.272111663169606,-2.33325574789309,-2.16524718834423));
#6315=CARTESIAN_POINT('Ctrl Pts',(0.301697718393379,-2.30056308011432,-2.33597398276414));
#6316=CARTESIAN_POINT('Ctrl Pts',(0.327240163380575,-2.25665929961442,-2.5350772638931));
#6317=CARTESIAN_POINT('Ctrl Pts',(0.349949963864458,-2.21769839073573,-2.68567576434567));
#6318=CARTESIAN_POINT('Ctrl Pts',(0.370520812658003,-2.1905283950462,-2.78456787747034));
#6319=CARTESIAN_POINT('Ctrl Pts',(0.389869455252276,-2.16976379635165,-2.85898669592464));
#6320=CARTESIAN_POINT('Ctrl Pts',(0.396960784142234,-2.16254048810732,-2.8848028246427));
#6321=CARTESIAN_POINT('Ctrl Pts',(0.397442532123955,-2.16205144713648,-2.88655034080989));
#6322=CARTESIAN_POINT('Ctrl Pts',(0.589305299830522,-2.162,-3.05099619597183));
#6323=CARTESIAN_POINT('Ctrl Pts',(0.559572125014643,-2.17546574688635,-2.98291990005018));
#6324=CARTESIAN_POINT('Ctrl Pts',(0.520514718649452,-2.19341345010051,-2.89189104349395));
#6325=CARTESIAN_POINT('Ctrl Pts',(0.465068104804834,-2.22040858316667,-2.75405737879291));
#6326=CARTESIAN_POINT('Ctrl Pts',(0.430236742733994,-2.23846023695165,-2.66135233818839));
#6327=CARTESIAN_POINT('Ctrl Pts',(0.382774541341823,-2.26567936857837,-2.52059227466552));
#6328=CARTESIAN_POINT('Ctrl Pts',(0.329024196048108,-2.3021843032003,-2.33010382704624));
#6329=CARTESIAN_POINT('Ctrl Pts',(0.289207571772172,-2.33427934466777,-2.16146680343849));
#6330=CARTESIAN_POINT('Ctrl Pts',(0.267009456820063,-2.35261008296205,-2.06506456352438));
#6331=CARTESIAN_POINT('Ctrl Pts',(0.543234435472901,-2.15999971923856,-3.07057910230767));
#6332=CARTESIAN_POINT('Ctrl Pts',(0.516152748963931,-2.17354152137427,-3.00108756288123));
#6333=CARTESIAN_POINT('Ctrl Pts',(0.480945682691443,-2.19170967112924,-2.90795612641232));
#6334=CARTESIAN_POINT('Ctrl Pts',(0.432397754015907,-2.21904927438069,-2.76634281706713));
#6335=CARTESIAN_POINT('Ctrl Pts',(0.402859118941454,-2.23742334276524,-2.67081124019111));
#6336=CARTESIAN_POINT('Ctrl Pts',(0.364156324083625,-2.26511296892494,-2.5259103366222));
#6337=CARTESIAN_POINT('Ctrl Pts',(0.319942409564394,-2.30196894300403,-2.33211374327023));
#6338=CARTESIAN_POINT('Ctrl Pts',(0.283508372336254,-2.33416934103179,-2.1627710320328));
#6339=CARTESIAN_POINT('Ctrl Pts',(0.262940127126824,-2.35253194555022,-2.06597909535448));
#6340=CARTESIAN_POINT('Ctrl Pts',(0.49673904466714,-2.13867949010967,-3.0865266098937));
#6341=CARTESIAN_POINT('Ctrl Pts',(0.472331858838671,-2.15472705586942,-3.01609644583375));
#6342=CARTESIAN_POINT('Ctrl Pts',(0.441035473803998,-2.17628009839953,-2.92146709936708));
#6343=CARTESIAN_POINT('Ctrl Pts',(0.399479711790532,-2.20865782859693,-2.77696287201507));
#6344=CARTESIAN_POINT('Ctrl Pts',(0.375307936375769,-2.23030822135604,-2.67915438711517));
#6345=CARTESIAN_POINT('Ctrl Pts',(0.345460181621818,-2.26208854439469,-2.53078172917048));
#6346=CARTESIAN_POINT('Ctrl Pts',(0.310843384208629,-2.30142978077873,-2.33406823541226));
#6347=CARTESIAN_POINT('Ctrl Pts',(0.277803882795042,-2.33382781121119,-2.16403244959402));
#6348=CARTESIAN_POINT('Ctrl Pts',(0.258867926806397,-2.35232546057817,-2.06686988310106));
#6349=CARTESIAN_POINT('Ctrl Pts',(0.461923417801396,-2.10358967448891,-3.09468705424356));
#6350=CARTESIAN_POINT('Ctrl Pts',(0.438175810502692,-2.12330369827491,-3.02449944596174));
#6351=CARTESIAN_POINT('Ctrl Pts',(0.408303276082947,-2.14998096713812,-2.92988692363482));
#6352=CARTESIAN_POINT('Ctrl Pts',(0.370520812658003,-2.1905283950462,-2.78456787747034));
#6353=CARTESIAN_POINT('Ctrl Pts',(0.349949963864458,-2.21769839073573,-2.68567576434567));
#6354=CARTESIAN_POINT('Ctrl Pts',(0.327240163380575,-2.25665929961442,-2.5350772638931));
#6355=CARTESIAN_POINT('Ctrl Pts',(0.301697718393379,-2.30056308011432,-2.33597398276414));
#6356=CARTESIAN_POINT('Ctrl Pts',(0.272111663169606,-2.33325574789309,-2.16524718834423));
#6357=CARTESIAN_POINT('Ctrl Pts',(0.25480082339019,-2.35199103204753,-2.06773518387851));
#6358=CARTESIAN_POINT('',(0.267009456820063,-2.35261008296205,-2.06506456352438));
#6359=CARTESIAN_POINT('Ctrl Pts',(0.589305299830522,-2.162,-3.05099619597183));
#6360=CARTESIAN_POINT('Ctrl Pts',(0.559572125014643,-2.17546574688635,-2.98291990005018));
#6361=CARTESIAN_POINT('Ctrl Pts',(0.520514718649452,-2.19341345010051,-2.89189104349395));
#6362=CARTESIAN_POINT('Ctrl Pts',(0.465068104804834,-2.22040858316667,-2.75405737879291));
#6363=CARTESIAN_POINT('Ctrl Pts',(0.430236742733994,-2.23846023695165,-2.66135233818839));
#6364=CARTESIAN_POINT('Ctrl Pts',(0.382774541341823,-2.26567936857837,-2.52059227466552));
#6365=CARTESIAN_POINT('Ctrl Pts',(0.329024196048108,-2.3021843032003,-2.33010382704624));
#6366=CARTESIAN_POINT('Ctrl Pts',(0.289207571772172,-2.33427934466777,-2.16146680343849));
#6367=CARTESIAN_POINT('Ctrl Pts',(0.267009456820063,-2.35261008296205,-2.06506456352438));
#6368=CARTESIAN_POINT('Origin',(0.262610354875913,-2.15599461924341,-2.02869139582084));
#6369=CARTESIAN_POINT('Ctrl Pts',(0.2670094568352,-2.35261008294956,-2.0650645635901));
#6370=CARTESIAN_POINT('Ctrl Pts',(0.266636610102934,-2.35291797197914,-2.06344536028009));
#6371=CARTESIAN_POINT('Ctrl Pts',(0.266453442993605,-2.35323263929177,-2.06176660253406));
#6372=CARTESIAN_POINT('Ctrl Pts',(0.266521171635057,-2.35353841977069,-2.06010551887928));
#6373=CARTESIAN_POINT('Ctrl Pts',(0.262940127144861,-2.35253194554268,-2.06597909539308));
#6374=CARTESIAN_POINT('Ctrl Pts',(0.262642158877363,-2.35289929744362,-2.06402906193037));
#6375=CARTESIAN_POINT('Ctrl Pts',(0.262534248903048,-2.35327731745934,-2.06199884698571));
#6376=CARTESIAN_POINT('Ctrl Pts',(0.262674227329848,-2.3536477685957,-2.05997995236194));
#6377=CARTESIAN_POINT('Ctrl Pts',(0.258867926827348,-2.35232546057613,-2.06686988311263));
#6378=CARTESIAN_POINT('Ctrl Pts',(0.258645040787575,-2.35276130576181,-2.06459068987215));
#6379=CARTESIAN_POINT('Ctrl Pts',(0.25861253571366,-2.35320931280212,-2.0622102450853));
#6380=CARTESIAN_POINT('Ctrl Pts',(0.258824835809931,-2.3536477685957,-2.05983415658886));
#6381=CARTESIAN_POINT('Ctrl Pts',(0.254800823414025,-2.35199103205153,-2.06773518386321));
#6382=CARTESIAN_POINT('Ctrl Pts',(0.25465251642174,-2.35250423852207,-2.06512926777107));
#6383=CARTESIAN_POINT('Ctrl Pts',(0.254695037096518,-2.35302873869865,-2.06240045178421));
#6384=CARTESIAN_POINT('Ctrl Pts',(0.25497941466543,-2.35353841977069,-2.0596683746264));
#6385=CARTESIAN_POINT('',(0.266521171635003,-2.3535384197707,-2.06010551887928));
#6386=CARTESIAN_POINT('Origin',(0.262119657671977,-2.15692305186241,-2.0237321250711));
#6387=CARTESIAN_POINT('Ctrl Pts',(0.2670094568352,-2.35261008294956,-2.0650645635901));
#6388=CARTESIAN_POINT('Ctrl Pts',(0.266636610102934,-2.35291797197914,-2.06344536028009));
#6389=CARTESIAN_POINT('Ctrl Pts',(0.266453442993605,-2.35323263929177,-2.06176660253406));
#6390=CARTESIAN_POINT('Ctrl Pts',(0.266521171635057,-2.35353841977069,-2.06010551887928));
#6391=CARTESIAN_POINT('Ctrl Pts',(0.264060438757792,-2.362,-1.96811942949511));
#6392=CARTESIAN_POINT('Ctrl Pts',(0.261165552135003,-2.362,-1.99878398863756));
#6393=CARTESIAN_POINT('Ctrl Pts',(0.258114146288722,-2.35915670176256,-2.02955232610474));
#6394=CARTESIAN_POINT('Ctrl Pts',(0.254979414665428,-2.35353841977069,-2.05966837462639));
#6395=CARTESIAN_POINT('Ctrl Pts',(0.264060438757792,-2.362,-1.96811942949511));
#6396=CARTESIAN_POINT('Ctrl Pts',(0.262440915806233,-2.36199974855499,-1.9988246849972));
#6397=CARTESIAN_POINT('Ctrl Pts',(0.260681862389173,-2.35919425862889,-2.02964199167535));
#6398=CARTESIAN_POINT('Ctrl Pts',(0.258824835809929,-2.3536477685957,-2.05983415658886));
#6399=CARTESIAN_POINT('Ctrl Pts',(0.264060438757792,-2.362,-1.96811942949511));
#6400=CARTESIAN_POINT('Ctrl Pts',(0.263716561871733,-2.36199974855499,-1.99886549325924));
#6401=CARTESIAN_POINT('Ctrl Pts',(0.263249591899039,-2.35919425862889,-2.02973167561172));
#6402=CARTESIAN_POINT('Ctrl Pts',(0.262674227329846,-2.3536477685957,-2.05997995236194));
#6403=CARTESIAN_POINT('Ctrl Pts',(0.264060438757793,-2.362,-1.96811942949511));
#6404=CARTESIAN_POINT('Ctrl Pts',(0.264991940699015,-2.362,-1.99890624258275));
#6405=CARTESIAN_POINT('Ctrl Pts',(0.265817249360461,-2.35915670176256,-2.0298212329825));
#6406=CARTESIAN_POINT('Ctrl Pts',(0.266521171635055,-2.35353841977069,-2.06010551887929));
#6407=CARTESIAN_POINT('Ctrl Pts',(0.266521171635055,-2.35353841977069,-2.06010551887929));
#6408=CARTESIAN_POINT('Ctrl Pts',(0.265817249360461,-2.35915670176256,-2.0298212329825));
#6409=CARTESIAN_POINT('Ctrl Pts',(0.264991940699015,-2.362,-1.99890624258275));
#6410=CARTESIAN_POINT('Ctrl Pts',(0.264060438757793,-2.362,-1.96811942949511));
#6411=CARTESIAN_POINT('Ctrl Pts',(0.266521171635002,-2.3535384197707,-2.06010551887927));
#6412=CARTESIAN_POINT('Ctrl Pts',(0.413185588346492,-2.35354396831532,-2.04232778797531));
#6413=CARTESIAN_POINT('Ctrl Pts',(0.557900983222974,-2.35354824378126,-2.0088508674917));
#6414=CARTESIAN_POINT('Ctrl Pts',(0.697571336096485,-2.35355125583046,-1.96035405480889));
#6415=CARTESIAN_POINT('Ctrl Pts',(0.262894836750056,-2.35916350840081,-2.03013807859465));
#6416=CARTESIAN_POINT('Ctrl Pts',(0.407426429266844,-2.3591653766518,-2.01262809293214));
#6417=CARTESIAN_POINT('Ctrl Pts',(0.550039036216963,-2.35916682139782,-1.97964497824026));
#6418=CARTESIAN_POINT('Ctrl Pts',(0.687680321944083,-2.35916783556968,-1.93185796819849));
#6419=CARTESIAN_POINT('Ctrl Pts',(0.259206147095861,-2.362,-1.99965534866272));
#6420=CARTESIAN_POINT('Ctrl Pts',(0.401568266485462,-2.36199999775402,-1.98241805783982));
#6421=CARTESIAN_POINT('Ctrl Pts',(0.542042065739476,-2.36200000121738,-1.94993748535173));
#6422=CARTESIAN_POINT('Ctrl Pts',(0.677619494107581,-2.362,-1.90287264707936));
#6423=CARTESIAN_POINT('Ctrl Pts',(0.255517386727305,-2.362,-1.96917203435882));
#6424=CARTESIAN_POINT('Ctrl Pts',(0.395709985619836,-2.362,-1.95220744521985));
#6425=CARTESIAN_POINT('Ctrl Pts',(0.53404494784654,-2.362,-1.92022942227789));
#6426=CARTESIAN_POINT('Ctrl Pts',(0.667558473984978,-2.362,-1.87388677198252));
#6427=CARTESIAN_POINT('',(0.697571336137633,-2.35355125580709,-1.96035405492744));
#6428=CARTESIAN_POINT('Ctrl Pts',(0.266521171635002,-2.3535384197707,-2.06010551887927));
#6429=CARTESIAN_POINT('Ctrl Pts',(0.413185588346492,-2.35354396831532,-2.04232778797531));
#6430=CARTESIAN_POINT('Ctrl Pts',(0.557900983222974,-2.35354824378126,-2.0088508674917));
#6431=CARTESIAN_POINT('Ctrl Pts',(0.697571336096485,-2.35355125583046,-1.96035405480889));
#6432=CARTESIAN_POINT('Ctrl Pts',(0.630649429896683,-2.362,-1.88629327966261));
#6433=CARTESIAN_POINT('Ctrl Pts',(0.652728366036922,-2.362,-1.91119286711856));
#6434=CARTESIAN_POINT('Ctrl Pts',(0.675141436880137,-2.3592073405575,-1.93598564621016));
#6435=CARTESIAN_POINT('Ctrl Pts',(0.697571335759576,-2.3535512558294,-1.96035405493185));
#6436=CARTESIAN_POINT('Ctrl Pts',(0.474327682779921,-2.162,-3.07033589931327));
#6437=CARTESIAN_POINT('Ctrl Pts',(0.404874031019122,-2.22585041861015,-2.73359165066052));
#6438=CARTESIAN_POINT('Ctrl Pts',(0.335420379258323,-2.2897008372203,-2.39684740200778));
#6439=CARTESIAN_POINT('Ctrl Pts',(0.265966727497525,-2.35355125583046,-2.06010315335503));
#6440=CARTESIAN_POINT('Ctrl Pts',(0.697659884203831,-2.162,-3.0370704842197));
#6441=CARTESIAN_POINT('Ctrl Pts',(0.606841142091093,-2.22585041861015,-2.70500492778691));
#6442=CARTESIAN_POINT('Ctrl Pts',(0.516023515520679,-2.2897008372203,-2.3729422654275));
#6443=CARTESIAN_POINT('Ctrl Pts',(0.425204773407941,-2.35355125583046,-2.04087670899471));
#6444=CARTESIAN_POINT('Ctrl Pts',(0.917339806598336,-2.162,-2.97934275247702));
#6445=CARTESIAN_POINT('Ctrl Pts',(0.805625295430008,-2.22585041861015,-2.65392812878351));
#6446=CARTESIAN_POINT('Ctrl Pts',(0.693911960862579,-2.2897008372203,-2.32851636880332));
#6447=CARTESIAN_POINT('Ctrl Pts',(0.58219744969425,-2.35355125583046,-2.00310174510981));
#6448=CARTESIAN_POINT('Ctrl Pts',(1.12817415626604,-2.162,-2.89851740351772));
#6449=CARTESIAN_POINT('Ctrl Pts',(0.996367672282373,-2.22585041861015,-2.5816068653564));
#6450=CARTESIAN_POINT('Ctrl Pts',(0.864561188298702,-2.2897008372203,-2.26469632719507));
#6451=CARTESIAN_POINT('Ctrl Pts',(0.732754704315031,-2.35355125583046,-1.94778578903374));
#6452=CARTESIAN_POINT('',(0.771055662299216,-2.33000336154461,-2.06844705975916));
#6453=CARTESIAN_POINT('Ctrl Pts',(0.771055662299216,-2.33000336154461,-2.06844705975916));
#6454=CARTESIAN_POINT('Ctrl Pts',(0.890138871221901,-2.27401483404498,-2.34512393038378));
#6455=CARTESIAN_POINT('Ctrl Pts',(1.00916650763568,-2.21801036212571,-2.62181746057215));
#6456=CARTESIAN_POINT('Ctrl Pts',(1.12817415626626,-2.16200000000006,-2.89851740351767));
#6457=CARTESIAN_POINT('Ctrl Pts',(0.69757133600939,-2.35355125578372,-1.9603540551048));
#6458=CARTESIAN_POINT('Ctrl Pts',(0.718369278078147,-2.34972482836907,-1.97488763812657));
#6459=CARTESIAN_POINT('Ctrl Pts',(0.744362607661884,-2.34161252176457,-2.01179417853473));
#6460=CARTESIAN_POINT('Ctrl Pts',(0.763619002443949,-2.33349980439813,-2.05116879025947));
#6461=CARTESIAN_POINT('Ctrl Pts',(0.771055662299211,-2.33000336154462,-2.06844705975914));
#6462=CARTESIAN_POINT('Ctrl Pts',(1.20037816087235,-2.14627233311951,-2.8644732281715));
#6463=CARTESIAN_POINT('Ctrl Pts',(1.08149096446517,-2.20229154366253,-2.58767619892082));
#6464=CARTESIAN_POINT('Ctrl Pts',(0.962615914299123,-2.25830503094132,-2.31087279286104));
#6465=CARTESIAN_POINT('Ctrl Pts',(0.84377309847637,-2.31430332951586,-2.03405247477459));
#6466=CARTESIAN_POINT('Ctrl Pts',(1.17806017793966,-2.15678848475387,-2.87618733125135));
#6467=CARTESIAN_POINT('Ctrl Pts',(1.0591320296649,-2.21282712319106,-2.59941070400284));
#6468=CARTESIAN_POINT('Ctrl Pts',(0.940206377772705,-2.26886407190434,-2.32263232605214));
#6469=CARTESIAN_POINT('Ctrl Pts',(0.821287027867541,-2.32489868344622,-2.04584940414527));
#6470=CARTESIAN_POINT('Ctrl Pts',(1.15333525536576,-2.1621695354596,-2.88789597909123));
#6471=CARTESIAN_POINT('Ctrl Pts',(1.03435730147739,-2.2182085320006,-2.61113969780118));
#6472=CARTESIAN_POINT('Ctrl Pts',(0.915370285268724,-2.27424590061106,-2.3343863077779));
#6473=CARTESIAN_POINT('Ctrl Pts',(0.796357784530592,-2.3302810228055,-2.05764067489999));
#6474=CARTESIAN_POINT('Ctrl Pts',(1.12822721836835,-2.16197502658274,-2.89864077610092));
#6475=CARTESIAN_POINT('Ctrl Pts',(1.00920188831139,-2.21799371493158,-2.6218997070549));
#6476=CARTESIAN_POINT('Ctrl Pts',(0.890156569819764,-2.27400651281781,-2.34516505114896));
#6477=CARTESIAN_POINT('Ctrl Pts',(0.771055662299216,-2.33000336154461,-2.06844705975916));
#6478=CARTESIAN_POINT('',(0.84377309847639,-2.31430332951585,-2.03405247477459));
#6479=CARTESIAN_POINT('Ctrl Pts',(1.16699996181058,-2.16200001799472,-2.78676006424087));
#6480=CARTESIAN_POINT('Ctrl Pts',(1.0592411637744,-2.21277556807478,-2.53586619874293));
#6481=CARTESIAN_POINT('Ctrl Pts',(0.951493889477587,-2.26354568821116,-2.28496628410367));
#6482=CARTESIAN_POINT('Ctrl Pts',(0.84377309847637,-2.31430332951586,-2.03405247477459));
#6483=CARTESIAN_POINT('Origin',(0.75852363104448,-2.13338199770953,-2.03405247477459));
#6484=CARTESIAN_POINT('Ctrl Pts',(0.69757133600939,-2.35355125578372,-1.9603540551048));
#6485=CARTESIAN_POINT('Ctrl Pts',(0.718369278078147,-2.34972482836907,-1.97488763812657));
#6486=CARTESIAN_POINT('Ctrl Pts',(0.744362607661884,-2.34161252176457,-2.01179417853473));
#6487=CARTESIAN_POINT('Ctrl Pts',(0.763619002443949,-2.33349980439813,-2.05116879025947));
#6488=CARTESIAN_POINT('Ctrl Pts',(0.771055662299211,-2.33000336154462,-2.06844705975914));
#6489=CARTESIAN_POINT('Ctrl Pts',(0.705926286354336,-2.35503849321638,-1.94899936269157));
#6490=CARTESIAN_POINT('Ctrl Pts',(0.731301004650877,-2.35090172268258,-1.9636255019424));
#6491=CARTESIAN_POINT('Ctrl Pts',(0.763227175407166,-2.34235278270819,-2.00071805069662));
#6492=CARTESIAN_POINT('Ctrl Pts',(0.787099198786271,-2.33390625236661,-2.04028051788598));
#6493=CARTESIAN_POINT('Ctrl Pts',(0.796357784530575,-2.3302810228055,-2.05764067489998));
#6494=CARTESIAN_POINT('Ctrl Pts',(0.714190148831632,-2.35503849320592,-1.93738344979094));
#6495=CARTESIAN_POINT('Ctrl Pts',(0.744105993260314,-2.35004485633052,-1.95200699073135));
#6496=CARTESIAN_POINT('Ctrl Pts',(0.781873938047252,-2.33966429119939,-1.98904280466089));
#6497=CARTESIAN_POINT('Ctrl Pts',(0.810255147813692,-2.3293409806326,-2.02852621711245));
#6498=CARTESIAN_POINT('Ctrl Pts',(0.821287027867514,-2.32489868344622,-2.04584940414526));
#6499=CARTESIAN_POINT('Ctrl Pts',(0.722177365348523,-2.35355125575257,-1.92576714197321));
#6500=CARTESIAN_POINT('Ctrl Pts',(0.756429260332862,-2.34717347684031,-1.94038775520743));
#6501=CARTESIAN_POINT('Ctrl Pts',(0.799430852282079,-2.33365246190719,-1.97736607086201));
#6502=CARTESIAN_POINT('Ctrl Pts',(0.83140552412399,-2.32013088515255,-2.01676781599666));
#6503=CARTESIAN_POINT('Ctrl Pts',(0.843773098476335,-2.31430332951588,-2.03405247477457));
#6504=CARTESIAN_POINT('',(0.722177365348524,-2.35355125575257,-1.92576714197321));
#6505=CARTESIAN_POINT('Ctrl Pts',(0.843773098476335,-2.31430332951588,-2.03405247477457));
#6506=CARTESIAN_POINT('Ctrl Pts',(0.83140552412399,-2.32013088515255,-2.01676781599666));
#6507=CARTESIAN_POINT('Ctrl Pts',(0.799430852282079,-2.33365246190719,-1.97736607086201));
#6508=CARTESIAN_POINT('Ctrl Pts',(0.756429260332862,-2.34717347684031,-1.94038775520743));
#6509=CARTESIAN_POINT('Ctrl Pts',(0.722177365348523,-2.35355125575257,-1.92576714197321));
#6510=CARTESIAN_POINT('Origin',(0.685566191167788,-2.15693075345154,-1.92576714197321));
#6511=CARTESIAN_POINT('Ctrl Pts',(0.722177364935888,-2.3535512558294,-1.92576714179708));
#6512=CARTESIAN_POINT('Ctrl Pts',(0.69180133219809,-2.3592073405575,-1.91280096216327));
#6513=CARTESIAN_POINT('Ctrl Pts',(0.661157036143499,-2.362,-1.89958819740023));
#6514=CARTESIAN_POINT('Ctrl Pts',(0.630649429896684,-2.362,-1.88629327966261));
#6515=CARTESIAN_POINT('Ctrl Pts',(0.714190148471498,-2.35503849326604,-1.9373834496155));
#6516=CARTESIAN_POINT('Ctrl Pts',(0.686249066270189,-2.35972886977103,-1.92052987802123));
#6517=CARTESIAN_POINT('Ctrl Pts',(0.658347479441307,-2.362,-1.90345642063968));
#6518=CARTESIAN_POINT('Ctrl Pts',(0.630649429896684,-2.362,-1.88629327966261));
#6519=CARTESIAN_POINT('Ctrl Pts',(0.705926286049154,-2.35503849326604,-1.94899936251681));
#6520=CARTESIAN_POINT('Ctrl Pts',(0.680694614141728,-2.35972886977103,-1.92825914196337));
#6521=CARTESIAN_POINT('Ctrl Pts',(0.655537922739114,-2.362,-1.90732464387912));
#6522=CARTESIAN_POINT('Ctrl Pts',(0.630649429896683,-2.362,-1.88629327966261));
#6523=CARTESIAN_POINT('Ctrl Pts',(0.697571335759576,-2.3535512558294,-1.96035405493185));
#6524=CARTESIAN_POINT('Ctrl Pts',(0.675141436880137,-2.3592073405575,-1.93598564621016));
#6525=CARTESIAN_POINT('Ctrl Pts',(0.652728366036922,-2.362,-1.91119286711856));
#6526=CARTESIAN_POINT('Ctrl Pts',(0.630649429896683,-2.362,-1.88629327966261));
#6527=CARTESIAN_POINT('Ctrl Pts',(0.722177364935888,-2.3535512558294,-1.92576714179708));
#6528=CARTESIAN_POINT('Ctrl Pts',(0.69180133219809,-2.3592073405575,-1.91280096216327));
#6529=CARTESIAN_POINT('Ctrl Pts',(0.661157036143499,-2.362,-1.89958819740023));
#6530=CARTESIAN_POINT('Ctrl Pts',(0.630649429896684,-2.362,-1.88629327966261));
#6531=CARTESIAN_POINT('Origin',(0.630649429896684,-1.862,-2.33060514405537));
#6532=CARTESIAN_POINT('',(0.843773098476411,-2.31430332951585,-1.56854119915328));
#6533=CARTESIAN_POINT('',(0.84377309847641,-2.31430332951585,-2.33060514405537));
#6534=CARTESIAN_POINT('',(0.726453993813947,-2.35273565749049,-1.686657370031));
#6535=CARTESIAN_POINT('Origin',(0.630649429896685,-1.862,-0.178452693640406));
#6536=CARTESIAN_POINT('Origin',(0.630649429896684,-1.862,-1.74414010838136));
#6537=CARTESIAN_POINT('Origin',(1.167,-2.162,-2.88333333904505));
#6538=CARTESIAN_POINT('',(0.828313180636257,-2.32158798605278,-1.6058550866037));
#6539=CARTESIAN_POINT('Ctrl Pts',(0.433523925791142,-2.11467999181574,-0.661301203917684));
#6540=CARTESIAN_POINT('Ctrl Pts',(0.432621960918138,-2.12941652846756,-0.709018133885105));
#6541=CARTESIAN_POINT('Ctrl Pts',(0.434815484522057,-2.1591435086319,-0.805149458629672));
#6542=CARTESIAN_POINT('Ctrl Pts',(0.451943746401137,-2.20117811832185,-0.948993325067317));
#6543=CARTESIAN_POINT('Ctrl Pts',(0.479631161369171,-2.24764357834967,-1.1364878751123));
#6544=CARTESIAN_POINT('Ctrl Pts',(0.50705123374693,-2.29585099881135,-1.36759079094949));
#6545=CARTESIAN_POINT('Ctrl Pts',(0.525406550926408,-2.33292675344885,-1.55257820144442));
#6546=CARTESIAN_POINT('Ctrl Pts',(0.534206309456386,-2.3512636323252,-1.64502255563729));
#6547=CARTESIAN_POINT('Ctrl Pts',(0.468379364429898,-2.14369381515903,-0.66103892052149));
#6548=CARTESIAN_POINT('Ctrl Pts',(0.466599018803179,-2.15506883826884,-0.708720283896101));
#6549=CARTESIAN_POINT('Ctrl Pts',(0.466221092761464,-2.17787572443209,-0.804561380354544));
#6550=CARTESIAN_POINT('Ctrl Pts',(0.476548256948439,-2.21078946562138,-0.94784366276701));
#6551=CARTESIAN_POINT('Ctrl Pts',(0.495350239925117,-2.25079503852418,-1.13535203650663));
#6552=CARTESIAN_POINT('Ctrl Pts',(0.516653761914129,-2.29705112658595,-1.366888481574));
#6553=CARTESIAN_POINT('Ctrl Pts',(0.532412513078172,-2.33356484654987,-1.55204379672655));
#6554=CARTESIAN_POINT('Ctrl Pts',(0.54017314268425,-2.35172471150152,-1.64456815672518));
#6555=CARTESIAN_POINT('Ctrl Pts',(0.513058741303636,-2.16069322023375,-0.664644706993646));
#6556=CARTESIAN_POINT('Ctrl Pts',(0.508639441087782,-2.16983769128679,-0.711639045151633));
#6557=CARTESIAN_POINT('Ctrl Pts',(0.502452340945015,-2.18823530324391,-0.806004271104788));
#6558=CARTESIAN_POINT('Ctrl Pts',(0.502867834929367,-2.21584900526473,-0.947596714889127));
#6559=CARTESIAN_POINT('Ctrl Pts',(0.51133008145909,-2.25235460090994,-1.13450313881692));
#6560=CARTESIAN_POINT('Ctrl Pts',(0.526345276587132,-2.29763110636733,-1.36630108904404));
#6561=CARTESIAN_POINT('Ctrl Pts',(0.539455493120973,-2.33384584567755,-1.55157691878745));
#6562=CARTESIAN_POINT('Ctrl Pts',(0.546164231842364,-2.35192124668709,-1.64416392252115));
#6563=CARTESIAN_POINT('Ctrl Pts',(0.557894659357384,-2.162,-0.671338369608077));
#6564=CARTESIAN_POINT('Ctrl Pts',(0.55078151407573,-2.17096020059506,-0.717234825376728));
#6565=CARTESIAN_POINT('Ctrl Pts',(0.538711360807832,-2.18894006809364,-0.809332338665616));
#6566=CARTESIAN_POINT('Ctrl Pts',(0.529177495006095,-2.21606866680964,-0.94829201014003));
#6567=CARTESIAN_POINT('Ctrl Pts',(0.527297515545066,-2.25231678122026,-1.1339641903657));
#6568=CARTESIAN_POINT('Ctrl Pts',(0.536028963533898,-2.29758406322237,-1.36583487050674));
#6569=CARTESIAN_POINT('Ctrl Pts',(0.546498486283903,-2.33376833468691,-1.55118003071542));
#6570=CARTESIAN_POINT('Ctrl Pts',(0.552155327557281,-2.35185244239131,-1.64381148919284));
#6571=CARTESIAN_POINT('',(0.534206309456463,-2.35126363232521,-1.64502255563728));
#6572=CARTESIAN_POINT('Ctrl Pts',(0.43793378940594,-2.16198948468411,-0.815994576226248));
#6573=CARTESIAN_POINT('Ctrl Pts',(0.441393012707254,-2.17527007900761,-0.860355548914006));
#6574=CARTESIAN_POINT('Ctrl Pts',(0.452467867449882,-2.20205770659935,-0.952542585275142));
#6575=CARTESIAN_POINT('Ctrl Pts',(0.479631161369171,-2.24764357834967,-1.1364878751123));
#6576=CARTESIAN_POINT('Ctrl Pts',(0.50705123374693,-2.29585099881135,-1.36759079094949));
#6577=CARTESIAN_POINT('Ctrl Pts',(0.525406550926408,-2.33292675344885,-1.55257820144442));
#6578=CARTESIAN_POINT('Ctrl Pts',(0.534206309456386,-2.3512636323252,-1.64502255563729));
#6579=CARTESIAN_POINT('',(0.552155327557282,-2.35185244239131,-1.64381148919284));
#6580=CARTESIAN_POINT('Origin',(0.552155327557282,-2.15555817939512,-1.68213331475974));
#6581=CARTESIAN_POINT('Ctrl Pts',(0.552155327557281,-2.35185244239131,-1.64381148919284));
#6582=CARTESIAN_POINT('Ctrl Pts',(0.546498486283903,-2.33376833468691,-1.55118003071542));
#6583=CARTESIAN_POINT('Ctrl Pts',(0.536028963533898,-2.29758406322237,-1.36583487050674));
#6584=CARTESIAN_POINT('Ctrl Pts',(0.527297515545066,-2.25231678122026,-1.1339641903657));
#6585=CARTESIAN_POINT('Ctrl Pts',(0.529177495006095,-2.21606866680964,-0.94829201014003));
#6586=CARTESIAN_POINT('Ctrl Pts',(0.538711360475652,-2.18894006903885,-0.809332343507263));
#6587=CARTESIAN_POINT('Ctrl Pts',(0.550781512814081,-2.17096020247443,-0.717234835003342));
#6588=CARTESIAN_POINT('Ctrl Pts',(0.557894657126851,-2.16200000280973,-0.671338384000239));
#6589=CARTESIAN_POINT('Ctrl Pts',(0.552795916776586,-2.35273565749049,-1.6483355444641));
#6590=CARTESIAN_POINT('Ctrl Pts',(0.552456483315551,-2.35244562596427,-1.64684992826907));
#6591=CARTESIAN_POINT('Ctrl Pts',(0.552248138101617,-2.35214914434896,-1.64533127305606));
#6592=CARTESIAN_POINT('Ctrl Pts',(0.552155327557282,-2.35185244239132,-1.64381148919288));
#6593=CARTESIAN_POINT('Ctrl Pts',(0.547241592651446,-2.35297431387233,-1.6495580039344));
#6594=CARTESIAN_POINT('Ctrl Pts',(0.546754938482243,-2.35262624630268,-1.64777510319408));
#6595=CARTESIAN_POINT('Ctrl Pts',(0.54640026842392,-2.35227284646498,-1.64596492427719));
#6596=CARTESIAN_POINT('Ctrl Pts',(0.546164231842366,-2.3519212466871,-1.64416392252119));
#6597=CARTESIAN_POINT('Ctrl Pts',(0.541687273444828,-2.35297431387233,-1.65082705431114));
#6598=CARTESIAN_POINT('Ctrl Pts',(0.541053399021422,-2.35256171652501,-1.64874813701617));
#6599=CARTESIAN_POINT('Ctrl Pts',(0.540552404496688,-2.35214234525247,-1.6466482019765));
#6600=CARTESIAN_POINT('Ctrl Pts',(0.540173142684253,-2.35172471150153,-1.64456815672522));
#6601=CARTESIAN_POINT('Ctrl Pts',(0.536153183708596,-2.35273565749049,-1.65213807469046));
#6602=CARTESIAN_POINT('Ctrl Pts',(0.535373174876751,-2.35225227161346,-1.64976536125908));
#6603=CARTESIAN_POINT('Ctrl Pts',(0.53472720027509,-2.35175813558794,-1.64737840898936));
#6604=CARTESIAN_POINT('Ctrl Pts',(0.534206309456389,-2.35126363232521,-1.64502255563734));
#6605=CARTESIAN_POINT('',(0.536153183708595,-2.35273565749049,-1.65213807469045));
#6606=CARTESIAN_POINT('Ctrl Pts',(0.534206309456389,-2.35126363232521,-1.64502255563734));
#6607=CARTESIAN_POINT('Ctrl Pts',(0.53472720027509,-2.35175813558794,-1.64737840898936));
#6608=CARTESIAN_POINT('Ctrl Pts',(0.535373174876751,-2.35225227161346,-1.64976536125908));
#6609=CARTESIAN_POINT('Ctrl Pts',(0.536153183708596,-2.35273565749049,-1.65213807469046));
#6610=CARTESIAN_POINT('',(0.552795916776585,-2.35273565749049,-1.6483355444641));
#6611=CARTESIAN_POINT('Origin',(0.552795916776585,-2.15644139449429,-1.686657370031));
#6612=CARTESIAN_POINT('Ctrl Pts',(0.552795916776586,-2.35273565749049,-1.6483355444641));
#6613=CARTESIAN_POINT('Ctrl Pts',(0.552456483315551,-2.35244562596427,-1.64684992826907));
#6614=CARTESIAN_POINT('Ctrl Pts',(0.552248138101617,-2.35214914434896,-1.64533127305606));
#6615=CARTESIAN_POINT('Ctrl Pts',(0.552155327557282,-2.35185244239132,-1.64381148919288));
#6616=CARTESIAN_POINT('Ctrl Pts',(0.565757022731794,-2.362,-1.74414010838136));
#6617=CARTESIAN_POINT('Ctrl Pts',(0.56147098821858,-2.362,-1.71204275450043));
#6618=CARTESIAN_POINT('Ctrl Pts',(0.55711299290858,-2.35888358888749,-1.6798268329054));
#6619=CARTESIAN_POINT('Ctrl Pts',(0.552795916776581,-2.35273565749049,-1.6483355444641));
#6620=CARTESIAN_POINT('Ctrl Pts',(0.565757022731794,-2.362,-1.74414010838136));
#6621=CARTESIAN_POINT('Ctrl Pts',(0.559656195000637,-2.36199940611285,-1.71244657983482));
#6622=CARTESIAN_POINT('Ctrl Pts',(0.553433413484391,-2.35896352004901,-1.68065646733775));
#6623=CARTESIAN_POINT('Ctrl Pts',(0.547241592651441,-2.35297431387233,-1.6495580039344));
#6624=CARTESIAN_POINT('Ctrl Pts',(0.565757022731794,-2.362,-1.74414010838136));
#6625=CARTESIAN_POINT('Ctrl Pts',(0.557840713978036,-2.36199940611285,-1.71285070011905));
#6626=CARTESIAN_POINT('Ctrl Pts',(0.549753504529778,-2.35896352004901,-1.68148608123681));
#6627=CARTESIAN_POINT('Ctrl Pts',(0.541687273444823,-2.35297431387233,-1.65082705431114));
#6628=CARTESIAN_POINT('Ctrl Pts',(0.565757022731794,-2.362,-1.74414010838136));
#6629=CARTESIAN_POINT('Ctrl Pts',(0.556025968620605,-2.362,-1.7132545647745));
#6630=CARTESIAN_POINT('Ctrl Pts',(0.546073706866326,-2.35888358888749,-1.68231537215378));
#6631=CARTESIAN_POINT('Ctrl Pts',(0.536153183708592,-2.35273565749049,-1.65213807469046));
#6632=CARTESIAN_POINT('Ctrl Pts',(0.536153183708592,-2.35273565749049,-1.65213807469046));
#6633=CARTESIAN_POINT('Ctrl Pts',(0.546073706866326,-2.35888358888749,-1.68231537215378));
#6634=CARTESIAN_POINT('Ctrl Pts',(0.556025968620605,-2.362,-1.7132545647745));
#6635=CARTESIAN_POINT('Ctrl Pts',(0.565757022731794,-2.362,-1.74414010838136));
#6636=CARTESIAN_POINT('Ctrl Pts',(0.565757022731794,-2.362,-1.74414010838136));
#6637=CARTESIAN_POINT('Ctrl Pts',(0.56147098821858,-2.362,-1.71204275450043));
#6638=CARTESIAN_POINT('Ctrl Pts',(0.55711299290858,-2.35888358888749,-1.6798268329054));
#6639=CARTESIAN_POINT('Ctrl Pts',(0.552795916776581,-2.35273565749049,-1.6483355444641));
#6640=CARTESIAN_POINT('Ctrl Pts',(0.534206309456472,-2.35126363232521,-1.6450225556373));
#6641=CARTESIAN_POINT('Ctrl Pts',(0.351351757988999,-2.34927242259495,-1.72296138309263));
#6642=CARTESIAN_POINT('Ctrl Pts',(-0.120565773402456,-2.34360013022389,
-1.78142315733919));
#6643=CARTESIAN_POINT('Ctrl Pts',(-0.541494890601418,-2.34520027984789,
-1.55713890311384));
#6644=CARTESIAN_POINT('Ctrl Pts',(-0.714538420460828,-2.34770100861526,
-1.36220087501693));
#6645=CARTESIAN_POINT('Ctrl Pts',(0.548948314663136,-2.35839548462385,-1.6755026075895));
#6646=CARTESIAN_POINT('Ctrl Pts',(0.36177938173489,-2.35772320319848,-1.75887514276));
#6647=CARTESIAN_POINT('Ctrl Pts',(-0.127521191829603,-2.35579609761662,
-1.82826810778859));
#6648=CARTESIAN_POINT('Ctrl Pts',(-0.567804965393981,-2.35634006792041,
-1.59132845150137));
#6649=CARTESIAN_POINT('Ctrl Pts',(-0.74455347839864,-2.35718797170792,-1.38680781652435));
#6650=CARTESIAN_POINT('Ctrl Pts',(0.564013351948367,-2.362,-1.70665054931647));
#6651=CARTESIAN_POINT('Ctrl Pts',(0.372496653527467,-2.36200102359666,-1.79570247980287));
#6652=CARTESIAN_POINT('Ctrl Pts',(-0.134665513224045,-2.36200402393003,
-1.87689550217129));
#6653=CARTESIAN_POINT('Ctrl Pts',(-0.59504676244112,-2.36200171443485,-1.62665295124158));
#6654=CARTESIAN_POINT('Ctrl Pts',(-0.775450480518695,-2.362,-1.41213779341456));
#6655=CARTESIAN_POINT('Ctrl Pts',(0.579078854708712,-2.362,-1.73779945344342));
#6656=CARTESIAN_POINT('Ctrl Pts',(0.383214435088735,-2.362,-1.83253138823033));
#6657=CARTESIAN_POINT('Ctrl Pts',(-0.141810177940674,-2.362,-1.92552762589883));
#6658=CARTESIAN_POINT('Ctrl Pts',(-0.622290706547122,-2.362,-1.66198002547839));
#6659=CARTESIAN_POINT('Ctrl Pts',(-0.806349178900427,-2.362,-1.43746916093383));
#6660=CARTESIAN_POINT('Ctrl Pts',(0.534206309456472,-2.35126363232521,-1.6450225556373));
#6661=CARTESIAN_POINT('Ctrl Pts',(0.351351757988999,-2.34927242259495,-1.72296138309263));
#6662=CARTESIAN_POINT('Ctrl Pts',(-0.120565773402456,-2.34360013022389,
-1.78142315733919));
#6663=CARTESIAN_POINT('Ctrl Pts',(-0.541494890601418,-2.34520027984789,
-1.55713890311384));
#6664=CARTESIAN_POINT('Ctrl Pts',(-0.714538420460828,-2.34770100861526,
-1.36220087501693));
#6665=CARTESIAN_POINT('Ctrl Pts',(0.466911628083686,-2.162,-0.6794790776633));
#6666=CARTESIAN_POINT('Ctrl Pts',(0.489343188541281,-2.22508787744174,-1.00132690365463));
#6667=CARTESIAN_POINT('Ctrl Pts',(0.511774748998876,-2.28817575488347,-1.32317472964597));
#6668=CARTESIAN_POINT('Ctrl Pts',(0.534206309456471,-2.35126363232521,-1.6450225556373));
#6669=CARTESIAN_POINT('Ctrl Pts',(0.464532550037634,-2.162,-0.789044979982004));
#6670=CARTESIAN_POINT('Ctrl Pts',(0.448590642979332,-2.22508787744174,-1.09330104696498));
#6671=CARTESIAN_POINT('Ctrl Pts',(0.433571069753929,-2.28817575488347,-1.3971502804937));
#6672=CARTESIAN_POINT('Ctrl Pts',(0.417629162695627,-2.35126363232521,-1.70140634747667));
#6673=CARTESIAN_POINT('Ctrl Pts',(0.357630062178829,-2.162,-1.00488447759697));
#6674=CARTESIAN_POINT('Ctrl Pts',(0.292093540223974,-2.22508787744174,-1.26040052089945));
#6675=CARTESIAN_POINT('Ctrl Pts',(0.226246172659254,-2.28817575488347,-1.51622207674387));
#6676=CARTESIAN_POINT('Ctrl Pts',(0.160709650704399,-2.35126363232521,-1.77173812004635));
#6677=CARTESIAN_POINT('Ctrl Pts',(0.00519230878937012,-2.162,-1.08911098036907));
#6678=CARTESIAN_POINT('Ctrl Pts',(-0.0773367749434215,-2.22508787744174,
-1.3016170157805));
#6679=CARTESIAN_POINT('Ctrl Pts',(-0.159452249788318,-2.28817575488347,
-1.51391560913745));
#6680=CARTESIAN_POINT('Ctrl Pts',(-0.241981333521109,-2.35126363232521,
-1.72642164454888));
#6681=CARTESIAN_POINT('Ctrl Pts',(-0.235837662488327,-2.162,-0.908300508531492));
#6682=CARTESIAN_POINT('Ctrl Pts',(-0.336975012452903,-2.22508787744174,
-1.1272944337273));
#6683=CARTESIAN_POINT('Ctrl Pts',(-0.438559969873666,-2.28817575488347,
-1.34645342206383));
#6684=CARTESIAN_POINT('Ctrl Pts',(-0.539697319838242,-2.35126363232521,
-1.56544734725963));
#6685=CARTESIAN_POINT('Ctrl Pts',(-0.279695836330985,-2.162,-0.745296411733494));
#6686=CARTESIAN_POINT('Ctrl Pts',(-0.413615252101032,-2.22508787744174,
-0.972044153704292));
#6687=CARTESIAN_POINT('Ctrl Pts',(-0.546978669389624,-2.28817575488347,
-1.1985367043782));
#6688=CARTESIAN_POINT('Ctrl Pts',(-0.680898085159671,-2.35126363232521,
-1.425284446349));
#6689=CARTESIAN_POINT('Ctrl Pts',(-0.282506397195702,-2.162,-0.690572673845434));
#6690=CARTESIAN_POINT('Ctrl Pts',(-0.429361329488752,-2.22508787744174,
-0.918644351795266));
#6691=CARTESIAN_POINT('Ctrl Pts',(-0.576216261781803,-2.28817575488347,
-1.1467160297451));
#6692=CARTESIAN_POINT('Ctrl Pts',(-0.723071194074854,-2.35126363232521,
-1.37478770769493));
#6693=CARTESIAN_POINT('Origin',(0.743063713204367,-2.14066665424644,-1.6058550866037));
#6694=CARTESIAN_POINT('',(0.75852363104452,-2.3296762607057,-1.53021937358638));
#6695=CARTESIAN_POINT('Origin',(0.75852363104452,-2.13338199770951,-1.56854119915328));
#6696=CARTESIAN_POINT('',(0.743063713204367,-2.33696091724264,-1.56753326103679));
#6697=CARTESIAN_POINT('Ctrl Pts',(0.75852363104452,-2.3296762607057,-1.53021937358638));
#6698=CARTESIAN_POINT('Ctrl Pts',(0.736131095493943,-2.34022754125995,-1.58426575079891));
#6699=CARTESIAN_POINT('Ctrl Pts',(0.712427403190491,-2.34799258583165,-1.62404030952064));
#6700=CARTESIAN_POINT('Ctrl Pts',(0.688132168247042,-2.35273565749049,-1.64833554446409));
#6701=CARTESIAN_POINT('Ctrl Pts',(0.788052535874413,-2.33197705520139,-1.54200463572239));
#6702=CARTESIAN_POINT('Ctrl Pts',(0.760125838492423,-2.34257106590237,-1.59636835422276));
#6703=CARTESIAN_POINT('Ctrl Pts',(0.730894402657363,-2.35040102449721,-1.63636267506512));
#6704=CARTESIAN_POINT('Ctrl Pts',(0.701064770342349,-2.35516774793174,-1.66079333825767));
#6705=CARTESIAN_POINT('Ctrl Pts',(0.817555993581811,-2.32665673310599,-1.5552671978702));
#6706=CARTESIAN_POINT('Ctrl Pts',(0.78411875382804,-2.3397473168213,-1.60947640953594));
#6707=CARTESIAN_POINT('Ctrl Pts',(0.74935851987382,-2.34933400564999,-1.64936124686144));
#6708=CARTESIAN_POINT('Ctrl Pts',(0.71399620002037,-2.35516774793174,-1.67372476793569));
#6709=CARTESIAN_POINT('Ctrl Pts',(0.84377309847641,-2.31430332951585,-1.56854119915328));
#6710=CARTESIAN_POINT('Ctrl Pts',(0.806452205892115,-2.33188879710625,-1.62258757636581));
#6711=CARTESIAN_POINT('Ctrl Pts',(0.766946052053029,-2.34483053805909,-1.66236213508755));
#6712=CARTESIAN_POINT('Ctrl Pts',(0.726453993813947,-2.35273565749049,-1.686657370031));
#6713=CARTESIAN_POINT('',(0.688132168247042,-2.35273565749049,-1.64833554446409));
#6714=CARTESIAN_POINT('Origin',(0.688132168247042,-2.15644139449429,-1.686657370031));
#6715=CARTESIAN_POINT('Origin',(0.630649429896685,-2.0582942629962,-0.140130868073502));
#6716=CARTESIAN_POINT('Ctrl Pts',(0.630649429896685,-2.362,-1.74414010838136));
#6717=CARTESIAN_POINT('Ctrl Pts',(0.662782995011069,-2.362,-1.72485996931272));
#6718=CARTESIAN_POINT('Ctrl Pts',(0.694915821406105,-2.35889274187627,-1.7055802734757));
#6719=CARTESIAN_POINT('Ctrl Pts',(0.726453993813946,-2.35273565749049,-1.686657370031));
#6720=CARTESIAN_POINT('Ctrl Pts',(0.630649429896685,-2.362,-1.74414010838136));
#6721=CARTESIAN_POINT('Ctrl Pts',(0.658498519662485,-2.362,-1.72057549396414));
#6722=CARTESIAN_POINT('Ctrl Pts',(0.686347961120328,-2.35972991423492,-1.69701145049977));
#6723=CARTESIAN_POINT('Ctrl Pts',(0.713996200020369,-2.35516774793174,-1.67372476793569));
#6724=CARTESIAN_POINT('Ctrl Pts',(0.630649429896684,-2.362,-1.74414010838136));
#6725=CARTESIAN_POINT('Ctrl Pts',(0.6542140443139,-2.362,-1.71629101861556));
#6726=CARTESIAN_POINT('Ctrl Pts',(0.677778087778267,-2.35972991423492,-1.68844157715771));
#6727=CARTESIAN_POINT('Ctrl Pts',(0.701064770342349,-2.35516774793174,-1.66079333825767));
#6728=CARTESIAN_POINT('Ctrl Pts',(0.630649429896684,-2.362,-1.74414010838136));
#6729=CARTESIAN_POINT('Ctrl Pts',(0.649929568965315,-2.362,-1.71200654326697));
#6730=CARTESIAN_POINT('Ctrl Pts',(0.669209264802337,-2.35889274187627,-1.67987371687194));
#6731=CARTESIAN_POINT('Ctrl Pts',(0.688132168247042,-2.35273565749049,-1.64833554446409));
#6732=CARTESIAN_POINT('Origin',(0.630649429896684,-1.862,-1.74414010838136));
#6733=CARTESIAN_POINT('Origin',(0.293810267404987,-1.862,-1.74414010838136));
#6734=CARTESIAN_POINT('',(0.293810267404987,-2.35273565749049,-1.64833554446409));
#6735=CARTESIAN_POINT('Origin',(1.167,-2.162,-0.671338369608078));
#6736=CARTESIAN_POINT('Origin',(0.743063713096818,-2.14066665421124,1.60585508649992));
#6737=CARTESIAN_POINT('',(0.843773098216029,-2.31430332955598,1.56854119934899));
#6738=CARTESIAN_POINT('',(0.758523630816193,-2.32967626073022,1.53021937378544));
#6739=CARTESIAN_POINT('Origin',(0.758523630818211,-2.13338199773359,1.56854119935011));
#6740=CARTESIAN_POINT('',(0.7430637130948,-2.33696091720787,1.56753326093525));
#6741=CARTESIAN_POINT('',(0.828313180494635,-2.32158798603363,1.6058550864988));
#6742=CARTESIAN_POINT('Ctrl Pts',(0.688132168068029,-2.35273565749158,1.64833554455401));
#6743=CARTESIAN_POINT('Ctrl Pts',(0.712427402993845,-2.34799258583641,1.62404030962659));
#6744=CARTESIAN_POINT('Ctrl Pts',(0.736131095280347,-2.34022754127271,1.58426575094218));
#6745=CARTESIAN_POINT('Ctrl Pts',(0.758523630816193,-2.32967626073022,1.53021937378544));
#6746=CARTESIAN_POINT('Ctrl Pts',(0.701064770163226,-2.35516774793265,1.66079333834671));
#6747=CARTESIAN_POINT('Ctrl Pts',(0.730894402456644,-2.35040102450184,1.63636267517022));
#6748=CARTESIAN_POINT('Ctrl Pts',(0.760125838270805,-2.34257106591514,1.59636835436536));
#6749=CARTESIAN_POINT('Ctrl Pts',(0.788052535634098,-2.331977055226,1.54200463592108));
#6750=CARTESIAN_POINT('Ctrl Pts',(0.713996199841161,-2.35516774793265,1.67372476802379));
#6751=CARTESIAN_POINT('Ctrl Pts',(0.749358519669066,-2.34933400565545,1.64936124696548));
#6752=CARTESIAN_POINT('Ctrl Pts',(0.784118753598448,-2.33974731683669,1.60947640967729));
#6753=CARTESIAN_POINT('Ctrl Pts',(0.817555993329633,-2.32665673313615,1.55526719806739));
#6754=CARTESIAN_POINT('Ctrl Pts',(0.726453993634718,-2.35273565749158,1.68665737011817));
#6755=CARTESIAN_POINT('Ctrl Pts',(0.766946051844624,-2.34483053806629,1.66236213519054));
#6756=CARTESIAN_POINT('Ctrl Pts',(0.80645220565581,-2.33188879712679,1.62258757650593));
#6757=CARTESIAN_POINT('Ctrl Pts',(0.843773098216027,-2.31430332955598,1.56854119934899));
#6758=CARTESIAN_POINT('',(0.726453993634718,-2.35273565749158,1.68665737011817));
#6759=CARTESIAN_POINT('',(0.688132168068029,-2.35273565749158,1.64833554455401));
#6760=CARTESIAN_POINT('Origin',(0.688132168070047,-2.15644139449495,1.68665737011868));
#6761=CARTESIAN_POINT('Origin',(0.630649429701151,-2.05829426299663,0.140130868071842));
#6762=CARTESIAN_POINT('Origin',(0.630649429703169,-1.862,0.178452693636513));
#6763=CARTESIAN_POINT('Ctrl Pts',(0.726453993634717,-2.35273565749158,1.68665737011817));
#6764=CARTESIAN_POINT('Ctrl Pts',(0.694915821228916,-2.35889274187664,1.70558027356297));
#6765=CARTESIAN_POINT('Ctrl Pts',(0.662782994836032,-2.362,1.72485996940003));
#6766=CARTESIAN_POINT('Ctrl Pts',(0.630649429723798,-2.362,1.74414010846871));
#6767=CARTESIAN_POINT('Ctrl Pts',(0.713996199841161,-2.35516774793265,1.67372476802379));
#6768=CARTESIAN_POINT('Ctrl Pts',(0.686347960943194,-2.35972991423522,1.69701145058765));
#6769=CARTESIAN_POINT('Ctrl Pts',(0.658498519487474,-2.362,1.72057549405176));
#6770=CARTESIAN_POINT('Ctrl Pts',(0.630649429723798,-2.362,1.74414010846871));
#6771=CARTESIAN_POINT('Ctrl Pts',(0.701064770163226,-2.35516774793265,1.66079333834671));
#6772=CARTESIAN_POINT('Ctrl Pts',(0.677778087601188,-2.35972991423522,1.68844157724621));
#6773=CARTESIAN_POINT('Ctrl Pts',(0.654214044138917,-2.362,1.71629101870348));
#6774=CARTESIAN_POINT('Ctrl Pts',(0.630649429723798,-2.362,1.74414010846871));
#6775=CARTESIAN_POINT('Ctrl Pts',(0.688132168068029,-2.35273565749158,1.64833554455401));
#6776=CARTESIAN_POINT('Ctrl Pts',(0.669209264625312,-2.35889274187664,1.67987371696105));
#6777=CARTESIAN_POINT('Ctrl Pts',(0.64992956879036,-2.362,1.71200654335521));
#6778=CARTESIAN_POINT('Ctrl Pts',(0.630649429723798,-2.362,1.74414010846871));
#6779=CARTESIAN_POINT('',(0.630649429723798,-2.362,1.74414010846871));
#6780=CARTESIAN_POINT('Origin',(0.630649429723798,-1.862,1.74414010846871));
#6781=CARTESIAN_POINT('Origin',(0.630649429723798,-1.862,1.74414010846871));
#6782=CARTESIAN_POINT('Origin',(0.630649429731525,-1.862,2.33060514401834));
#6783=CARTESIAN_POINT('',(0.843773098222142,-2.31430332955599,2.03405247471533));
#6784=CARTESIAN_POINT('',(0.843773098226069,-2.31430332955598,2.33060514401554));
#6785=CARTESIAN_POINT('',(0.72217736517844,-2.35355125575249,1.92576714203185));
#6786=CARTESIAN_POINT('Ctrl Pts',(0.722177365178439,-2.35355125575249,1.92576714203185));
#6787=CARTESIAN_POINT('Ctrl Pts',(0.756429260128604,-2.34717347684661,1.94038775525253));
#6788=CARTESIAN_POINT('Ctrl Pts',(0.799430852050583,-2.33365246192833,1.97736607086297));
#6789=CARTESIAN_POINT('Ctrl Pts',(0.83140552387561,-2.32013088518697,2.01676781595579));
#6790=CARTESIAN_POINT('Ctrl Pts',(0.843773098222086,-2.31430332955602,2.03405247471531));
#6791=CARTESIAN_POINT('',(0.630649429725671,-2.362,1.88629327971798));
#6792=CARTESIAN_POINT('Ctrl Pts',(0.630649429725671,-2.362,1.88629327971798));
#6793=CARTESIAN_POINT('Ctrl Pts',(0.661157035977336,-2.362,1.89958819745874));
#6794=CARTESIAN_POINT('Ctrl Pts',(0.691801332023061,-2.35920734055834,1.91280096221888));
#6795=CARTESIAN_POINT('Ctrl Pts',(0.722177364765805,-2.35355125582932,1.92576714185572));
#6796=CARTESIAN_POINT('',(0.630649429731525,-2.362,2.33060514401834));
#6797=CARTESIAN_POINT('Origin',(1.167,-2.162,2.88333333904505));
#6798=CARTESIAN_POINT('Ctrl Pts',(0.843773098222123,-2.314303329556,2.03405247471533));
#6799=CARTESIAN_POINT('Ctrl Pts',(0.951493889307514,-2.26354568823798,2.28496628409038));
#6800=CARTESIAN_POINT('Ctrl Pts',(1.05924116352034,-2.21277556816753,2.53586619886372));
#6801=CARTESIAN_POINT('Ctrl Pts',(1.16699996176203,-2.16200001801699,2.78676006434406));
#6802=CARTESIAN_POINT('Ctrl Pts',(0.557894659389009,-2.162,0.671338369640152));
#6803=CARTESIAN_POINT('Ctrl Pts',(0.550781483536071,-2.17096023908449,0.717235022564734));
#6804=CARTESIAN_POINT('Ctrl Pts',(0.538711356104885,-2.1889400812796,0.809332406248928));
#6805=CARTESIAN_POINT('Ctrl Pts',(0.529177487368282,-2.2160686871181,0.948292114215555));
#6806=CARTESIAN_POINT('Ctrl Pts',(0.527297517277591,-2.25231679224365,1.13396424689204));
#6807=CARTESIAN_POINT('Ctrl Pts',(0.536028962786821,-2.29758407154863,1.36583491323123));
#6808=CARTESIAN_POINT('Ctrl Pts',(0.546498486698085,-2.3337683367451,1.55118004134392));
#6809=CARTESIAN_POINT('Ctrl Pts',(0.552155327298127,-2.35185244239149,1.64381148928496));
#6810=CARTESIAN_POINT('Ctrl Pts',(0.513058741328765,-2.16069322023033,0.66464470701015));
#6811=CARTESIAN_POINT('Ctrl Pts',(0.508639422113299,-2.16983773056455,0.711639247041169));
#6812=CARTESIAN_POINT('Ctrl Pts',(0.502452341468801,-2.18823531671689,0.806004340239301));
#6813=CARTESIAN_POINT('Ctrl Pts',(0.50286783379277,-2.21584902583612,0.947596820470322));
#6814=CARTESIAN_POINT('Ctrl Pts',(0.511330084920718,-2.25235461191427,1.13450319524684));
#6815=CARTESIAN_POINT('Ctrl Pts',(0.52634527688765,-2.29763111474124,1.36630113206941));
#6816=CARTESIAN_POINT('Ctrl Pts',(0.539455493657508,-2.33384584773424,1.55157692940868));
#6817=CARTESIAN_POINT('Ctrl Pts',(0.546164231585993,-2.35192124668681,1.64416392261126));
#6818=CARTESIAN_POINT('Ctrl Pts',(0.468379364448835,-2.14369381514586,0.661038920523551));
#6819=CARTESIAN_POINT('Ctrl Pts',(0.466599011158321,-2.15506888711933,0.70872048872327));
#6820=CARTESIAN_POINT('Ctrl Pts',(0.466221098502098,-2.17787574080724,0.804561450531885));
#6821=CARTESIAN_POINT('Ctrl Pts',(0.476548262260469,-2.21078948962224,0.947843769224722));
#6822=CARTESIAN_POINT('Ctrl Pts',(0.49535024511447,-2.25079504973346,1.13535209279554));
#6823=CARTESIAN_POINT('Ctrl Pts',(0.516653763241142,-2.29705113564653,1.36688852477062));
#6824=CARTESIAN_POINT('Ctrl Pts',(0.532412513737064,-2.33356484861595,1.55204380733839));
#6825=CARTESIAN_POINT('Ctrl Pts',(0.540173142430666,-2.35172471150104,1.64456815681322));
#6826=CARTESIAN_POINT('Ctrl Pts',(0.433523925809047,-2.11467999178993,0.661301203909835));
#6827=CARTESIAN_POINT('Ctrl Pts',(0.432621957044614,-2.12941659174602,0.70901833885525));
#6828=CARTESIAN_POINT('Ctrl Pts',(0.434815493794391,-2.15914353007497,0.80514952925804));
#6829=CARTESIAN_POINT('Ctrl Pts',(0.451943756006458,-2.20117814800173,0.948993431588355));
#6830=CARTESIAN_POINT('Ctrl Pts',(0.479631168296623,-2.24764358999535,1.13648793122566));
#6831=CARTESIAN_POINT('Ctrl Pts',(0.507051235535375,-2.295851008876,1.36759083410726));
#6832=CARTESIAN_POINT('Ctrl Pts',(0.525406551706163,-2.33292675553515,1.55257821204484));
#6833=CARTESIAN_POINT('Ctrl Pts',(0.534206309205555,-2.35126363232477,1.64502255572323));
#6834=CARTESIAN_POINT('',(0.552155327298126,-2.35185244239149,1.64381148928496));
#6835=CARTESIAN_POINT('Ctrl Pts',(0.557894657282994,-2.16200000265288,0.671338383228883));
#6836=CARTESIAN_POINT('Ctrl Pts',(0.550781482344861,-2.17096024085894,0.717235031653898));
#6837=CARTESIAN_POINT('Ctrl Pts',(0.53871135579125,-2.18894008217204,0.809332410820276));
#6838=CARTESIAN_POINT('Ctrl Pts',(0.529177487368282,-2.2160686871181,0.948292114215555));
#6839=CARTESIAN_POINT('Ctrl Pts',(0.527297517277591,-2.25231679224365,1.13396424689204));
#6840=CARTESIAN_POINT('Ctrl Pts',(0.536028962786821,-2.29758407154863,1.36583491323123));
#6841=CARTESIAN_POINT('Ctrl Pts',(0.546498486698085,-2.3337683367451,1.55118004134392));
#6842=CARTESIAN_POINT('Ctrl Pts',(0.552155327298127,-2.35185244239149,1.64381148928496));
#6843=CARTESIAN_POINT('',(0.534206309205628,-2.35126363232478,1.64502255572322));
#6844=CARTESIAN_POINT('Origin',(0.552155327300144,-2.15555817939486,1.68213331484963));
#6845=CARTESIAN_POINT('Ctrl Pts',(0.534206309205555,-2.35126363232477,1.64502255572323));
#6846=CARTESIAN_POINT('Ctrl Pts',(0.525406551706163,-2.33292675553515,1.55257821204484));
#6847=CARTESIAN_POINT('Ctrl Pts',(0.507051235535375,-2.295851008876,1.36759083410726));
#6848=CARTESIAN_POINT('Ctrl Pts',(0.479631168296623,-2.24764358999535,1.13648793122566));
#6849=CARTESIAN_POINT('Ctrl Pts',(0.452467871973177,-2.20205772749418,0.952542656770614));
#6850=CARTESIAN_POINT('Ctrl Pts',(0.441393013738334,-2.17527008335378,0.860355563602625));
#6851=CARTESIAN_POINT('Ctrl Pts',(0.437933787990866,-2.1619894847591,0.815994576150239));
#6852=CARTESIAN_POINT('Ctrl Pts',(0.552155327298132,-2.3518524423915,1.64381148928501));
#6853=CARTESIAN_POINT('Ctrl Pts',(0.552248137842076,-2.35214914434944,1.64533127314982));
#6854=CARTESIAN_POINT('Ctrl Pts',(0.552456483055907,-2.35244562596506,1.64684992836452));
#6855=CARTESIAN_POINT('Ctrl Pts',(0.552795916517205,-2.35273565749158,1.64833554456113));
#6856=CARTESIAN_POINT('Ctrl Pts',(0.546164231585998,-2.35192124668682,1.64416392261131));
#6857=CARTESIAN_POINT('Ctrl Pts',(0.546400268167257,-2.35227284646506,1.64596492436925));
#6858=CARTESIAN_POINT('Ctrl Pts',(0.546754938225581,-2.35262624630314,1.64777510328815));
#6859=CARTESIAN_POINT('Ctrl Pts',(0.54724159239515,-2.35297431387315,1.64955800403041));
#6860=CARTESIAN_POINT('Ctrl Pts',(0.540173142430671,-2.35172471150105,1.64456815681327));
#6861=CARTESIAN_POINT('Ctrl Pts',(0.540552404242906,-2.35214234525242,1.64664820206679));
#6862=CARTESIAN_POINT('Ctrl Pts',(0.541053398767744,-2.35256171652539,1.64874813710881));
#6863=CARTESIAN_POINT('Ctrl Pts',(0.54168727319162,-2.35297431387315,1.65082705440607));
#6864=CARTESIAN_POINT('Ctrl Pts',(0.53420630920556,-2.35126363232478,1.64502255572327));
#6865=CARTESIAN_POINT('Ctrl Pts',(0.534727200024157,-2.35175813558801,1.64737840907784));
#6866=CARTESIAN_POINT('Ctrl Pts',(0.535373174626026,-2.35225227161405,1.64976536135025));
#6867=CARTESIAN_POINT('Ctrl Pts',(0.536153183458445,-2.35273565749158,1.65213807478426));
#6868=CARTESIAN_POINT('',(0.5527959165172,-2.35273565749158,1.64833554456113));
#6869=CARTESIAN_POINT('',(0.53615318345844,-2.35273565749158,1.65213807478426));
#6870=CARTESIAN_POINT('Origin',(0.552795916519218,-2.15644139449495,1.6866573701258));
#6871=CARTESIAN_POINT('Ctrl Pts',(0.536153183458445,-2.35273565749158,1.65213807478426));
#6872=CARTESIAN_POINT('Ctrl Pts',(0.535373174626026,-2.35225227161405,1.64976536135025));
#6873=CARTESIAN_POINT('Ctrl Pts',(0.534727200024157,-2.35175813558801,1.64737840907784));
#6874=CARTESIAN_POINT('Ctrl Pts',(0.53420630920556,-2.35126363232478,1.64502255572327));
#6875=CARTESIAN_POINT('Ctrl Pts',(0.552155327298132,-2.3518524423915,1.64381148928501));
#6876=CARTESIAN_POINT('Ctrl Pts',(0.552248137842076,-2.35214914434944,1.64533127314982));
#6877=CARTESIAN_POINT('Ctrl Pts',(0.552456483055907,-2.35244562596506,1.64684992836452));
#6878=CARTESIAN_POINT('Ctrl Pts',(0.552795916517205,-2.35273565749158,1.64833554456113));
#6879=CARTESIAN_POINT('Ctrl Pts',(0.552795916517212,-2.35273565749158,1.64833554456113));
#6880=CARTESIAN_POINT('Ctrl Pts',(0.557112992653277,-2.35888358889494,1.67982683303671));
#6881=CARTESIAN_POINT('Ctrl Pts',(0.56147098795247,-2.362,1.71204275455634));
#6882=CARTESIAN_POINT('Ctrl Pts',(0.565757022469754,-2.362,1.74414010847213));
#6883=CARTESIAN_POINT('Ctrl Pts',(0.547241592395157,-2.35297431387315,1.6495580040304));
#6884=CARTESIAN_POINT('Ctrl Pts',(0.55343331303558,-2.35896408125121,1.68065650012689));
#6885=CARTESIAN_POINT('Ctrl Pts',(0.559655981418729,-2.362,1.71244669131449));
#6886=CARTESIAN_POINT('Ctrl Pts',(0.565757022469754,-2.362,1.74414010847213));
#6887=CARTESIAN_POINT('Ctrl Pts',(0.541687273191627,-2.35297431387315,1.65082705440607));
#6888=CARTESIAN_POINT('Ctrl Pts',(0.549753628868371,-2.35896408125121,1.68148598176476));
#6889=CARTESIAN_POINT('Ctrl Pts',(0.557840974884987,-2.362,1.71285062807264));
#6890=CARTESIAN_POINT('Ctrl Pts',(0.565757022469754,-2.362,1.74414010847213));
#6891=CARTESIAN_POINT('Ctrl Pts',(0.536153183458452,-2.35273565749158,1.65213807478426));
#6892=CARTESIAN_POINT('Ctrl Pts',(0.54607370662361,-2.35888358889494,1.68231537228146));
#6893=CARTESIAN_POINT('Ctrl Pts',(0.556025968351246,-2.362,1.71325456483079));
#6894=CARTESIAN_POINT('Ctrl Pts',(0.565757022469754,-2.362,1.74414010847213));
#6895=CARTESIAN_POINT('',(0.565757022469754,-2.362,1.74414010847213));
#6896=CARTESIAN_POINT('Ctrl Pts',(0.552795916517212,-2.35273565749158,1.64833554456113));
#6897=CARTESIAN_POINT('Ctrl Pts',(0.557112992653277,-2.35888358889494,1.67982683303671));
#6898=CARTESIAN_POINT('Ctrl Pts',(0.56147098795247,-2.362,1.71204275455634));
#6899=CARTESIAN_POINT('Ctrl Pts',(0.565757022469754,-2.362,1.74414010847213));
#6900=CARTESIAN_POINT('Ctrl Pts',(0.565757022469754,-2.362,1.74414010847213));
#6901=CARTESIAN_POINT('Ctrl Pts',(0.556025968351246,-2.362,1.71325456483079));
#6902=CARTESIAN_POINT('Ctrl Pts',(0.54607370662361,-2.35888358889494,1.68231537228146));
#6903=CARTESIAN_POINT('Ctrl Pts',(0.536153183458452,-2.35273565749158,1.65213807478426));
#6904=CARTESIAN_POINT('Origin',(0.293810267335932,-1.862,1.74414010848645));
#6905=CARTESIAN_POINT('',(0.293810267335932,-2.362,1.74414010848645));
#6906=CARTESIAN_POINT('',(0.293810267330888,-2.35273565749158,1.64833554457477));
#6907=CARTESIAN_POINT('Origin',(1.167,-2.162,0.67133836960808));
#6908=CARTESIAN_POINT('Ctrl Pts',(-0.261409161292538,-2.1545146668107,0.707629446438364));
#6909=CARTESIAN_POINT('Ctrl Pts',(-0.411218780152782,-2.22184363878245,
0.922990058634529));
#6910=CARTESIAN_POINT('Ctrl Pts',(-0.561501581407634,-2.28397420351932,
1.13763784688195));
#6911=CARTESIAN_POINT('Ctrl Pts',(-0.709488927026512,-2.34544218535791,
1.35378090280617));
#6912=CARTESIAN_POINT('Ctrl Pts',(-0.283293972237404,-2.1618489840784,0.692530941372392));
#6913=CARTESIAN_POINT('Ctrl Pts',(-0.428795354225103,-2.22494775490947,
0.911091921311197));
#6914=CARTESIAN_POINT('Ctrl Pts',(-0.575765487623788,-2.28581618524741,
1.12807074097484));
#6915=CARTESIAN_POINT('Ctrl Pts',(-0.721618096034319,-2.34650821664171,
1.34571184848232));
#6916=CARTESIAN_POINT('Ctrl Pts',(-0.307183643818462,-2.16376472775151,
0.677730668153552));
#6917=CARTESIAN_POINT('Ctrl Pts',(-0.44699687852174,-2.22500368639611,0.899612266107043));
#6918=CARTESIAN_POINT('Ctrl Pts',(-0.590488294188237,-2.28553178260469,
1.11879858275432));
#6919=CARTESIAN_POINT('Ctrl Pts',(-0.734043868657365,-2.34601372507468,
1.33788348728069));
#6920=CARTESIAN_POINT('Ctrl Pts',(-0.331084890426106,-2.16010205367802,
0.66446351908772));
#6921=CARTESIAN_POINT('Ctrl Pts',(-0.465194792532098,-2.22207831184537,
0.888957492436618));
#6922=CARTESIAN_POINT('Ctrl Pts',(-0.605212072622834,-2.28313203096832,
1.11010979170384));
#6923=CARTESIAN_POINT('Ctrl Pts',(-0.746470117490126,-2.34397049523626,
1.33048238243257));
#6924=CARTESIAN_POINT('',(-0.709488927026511,-2.34544218535791,1.35378090280617));
#6925=CARTESIAN_POINT('Ctrl Pts',(-0.278113965386886,-2.16200018571665,
0.731638182951159));
#6926=CARTESIAN_POINT('Ctrl Pts',(-0.422386104829387,-2.22646087798402,
0.93894685778588));
#6927=CARTESIAN_POINT('Ctrl Pts',(-0.567001518608285,-2.28625865587266,
1.14567078529954));
#6928=CARTESIAN_POINT('Ctrl Pts',(-0.709488927026512,-2.34544218535791,
1.35378090280617));
#6929=CARTESIAN_POINT('Origin',(-0.746470117484975,-2.15118229714174,1.38370559800123));
#6930=CARTESIAN_POINT('Ctrl Pts',(-0.70948892703826,-2.34544218536278,1.35378090282332));
#6931=CARTESIAN_POINT('Ctrl Pts',(-0.711342638874948,-2.34621214258491,
1.35648834337987));
#6932=CARTESIAN_POINT('Ctrl Pts',(-0.713045560005927,-2.34696910214398,
1.35929889511563));
#6933=CARTESIAN_POINT('Ctrl Pts',(-0.714538420610621,-2.3477010086165,1.36220087494586));
#6934=CARTESIAN_POINT('Ctrl Pts',(-0.721618096045954,-2.34650821664715,
1.34571184850357));
#6935=CARTESIAN_POINT('Ctrl Pts',(-0.723454174240892,-2.3473674655468,1.34907037937371));
#6936=CARTESIAN_POINT('Ctrl Pts',(-0.725138030297835,-2.34821784724353,
1.35255727855975));
#6937=CARTESIAN_POINT('Ctrl Pts',(-0.726610406281404,-2.34904657602059,
1.35615855965258));
#6938=CARTESIAN_POINT('Ctrl Pts',(-0.73404386866879,-2.34601372508118,1.33788348730596));
#6939=CARTESIAN_POINT('Ctrl Pts',(-0.73584664564599,-2.34704122848368,1.34188129698654));
#6940=CARTESIAN_POINT('Ctrl Pts',(-0.737497121150616,-2.34805726446606,
1.34603379842745));
#6941=CARTESIAN_POINT('Ctrl Pts',(-0.738936389325559,-2.34904657602057,
1.35032493114089));
#6942=CARTESIAN_POINT('Ctrl Pts',(-0.74647011750134,-2.34397049524428,1.33048238246163));
#6943=CARTESIAN_POINT('Ctrl Pts',(-0.748239537100504,-2.34524061489425,
1.33508308304186));
#6944=CARTESIAN_POINT('Ctrl Pts',(-0.749856602554503,-2.34649065945682,
1.33986833403182));
#6945=CARTESIAN_POINT('Ctrl Pts',(-0.75126272399233,-2.34770100861645,1.34482003460947));
#6946=CARTESIAN_POINT('',(-0.714538420611096,-2.34770100861655,1.3622008749456));
#6947=CARTESIAN_POINT('Origin',(-0.751262723987733,-2.15342060516987,1.39230818930762));
#6948=CARTESIAN_POINT('Ctrl Pts',(-0.70948892703826,-2.34544218536278,1.35378090282332));
#6949=CARTESIAN_POINT('Ctrl Pts',(-0.711342638874948,-2.34621214258491,
1.35648834337987));
#6950=CARTESIAN_POINT('Ctrl Pts',(-0.713045560005927,-2.34696910214398,
1.35929889511563));
#6951=CARTESIAN_POINT('Ctrl Pts',(-0.714538420610621,-2.3477010086165,1.36220087494586));
#6952=CARTESIAN_POINT('Ctrl Pts',(-0.714538420610801,-2.34770100861659,
1.36220087494621));
#6953=CARTESIAN_POINT('Ctrl Pts',(-0.737860313487259,-2.35718312978038,
1.39494076147554));
#6954=CARTESIAN_POINT('Ctrl Pts',(-0.761326677462721,-2.362,1.42903307416522));
#6955=CARTESIAN_POINT('Ctrl Pts',(-0.784322640831169,-2.362,1.46354042135803));
#6956=CARTESIAN_POINT('Ctrl Pts',(-0.726610406281583,-2.34904657602069,
1.35615855965302));
#6957=CARTESIAN_POINT('Ctrl Pts',(-0.746002340095971,-2.3576390675998,1.39116496797258));
#6958=CARTESIAN_POINT('Ctrl Pts',(-0.765349479339974,-2.362,1.42720152398178));
#6959=CARTESIAN_POINT('Ctrl Pts',(-0.784322640831169,-2.362,1.46354042135803));
#6960=CARTESIAN_POINT('Ctrl Pts',(-0.738936389325734,-2.34904657602069,
1.35032493114141));
#6961=CARTESIAN_POINT('Ctrl Pts',(-0.754140616568329,-2.3576390675998,1.38739000127294));
#6962=CARTESIAN_POINT('Ctrl Pts',(-0.769372281217227,-2.362,1.42536997379835));
#6963=CARTESIAN_POINT('Ctrl Pts',(-0.784322640831169,-2.362,1.46354042135803));
#6964=CARTESIAN_POINT('Ctrl Pts',(-0.7512627239925,-2.34770100861659,1.34482003461008));
#6965=CARTESIAN_POINT('Ctrl Pts',(-0.762278564949016,-2.35718312978038,
1.38361266272966));
#6966=CARTESIAN_POINT('Ctrl Pts',(-0.773395083094481,-2.362,1.42353842361492));
#6967=CARTESIAN_POINT('Ctrl Pts',(-0.784322640831169,-2.362,1.46354042135803));
#6968=CARTESIAN_POINT('Ctrl Pts',(-0.714538420610801,-2.34770100861659,
1.36220087494621));
#6969=CARTESIAN_POINT('Ctrl Pts',(-0.737860313487259,-2.35718312978038,
1.39494076147554));
#6970=CARTESIAN_POINT('Ctrl Pts',(-0.761326677462721,-2.362,1.42903307416522));
#6971=CARTESIAN_POINT('Ctrl Pts',(-0.784322640831169,-2.362,1.46354042135803));
#6972=CARTESIAN_POINT('Ctrl Pts',(0.579078854442117,-2.362,1.73779945353925));
#6973=CARTESIAN_POINT('Ctrl Pts',(0.383214434816061,-2.362,1.83253138828573));
#6974=CARTESIAN_POINT('Ctrl Pts',(-0.141810178193498,-2.362,1.92552762586072));
#6975=CARTESIAN_POINT('Ctrl Pts',(-0.622290706733939,-2.362,1.66198002539936));
#6976=CARTESIAN_POINT('Ctrl Pts',(-0.806349179054022,-2.362,1.43746916085007));
#6977=CARTESIAN_POINT('Ctrl Pts',(0.564013351687059,-2.362,1.70665054940897));
#6978=CARTESIAN_POINT('Ctrl Pts',(0.372496653261145,-2.36200102359666,1.79570247985625));
#6979=CARTESIAN_POINT('Ctrl Pts',(-0.134665513469521,-2.36200402393003,
1.87689550213691));
#6980=CARTESIAN_POINT('Ctrl Pts',(-0.595046762625718,-2.36200171443485,
1.62665295116768));
#6981=CARTESIAN_POINT('Ctrl Pts',(-0.775450480671245,-2.362,1.41213779333505));
#6982=CARTESIAN_POINT('Ctrl Pts',(0.548948314407116,-2.3583954846237,1.67550260767868));
#6983=CARTESIAN_POINT('Ctrl Pts',(0.36177938147492,-2.35772320319843,1.75887514281137));
#6984=CARTESIAN_POINT('Ctrl Pts',(-0.127521192067731,-2.35579609761713,
1.82826810775793));
#6985=CARTESIAN_POINT('Ctrl Pts',(-0.56780496557636,-2.35634006792107,1.59132845143259));
#6986=CARTESIAN_POINT('Ctrl Pts',(-0.744553478550145,-2.35718797170837,
1.38680781644909));
#6987=CARTESIAN_POINT('Ctrl Pts',(0.534206309205639,-2.35126363232478,1.64502255572324));
#6988=CARTESIAN_POINT('Ctrl Pts',(0.351351757735225,-2.34927242259479,1.72296138314206));
#6989=CARTESIAN_POINT('Ctrl Pts',(-0.12056577363353,-2.3436001302254,1.78142315731199));
#6990=CARTESIAN_POINT('Ctrl Pts',(-0.541494890781538,-2.34520027984981,
1.5571389030499));
#6991=CARTESIAN_POINT('Ctrl Pts',(-0.714538420611235,-2.3477010086166,1.36220087494573));
#6992=CARTESIAN_POINT('Ctrl Pts',(0.565755880048878,-2.362,1.74413766671768));
#6993=CARTESIAN_POINT('Ctrl Pts',(0.373048792448935,-2.362,1.83429929788498));
#6994=CARTESIAN_POINT('Ctrl Pts',(-0.134716761423637,-2.362,1.92097005715113));
#6995=CARTESIAN_POINT('Ctrl Pts',(-0.600750123423503,-2.362,1.67360418647419));
#6996=CARTESIAN_POINT('Ctrl Pts',(-0.784298869563118,-2.362,1.46351965236488));
#6997=CARTESIAN_POINT('Ctrl Pts',(-0.714538420611235,-2.3477010086166,1.36220087494573));
#6998=CARTESIAN_POINT('Ctrl Pts',(-0.541494890781538,-2.34520027984981,
1.5571389030499));
#6999=CARTESIAN_POINT('Ctrl Pts',(-0.12056577363353,-2.3436001302254,1.78142315731199));
#7000=CARTESIAN_POINT('Ctrl Pts',(0.351351757735225,-2.34927242259479,1.72296138314206));
#7001=CARTESIAN_POINT('Ctrl Pts',(0.534206309205639,-2.35126363232478,1.64502255572324));
#7002=CARTESIAN_POINT('Ctrl Pts',(0.466911628082385,-2.162,0.67947907772319));
#7003=CARTESIAN_POINT('Ctrl Pts',(0.489343188456802,-2.22508787744159,1.00132690372321));
#7004=CARTESIAN_POINT('Ctrl Pts',(0.51177474883122,-2.28817575488319,1.32317472972322));
#7005=CARTESIAN_POINT('Ctrl Pts',(0.534206309205638,-2.35126363232478,1.64502255572324));
#7006=CARTESIAN_POINT('Ctrl Pts',(0.464532550018966,-2.162,0.789044980035282));
#7007=CARTESIAN_POINT('Ctrl Pts',(0.448590642882266,-2.22508787744159,1.09330104702097));
#7008=CARTESIAN_POINT('Ctrl Pts',(0.433571069578272,-2.28817575488319,1.39715028055266));
#7009=CARTESIAN_POINT('Ctrl Pts',(0.417629162441572,-2.35126363232478,1.70140634753835));
#7010=CARTESIAN_POINT('Ctrl Pts',(0.357630062138275,-2.162,1.00488447762126));
#7011=CARTESIAN_POINT('Ctrl Pts',(0.29209354011351,-2.22508787744159,1.26040052092033));
#7012=CARTESIAN_POINT('Ctrl Pts',(0.226246172478949,-2.28817575488319,1.51622207676122));
#7013=CARTESIAN_POINT('Ctrl Pts',(0.160709650454183,-2.35126363232478,1.77173812006029));
#7014=CARTESIAN_POINT('Ctrl Pts',(0.00519230876562537,-2.162,1.0891109803577));
#7015=CARTESIAN_POINT('Ctrl Pts',(-0.077336775032264,-2.22508787744159,
1.30161701575866));
#7016=CARTESIAN_POINT('Ctrl Pts',(-0.159452249942352,-2.28817575488319,
1.51391560910523));
#7017=CARTESIAN_POINT('Ctrl Pts',(-0.241981333740242,-2.35126363232478,
1.72642164450618));
#7018=CARTESIAN_POINT('Ctrl Pts',(-0.235837662489432,-2.162,0.908300508523911));
#7019=CARTESIAN_POINT('Ctrl Pts',(-0.336975012514118,-2.22508787744159,
1.12729443369865));
#7020=CARTESIAN_POINT('Ctrl Pts',(-0.438559969994875,-2.28817575488319,
1.34645342201405));
#7021=CARTESIAN_POINT('Ctrl Pts',(-0.539697320019562,-2.35126363232478,
1.56544734718879));
#7022=CARTESIAN_POINT('Ctrl Pts',(-0.279695836330049,-2.162,0.745296411735891));
#7023=CARTESIAN_POINT('Ctrl Pts',(-0.41361525215299,-2.22508787744159,0.972044153679593));
#7024=CARTESIAN_POINT('Ctrl Pts',(-0.546978669494619,-2.28817575488319,
1.19853670432649));
#7025=CARTESIAN_POINT('Ctrl Pts',(-0.68089808531756,-2.35126363232478,1.42528444627019));
#7026=CARTESIAN_POINT('Ctrl Pts',(-0.282506397195417,-2.162,0.690572673850986));
#7027=CARTESIAN_POINT('Ctrl Pts',(-0.429361329538631,-2.22508787744159,
0.918644351772109));
#7028=CARTESIAN_POINT('Ctrl Pts',(-0.576216261881845,-2.28817575488319,
1.14671602969323));
#7029=CARTESIAN_POINT('Ctrl Pts',(-0.723071194225059,-2.35126363232478,
1.37478770761435));
#7030=CARTESIAN_POINT('Ctrl Pts',(-0.336837295842368,-2.16053328541545,
3.08959859060087));
#7031=CARTESIAN_POINT('Ctrl Pts',(-0.434439871919982,-2.22166003985913,
2.8440501371655));
#7032=CARTESIAN_POINT('Ctrl Pts',(-0.534635724347595,-2.28263980528865,
2.59959368557216));
#7033=CARTESIAN_POINT('Ctrl Pts',(-0.639741141841563,-2.3425015825783,2.35651604920031));
#7034=CARTESIAN_POINT('Ctrl Pts',(-0.308981794044812,-2.16399061994394,
3.07954681715067));
#7035=CARTESIAN_POINT('Ctrl Pts',(-0.41140427977752,-2.2247346896866,2.83562642624941));
#7036=CARTESIAN_POINT('Ctrl Pts',(-0.516682444236656,-2.2852379374596,2.59290933125234));
#7037=CARTESIAN_POINT('Ctrl Pts',(-0.623689923419098,-2.34529536810901,
2.35072718151318));
#7038=CARTESIAN_POINT('Ctrl Pts',(-0.280948176857717,-2.16089201859249,
3.06779210683181));
#7039=CARTESIAN_POINT('Ctrl Pts',(-0.388199837453052,-2.22355055190119,
2.82607468727216));
#7040=CARTESIAN_POINT('Ctrl Pts',(-0.49860260009577,-2.28514389987908,2.58550282516718));
#7041=CARTESIAN_POINT('Ctrl Pts',(-0.607480137074371,-2.34592220064984,
2.34433606806786));
#7042=CARTESIAN_POINT('Ctrl Pts',(-0.255458260653071,-2.15153832815631,
3.05547573808799));
#7043=CARTESIAN_POINT('Ctrl Pts',(-0.366172986134208,-2.21812217821681,
2.81594217676163));
#7044=CARTESIAN_POINT('Ctrl Pts',(-0.481124068699115,-2.28235597097514,
2.57767041517918));
#7045=CARTESIAN_POINT('Ctrl Pts',(-0.591651517077184,-2.34436120867315,
2.33755551259137));
#7046=CARTESIAN_POINT('',(-0.591651517077185,-2.34436120867315,2.33755551259137));
#7047=CARTESIAN_POINT('Origin',(-0.625568368409138,-2.15030094954681,2.30305532384488));
#7048=CARTESIAN_POINT('Ctrl Pts',(-0.591651517077184,-2.34436120867315,
2.33755551259137));
#7049=CARTESIAN_POINT('Ctrl Pts',(-0.486921208743361,-2.28560813187894,
2.56507644203099));
#7050=CARTESIAN_POINT('Ctrl Pts',(-0.378219134152585,-2.22485414374882,
2.79094250469304));
#7051=CARTESIAN_POINT('Ctrl Pts',(-0.272912861567671,-2.16199587511846,
3.0177952578502));
#7052=CARTESIAN_POINT('Ctrl Pts',(-0.59622405529506,-2.34726648157111,2.32571797202965));
#7053=CARTESIAN_POINT('Ctrl Pts',(-0.594981943822102,-2.34633237198886,
2.32973989066002));
#7054=CARTESIAN_POINT('Ctrl Pts',(-0.593428332252128,-2.34535799136589,
2.33369547772338));
#7055=CARTESIAN_POINT('Ctrl Pts',(-0.591651517159293,-2.34436120871921,
2.337555512413));
#7056=CARTESIAN_POINT('Ctrl Pts',(-0.611339567611277,-2.34909634451208,
2.33000537627229));
#7057=CARTESIAN_POINT('Ctrl Pts',(-0.610348589796362,-2.34806743700148,
2.33489174344053));
#7058=CARTESIAN_POINT('Ctrl Pts',(-0.609032849663115,-2.34700320537139,
2.33967848985765));
#7059=CARTESIAN_POINT('Ctrl Pts',(-0.607480137146205,-2.34592220069976,
2.34433606785296));
#7060=CARTESIAN_POINT('Ctrl Pts',(-0.626768782980518,-2.34909634451194,
2.33396471131817));
#7061=CARTESIAN_POINT('Ctrl Pts',(-0.626049086781926,-2.34786485534863,
2.33969711533727));
#7062=CARTESIAN_POINT('Ctrl Pts',(-0.624993872405761,-2.34659054338401,
2.34529443231394));
#7063=CARTESIAN_POINT('Ctrl Pts',(-0.623689923479527,-2.34529536816874,
2.35072718126278));
#7064=CARTESIAN_POINT('Ctrl Pts',(-0.642081028709974,-2.34726648157068,
2.33748546101692));
#7065=CARTESIAN_POINT('Ctrl Pts',(-0.64162014578138,-2.34573028432423,2.34401543806709));
#7066=CARTESIAN_POINT('Ctrl Pts',(-0.640811528764099,-2.34413252071549,
2.35036877581033));
#7067=CARTESIAN_POINT('Ctrl Pts',(-0.639741141891285,-2.34250158265339,
2.35651604891717));
#7068=CARTESIAN_POINT('',(-0.642081028709974,-2.34726648157068,2.33748546101692));
#7069=CARTESIAN_POINT('Ctrl Pts',(-0.639741141891285,-2.34250158265339,
2.35651604891717));
#7070=CARTESIAN_POINT('Ctrl Pts',(-0.640811528764099,-2.34413252071549,
2.35036877581033));
#7071=CARTESIAN_POINT('Ctrl Pts',(-0.64162014578138,-2.34573028432423,2.34401543806709));
#7072=CARTESIAN_POINT('Ctrl Pts',(-0.642081028709974,-2.34726648157068,
2.33748546101692));
#7073=CARTESIAN_POINT('',(-0.596224055298743,-2.34726648157152,2.32571797203088));
#7074=CARTESIAN_POINT('Origin',(-0.629586999043486,-2.15315988894241,2.29093946311231));
#7075=CARTESIAN_POINT('Ctrl Pts',(-0.59622405529506,-2.34726648157111,2.32571797202965));
#7076=CARTESIAN_POINT('Ctrl Pts',(-0.594981943822102,-2.34633237198886,
2.32973989066002));
#7077=CARTESIAN_POINT('Ctrl Pts',(-0.593428332252128,-2.34535799136589,
2.33369547772338));
#7078=CARTESIAN_POINT('Ctrl Pts',(-0.591651517159293,-2.34436120871921,
2.337555512413));
#7079=CARTESIAN_POINT('Ctrl Pts',(-0.642081028710023,-2.34726648157085,
2.3374854610162));
#7080=CARTESIAN_POINT('Ctrl Pts',(-0.645013154312475,-2.35703972982739,
2.2959419112093));
#7081=CARTESIAN_POINT('Ctrl Pts',(-0.647362002605957,-2.362,2.2531249583793));
#7082=CARTESIAN_POINT('Ctrl Pts',(-0.649013975422085,-2.362,2.21050354673178));
#7083=CARTESIAN_POINT('Ctrl Pts',(-0.626768782980266,-2.349096344512,2.33396471131793));
#7084=CARTESIAN_POINT('Ctrl Pts',(-0.634784145967712,-2.35767373860609,
2.29347086872966));
#7085=CARTESIAN_POINT('Ctrl Pts',(-0.642281467427967,-2.362,2.2519729212973));
#7086=CARTESIAN_POINT('Ctrl Pts',(-0.649013975422085,-2.362,2.21050354673178));
#7087=CARTESIAN_POINT('Ctrl Pts',(-0.61133956761072,-2.349096344512,2.33000537627252));
#7088=CARTESIAN_POINT('Ctrl Pts',(-0.624551890320581,-2.35767373860609,
2.29100063764823));
#7089=CARTESIAN_POINT('Ctrl Pts',(-0.637200932249977,-2.362,2.2508208842153));
#7090=CARTESIAN_POINT('Ctrl Pts',(-0.649013975422085,-2.362,2.21050354673178));
#7091=CARTESIAN_POINT('Ctrl Pts',(-0.596224055294215,-2.34726648157085,
2.32571797203033));
#7092=CARTESIAN_POINT('Ctrl Pts',(-0.614315879151017,-2.35703972982739,
2.28852674513321));
#7093=CARTESIAN_POINT('Ctrl Pts',(-0.632120397071988,-2.362,2.2496688471333));
#7094=CARTESIAN_POINT('Ctrl Pts',(-0.649013975422085,-2.362,2.21050354673178));
#7095=CARTESIAN_POINT('',(-0.649013975422085,-2.362,2.21050354673178));
#7096=CARTESIAN_POINT('Ctrl Pts',(-0.642081028710023,-2.34726648157085,
2.3374854610162));
#7097=CARTESIAN_POINT('Ctrl Pts',(-0.645013154312475,-2.35703972982739,
2.2959419112093));
#7098=CARTESIAN_POINT('Ctrl Pts',(-0.647362002605957,-2.362,2.2531249583793));
#7099=CARTESIAN_POINT('Ctrl Pts',(-0.649013975422085,-2.362,2.21050354673178));
#7100=CARTESIAN_POINT('Ctrl Pts',(-0.649013975422085,-2.362,2.21050354673178));
#7101=CARTESIAN_POINT('Ctrl Pts',(-0.632120397071988,-2.362,2.2496688471333));
#7102=CARTESIAN_POINT('Ctrl Pts',(-0.614315879151017,-2.35703972982739,
2.28852674513321));
#7103=CARTESIAN_POINT('Ctrl Pts',(-0.596224055294215,-2.34726648157085,
2.32571797203033));
#7104=CARTESIAN_POINT('Ctrl Pts',(-1.63640936439528,-2.362,1.61028352686529));
#7105=CARTESIAN_POINT('Ctrl Pts',(-1.35675977621495,-2.362,1.90532051966976));
#7106=CARTESIAN_POINT('Ctrl Pts',(-0.994056451502888,-2.362,2.11953979833456));
#7107=CARTESIAN_POINT('Ctrl Pts',(-0.604309208260093,-2.362,2.22286423581033));
#7108=CARTESIAN_POINT('Ctrl Pts',(-1.67032781490909,-2.362,1.64243298930301));
#7109=CARTESIAN_POINT('Ctrl Pts',(-1.38294146006911,-2.36199811902294,1.94212160720214));
#7110=CARTESIAN_POINT('Ctrl Pts',(-1.01374665973295,-2.36199815573205,2.16017568404385));
#7111=CARTESIAN_POINT('Ctrl Pts',(-0.616275814245588,-2.362,2.26800313816258));
#7112=CARTESIAN_POINT('Ctrl Pts',(-1.70424278374828,-2.35540525845671,1.67457915164989));
#7113=CARTESIAN_POINT('Ctrl Pts',(-1.40912138953546,-2.35608931730743,1.97891962707871));
#7114=CARTESIAN_POINT('Ctrl Pts',(-1.03343502460948,-2.35608708475208,2.2008085471431));
#7115=CARTESIAN_POINT('Ctrl Pts',(-0.628241195612951,-2.35541537486313,
2.31313742116675));
#7116=CARTESIAN_POINT('Ctrl Pts',(-1.73683651606353,-2.34247201186233,1.70547298544537));
#7117=CARTESIAN_POINT('Ctrl Pts',(-1.43441732831173,-2.34447695426637,2.01441243487466));
#7118=CARTESIAN_POINT('Ctrl Pts',(-1.05240421144452,-2.34447040034205,2.24003823920929));
#7119=CARTESIAN_POINT('Ctrl Pts',(-0.639741141841202,-2.34250158257869,
2.35651604919899));
#7120=CARTESIAN_POINT('Ctrl Pts',(-1.62916226358042,-2.362,1.61789189419709));
#7121=CARTESIAN_POINT('Ctrl Pts',(-1.36128286939424,-2.362,1.89774670781329));
#7122=CARTESIAN_POINT('Ctrl Pts',(-1.018404157246,-2.362,2.10395944894549));
#7123=CARTESIAN_POINT('Ctrl Pts',(-0.649011162940535,-2.362,2.21049377907408));
#7124=CARTESIAN_POINT('Ctrl Pts',(0.266521171413861,-2.35353841977055,2.06010551890643));
#7125=CARTESIAN_POINT('Ctrl Pts',(0.266453442772112,-2.35323263929116,2.06176660256374));
#7126=CARTESIAN_POINT('Ctrl Pts',(0.266636609881914,-2.35291797197803,2.0634453603124));
#7127=CARTESIAN_POINT('Ctrl Pts',(0.267009456615119,-2.35261008294798,2.0650645636248));
#7128=CARTESIAN_POINT('Ctrl Pts',(0.262674227108436,-2.35364776859557,2.05997995238863));
#7129=CARTESIAN_POINT('Ctrl Pts',(0.262534248681184,-2.35327731745863,2.06199884701547));
#7130=CARTESIAN_POINT('Ctrl Pts',(0.262642158655809,-2.35289929744232,2.06402906196329));
#7131=CARTESIAN_POINT('Ctrl Pts',(0.262940126924089,-2.35253194554083,2.06597909542883));
#7132=CARTESIAN_POINT('Ctrl Pts',(0.258824835588306,-2.35364776859557,2.0598341566151));
#7133=CARTESIAN_POINT('Ctrl Pts',(0.258612535491427,-2.35320931280131,2.06221024511515));
#7134=CARTESIAN_POINT('Ctrl Pts',(0.258645040565488,-2.35276130576029,2.06459068990567));
#7135=CARTESIAN_POINT('Ctrl Pts',(0.258867926605885,-2.35232546057397,2.06686988314943));
#7136=CARTESIAN_POINT('Ctrl Pts',(0.254979414443593,-2.35353841977055,2.05966837465218));
#7137=CARTESIAN_POINT('Ctrl Pts',(0.254695036873919,-2.35302873869772,2.06240045181414));
#7138=CARTESIAN_POINT('Ctrl Pts',(0.254652516199125,-2.3525042385203,2.06512926780517));
#7139=CARTESIAN_POINT('Ctrl Pts',(0.254800823191879,-2.35199103204899,2.06773518390104));
#7140=CARTESIAN_POINT('',(0.254979414443593,-2.35353841977055,2.05966837465218));
#7141=CARTESIAN_POINT('Ctrl Pts',(0.254800823191879,-2.35199103204899,2.06773518390104));
#7142=CARTESIAN_POINT('Ctrl Pts',(0.254652516199125,-2.3525042385203,2.06512926780517));
#7143=CARTESIAN_POINT('Ctrl Pts',(0.254695036873919,-2.35302873869772,2.06240045181414));
#7144=CARTESIAN_POINT('Ctrl Pts',(0.254979414443593,-2.35353841977055,2.05966837465218));
#7145=CARTESIAN_POINT('Origin',(0.262119657454666,-2.15692305186233,2.02373212509746));
#7146=CARTESIAN_POINT('Ctrl Pts',(0.254979414443591,-2.35353841977055,2.05966837465217));
#7147=CARTESIAN_POINT('Ctrl Pts',(0.258114146076129,-2.35915670177258,2.02955232607669));
#7148=CARTESIAN_POINT('Ctrl Pts',(0.261165551915304,-2.362,1.99878398871845));
#7149=CARTESIAN_POINT('Ctrl Pts',(0.264060438546932,-2.362,1.96811942952116));
#7150=CARTESIAN_POINT('Ctrl Pts',(0.258824835588303,-2.35364776859557,2.0598341566151));
#7151=CARTESIAN_POINT('Ctrl Pts',(0.260681880992414,-2.35919449870888,2.02964206858888));
#7152=CARTESIAN_POINT('Ctrl Pts',(0.262441014772328,-2.362,1.99882474003374));
#7153=CARTESIAN_POINT('Ctrl Pts',(0.264060438546932,-2.362,1.96811942952116));
#7154=CARTESIAN_POINT('Ctrl Pts',(0.262674227108433,-2.35364776859557,2.05997995238863));
#7155=CARTESIAN_POINT('Ctrl Pts',(0.263249585899372,-2.35919449870888,2.02973170012724));
#7156=CARTESIAN_POINT('Ctrl Pts',(0.263716477629352,-2.362,1.99886549134902));
#7157=CARTESIAN_POINT('Ctrl Pts',(0.264060438546932,-2.362,1.96811942952116));
#7158=CARTESIAN_POINT('Ctrl Pts',(0.266521171413858,-2.35353841977055,2.06010551890643));
#7159=CARTESIAN_POINT('Ctrl Pts',(0.265817249141419,-2.35915670177258,2.02982123295506));
#7160=CARTESIAN_POINT('Ctrl Pts',(0.264991940486377,-2.362,1.99890624266431));
#7161=CARTESIAN_POINT('Ctrl Pts',(0.264060438546932,-2.362,1.96811942952116));
#7162=CARTESIAN_POINT('',(0.264060438546932,-2.362,1.96811942952116));
#7163=CARTESIAN_POINT('Ctrl Pts',(0.254979414443591,-2.35353841977055,2.05966837465217));
#7164=CARTESIAN_POINT('Ctrl Pts',(0.258114146076129,-2.35915670177258,2.02955232607669));
#7165=CARTESIAN_POINT('Ctrl Pts',(0.261165551915304,-2.362,1.99878398871845));
#7166=CARTESIAN_POINT('Ctrl Pts',(0.264060438546932,-2.362,1.96811942952116));
#7167=CARTESIAN_POINT('Ctrl Pts',(0.264060438546932,-2.362,1.96811942952116));
#7168=CARTESIAN_POINT('Ctrl Pts',(0.264991940486377,-2.362,1.99890624266431));
#7169=CARTESIAN_POINT('Ctrl Pts',(0.265817249141419,-2.35915670177258,2.02982123295506));
#7170=CARTESIAN_POINT('Ctrl Pts',(0.266521171413858,-2.35353841977055,2.06010551890643));
#7171=CARTESIAN_POINT('Ctrl Pts',(-0.679631414670819,-2.362,2.23877169973718));
#7172=CARTESIAN_POINT('Ctrl Pts',(-0.431754103518334,-2.362,2.00098356430608));
#7173=CARTESIAN_POINT('Ctrl Pts',(-0.0620300137528953,-2.362,1.90284811393508));
#7174=CARTESIAN_POINT('Ctrl Pts',(0.274324651898993,-2.362,1.97012571394971));
#7175=CARTESIAN_POINT('Ctrl Pts',(-0.651552616248639,-2.362,2.26804186092779));
#7176=CARTESIAN_POINT('Ctrl Pts',(-0.407572808779637,-2.3620038932418,2.04455613625508));
#7177=CARTESIAN_POINT('Ctrl Pts',(-0.0609548006920342,-2.36200260713388,
1.94642103197414));
#7178=CARTESIAN_POINT('Ctrl Pts',(0.267772933064487,-2.362,2.00288106190425));
#7179=CARTESIAN_POINT('Ctrl Pts',(-0.623475454734079,-2.35704030124315,
2.29731031575799));
#7180=CARTESIAN_POINT('Ctrl Pts',(-0.383394294749818,-2.35517096029062,
2.08812458713961));
#7181=CARTESIAN_POINT('Ctrl Pts',(-0.0598794266139052,-2.35680564065207,
1.98999164509325));
#7182=CARTESIAN_POINT('Ctrl Pts',(0.261221390095349,-2.35864132559561,2.03563553061908));
#7183=CARTESIAN_POINT('Ctrl Pts',(-0.596224055299884,-2.34726648157188,
2.32571797203001));
#7184=CARTESIAN_POINT('Ctrl Pts',(-0.360235532068882,-2.3417560792293,2.13008950448136));
#7185=CARTESIAN_POINT('Ctrl Pts',(-0.0587544380635408,-2.34654925465806,
2.03233516483724));
#7186=CARTESIAN_POINT('Ctrl Pts',(0.2548008231491,-2.35199103200468,2.06773518411492));
#7187=CARTESIAN_POINT('Ctrl Pts',(-0.648942565610379,-2.362,2.21058474750157));
#7188=CARTESIAN_POINT('Ctrl Pts',(-0.404494755792638,-2.362,1.99561139486151));
#7189=CARTESIAN_POINT('Ctrl Pts',(-0.0558909735873164,-2.362,1.90744449216362));
#7190=CARTESIAN_POINT('Ctrl Pts',(0.264059250312418,-2.362,1.96812569465568));
#7191=CARTESIAN_POINT('Ctrl Pts',(0.2548008231491,-2.35199103200468,2.06773518411492));
#7192=CARTESIAN_POINT('Ctrl Pts',(-0.0587544380635408,-2.34654925465806,
2.03233516483724));
#7193=CARTESIAN_POINT('Ctrl Pts',(-0.360235532068882,-2.3417560792293,2.13008950448136));
#7194=CARTESIAN_POINT('Ctrl Pts',(-0.596224055299884,-2.34726648157188,
2.32571797203001));
#7195=CARTESIAN_POINT('Ctrl Pts',(-0.28001761270549,-2.162,3.05700802650831));
#7196=CARTESIAN_POINT('Ctrl Pts',(-0.388254481205768,-2.225330344015,2.80716930855995));
#7197=CARTESIAN_POINT('Ctrl Pts',(-0.496491349706047,-2.28866068803,2.55733059061159));
#7198=CARTESIAN_POINT('Ctrl Pts',(-0.604728218206325,-2.35199103204499,
2.30749187266324));
#7199=CARTESIAN_POINT('Ctrl Pts',(-0.266951820431387,-2.162,2.95402828204788));
#7200=CARTESIAN_POINT('Ctrl Pts',(-0.357766438021321,-2.225330344015,2.71855236450478));
#7201=CARTESIAN_POINT('Ctrl Pts',(-0.449327679686657,-2.28866068803,2.48323780185089));
#7202=CARTESIAN_POINT('Ctrl Pts',(-0.54014229727659,-2.35199103204499,2.24776188430779));
#7203=CARTESIAN_POINT('Ctrl Pts',(-0.150396731650516,-2.162,2.76014489446788));
#7204=CARTESIAN_POINT('Ctrl Pts',(-0.2314297029048,-2.225330344015,2.55489401804811));
#7205=CARTESIAN_POINT('Ctrl Pts',(-0.312177205951077,-2.28866068803,2.34966381270231));
#7206=CARTESIAN_POINT('Ctrl Pts',(-0.39321017720536,-2.351991032045,2.14441293628254));
#7207=CARTESIAN_POINT('Ctrl Pts',(0.154380959074072,-2.162,2.69899392960519));
#7208=CARTESIAN_POINT('Ctrl Pts',(0.0500500004962276,-2.225330344015,2.48696193641175));
#7209=CARTESIAN_POINT('Ctrl Pts',(-0.0544479357020841,-2.28866068803,2.2747690025992));
#7210=CARTESIAN_POINT('Ctrl Pts',(-0.158778894279929,-2.35199103204499,
2.06273700940576));
#7211=CARTESIAN_POINT('Ctrl Pts',(0.389669583634448,-2.162,2.83720227520061));
#7212=CARTESIAN_POINT('Ctrl Pts',(0.280463953784217,-2.225330344015,2.57194118660757));
#7213=CARTESIAN_POINT('Ctrl Pts',(0.171347326905464,-2.28866068803,2.30691179699809));
#7214=CARTESIAN_POINT('Ctrl Pts',(0.0621416970552331,-2.35199103204499,
2.04165070840505));
#7215=CARTESIAN_POINT('Ctrl Pts',(0.456324020455727,-2.162,2.98608050582255));
#7216=CARTESIAN_POINT('Ctrl Pts',(0.368158242965313,-2.225330344015,2.67587306299313));
#7217=CARTESIAN_POINT('Ctrl Pts',(0.280102552250979,-2.28866068803,2.36536857104815));
#7218=CARTESIAN_POINT('Ctrl Pts',(0.191936774760565,-2.35199103204499,2.05516112821873));
#7219=CARTESIAN_POINT('Ctrl Pts',(0.464781001046148,-2.162,3.06347380169688));
#7220=CARTESIAN_POINT('Ctrl Pts',(0.394787608420114,-2.225330344015,2.73156092910336));
#7221=CARTESIAN_POINT('Ctrl Pts',(0.324794215794079,-2.28866068803,2.39964805650985));
#7222=CARTESIAN_POINT('Ctrl Pts',(0.254800823168045,-2.35199103204499,2.06773518391634));
#7223=CARTESIAN_POINT('Ctrl Pts',(1.12824805878899,-2.16196521814835,2.89868923129209));
#7224=CARTESIAN_POINT('Ctrl Pts',(1.0092157845593,-2.2179871767752,2.62193200964543));
#7225=CARTESIAN_POINT('Ctrl Pts',(0.890163520889169,-2.27400324463048,2.3451812014944));
#7226=CARTESIAN_POINT('Ctrl Pts',(0.771055662076066,-2.33000336156868,2.06844705970222));
#7227=CARTESIAN_POINT('Ctrl Pts',(1.15335608748231,-2.1621597234913,2.88794443694769));
#7228=CARTESIAN_POINT('Ctrl Pts',(1.0343711907036,-2.2182019908514,2.61117200262795));
#7229=CARTESIAN_POINT('Ctrl Pts',(0.915377231166319,-2.27424263019114,2.33440245973553));
#7230=CARTESIAN_POINT('Ctrl Pts',(0.796357784295894,-2.33028102283097,2.0576406748418));
#7231=CARTESIAN_POINT('Ctrl Pts',(1.17808100132505,-2.15677867285362,2.8762357926694));
#7232=CARTESIAN_POINT('Ctrl Pts',(1.05914591150327,-2.21282058209663,2.59944301182475));
#7233=CARTESIAN_POINT('Ctrl Pts',(0.940213318221963,-2.26886080151984,2.32264848018577));
#7234=CARTESIAN_POINT('Ctrl Pts',(0.821287027621674,-2.3248986834773,2.04584940408653));
#7235=CARTESIAN_POINT('Ctrl Pts',(1.20039897707303,-2.14626252460973,2.86452169315977));
#7236=CARTESIAN_POINT('Ctrl Pts',(1.0815048402247,-2.20228500543407,2.58770850974503));
#7237=CARTESIAN_POINT('Ctrl Pts',(0.962622850272733,-2.25830176268542,2.31088894917698));
#7238=CARTESIAN_POINT('Ctrl Pts',(0.843773098222123,-2.314303329556,2.03405247471533));
#7239=CARTESIAN_POINT('Origin',(0.758523630824304,-2.13338199773361,2.03405247471645));
#7240=CARTESIAN_POINT('Ctrl Pts',(0.77105566207606,-2.33000336156868,2.06844705970221));
#7241=CARTESIAN_POINT('Ctrl Pts',(0.763619002224159,-2.33349980441876,2.05116879022089));
#7242=CARTESIAN_POINT('Ctrl Pts',(0.744362607451882,-2.34161252177723,2.01179417853787));
#7243=CARTESIAN_POINT('Ctrl Pts',(0.71836927788423,-2.34972482837281,1.97488763817364));
#7244=CARTESIAN_POINT('Ctrl Pts',(0.697571335836124,-2.35355125578365,1.96035405516515));
#7245=CARTESIAN_POINT('Ctrl Pts',(0.796357784295877,-2.33028102283097,2.05764067484179));
#7246=CARTESIAN_POINT('Ctrl Pts',(0.787099198556017,-2.33390625238855,2.04028051784625));
#7247=CARTESIAN_POINT('Ctrl Pts',(0.763227175189578,-2.34235278272189,2.00071805069883));
#7248=CARTESIAN_POINT('Ctrl Pts',(0.731301004453439,-2.35090172268695,1.96362550198879));
#7249=CARTESIAN_POINT('Ctrl Pts',(0.70592628618214,-2.35503849321653,1.94899936275138));
#7250=CARTESIAN_POINT('Ctrl Pts',(0.821287027621646,-2.32489868347731,2.04584940408652));
#7251=CARTESIAN_POINT('Ctrl Pts',(0.810255147573285,-2.32934098065932,2.02852621707214));
#7252=CARTESIAN_POINT('Ctrl Pts',(0.781873937822251,-2.33966429121597,1.98904280466247));
#7253=CARTESIAN_POINT('Ctrl Pts',(0.744105993059401,-2.35004485633574,1.95200699077709));
#7254=CARTESIAN_POINT('Ctrl Pts',(0.714190148660514,-2.35503849320607,1.93738344985017));
#7255=CARTESIAN_POINT('Ctrl Pts',(0.843773098222086,-2.31430332955602,2.03405247471531));
#7256=CARTESIAN_POINT('Ctrl Pts',(0.83140552387561,-2.32013088518697,2.01676781595579));
#7257=CARTESIAN_POINT('Ctrl Pts',(0.799430852050583,-2.33365246192833,1.97736607086297));
#7258=CARTESIAN_POINT('Ctrl Pts',(0.756429260128604,-2.34717347684661,1.94038775525253));
#7259=CARTESIAN_POINT('Ctrl Pts',(0.722177365178439,-2.35355125575249,1.92576714203185));
#7260=CARTESIAN_POINT('Origin',(0.68556619099754,-2.15693075345149,1.92576714203233));
#7261=CARTESIAN_POINT('Ctrl Pts',(0.630649429725671,-2.362,1.88629327971798));
#7262=CARTESIAN_POINT('Ctrl Pts',(0.661157035977336,-2.362,1.89958819745874));
#7263=CARTESIAN_POINT('Ctrl Pts',(0.691801332023061,-2.35920734055834,1.91280096221888));
#7264=CARTESIAN_POINT('Ctrl Pts',(0.722177364765805,-2.35355125582932,1.92576714185572));
#7265=CARTESIAN_POINT('Ctrl Pts',(0.630649429725671,-2.362,1.88629327971798));
#7266=CARTESIAN_POINT('Ctrl Pts',(0.658346565836528,-2.36199819938346,1.90345701115252));
#7267=CARTESIAN_POINT('Ctrl Pts',(0.686249508124943,-2.35972840663853,1.92052889989087));
#7268=CARTESIAN_POINT('Ctrl Pts',(0.714190148300381,-2.35503849326619,1.93738344967472));
#7269=CARTESIAN_POINT('Ctrl Pts',(0.630649429725671,-2.362,1.88629327971798));
#7270=CARTESIAN_POINT('Ctrl Pts',(0.655538539554358,-2.36199819938346,1.90732346582797));
#7271=CARTESIAN_POINT('Ctrl Pts',(0.680694181951613,-2.35972840663853,1.92825976421711));
#7272=CARTESIAN_POINT('Ctrl Pts',(0.705926285876959,-2.35503849326619,1.94899936257662));
#7273=CARTESIAN_POINT('Ctrl Pts',(0.630649429725671,-2.362,1.88629327971798));
#7274=CARTESIAN_POINT('Ctrl Pts',(0.65272836586839,-2.362,1.91119286717934));
#7275=CARTESIAN_POINT('Ctrl Pts',(0.675141436704163,-2.35920734055834,1.93598564626516));
#7276=CARTESIAN_POINT('Ctrl Pts',(0.697571335586311,-2.35355125582932,1.96035405499219));
#7277=CARTESIAN_POINT('Ctrl Pts',(0.697571335586311,-2.35355125582932,1.96035405499219));
#7278=CARTESIAN_POINT('Ctrl Pts',(0.675141436704163,-2.35920734055834,1.93598564626516));
#7279=CARTESIAN_POINT('Ctrl Pts',(0.65272836586839,-2.362,1.91119286717934));
#7280=CARTESIAN_POINT('Ctrl Pts',(0.630649429725671,-2.362,1.88629327971798));
#7281=CARTESIAN_POINT('Ctrl Pts',(0.255517386515822,-2.362,1.96917203438401));
#7282=CARTESIAN_POINT('Ctrl Pts',(0.395709985422583,-2.362,1.95220744525865));
#7283=CARTESIAN_POINT('Ctrl Pts',(0.534044947664903,-2.362,1.92022942232742));
#7284=CARTESIAN_POINT('Ctrl Pts',(0.667558473819255,-2.362,1.87388677203981));
#7285=CARTESIAN_POINT('Ctrl Pts',(0.259206146881122,-2.362,1.99965534868856));
#7286=CARTESIAN_POINT('Ctrl Pts',(0.401568266285189,-2.36199999775402,1.98241805787945));
#7287=CARTESIAN_POINT('Ctrl Pts',(0.542042065555066,-2.36200000121738,1.94993748540221));
#7288=CARTESIAN_POINT('Ctrl Pts',(0.677619493939329,-2.362,1.90287264713768));
#7289=CARTESIAN_POINT('Ctrl Pts',(0.262894836532062,-2.35916350840076,2.03013807862116));
#7290=CARTESIAN_POINT('Ctrl Pts',(0.407426429063552,-2.35916537665176,2.0126280929726));
#7291=CARTESIAN_POINT('Ctrl Pts',(0.55003903602978,-2.35916682139779,1.97964497829167));
#7292=CARTESIAN_POINT('Ctrl Pts',(0.687680321773301,-2.35916783556965,1.93185796825784));
#7293=CARTESIAN_POINT('Ctrl Pts',(0.266521171413806,-2.35353841977055,2.06010551890641));
#7294=CARTESIAN_POINT('Ctrl Pts',(0.413185588140229,-2.3535439683152,2.04232778801657));
#7295=CARTESIAN_POINT('Ctrl Pts',(0.557900983033064,-2.35354824378116,2.00885086754404));
#7296=CARTESIAN_POINT('Ctrl Pts',(0.697571335923215,-2.35355125583038,1.96035405486924));
#7297=CARTESIAN_POINT('Ctrl Pts',(0.264060432050893,-2.362,1.96811937772512));
#7298=CARTESIAN_POINT('Ctrl Pts',(0.388459796528642,-2.362,1.95251625268487));
#7299=CARTESIAN_POINT('Ctrl Pts',(0.51134741972569,-2.362,1.9250892455398));
#7300=CARTESIAN_POINT('Ctrl Pts',(0.630649146940003,-2.362,1.88629241027793));
#7301=CARTESIAN_POINT('Origin',(-0.579379465382846,-2.362,1.77787694900051));
#7302=CARTESIAN_POINT('Origin',(0.017,-2.2228707569854,4.93576459034227E-16));
#7303=CARTESIAN_POINT('',(-4.56306299918319,-2.35604880125927,-3.77480239245837E-17));
#7304=CARTESIAN_POINT('Origin',(0.017,-2.35604880125927,5.23147925259709E-16));
#7305=CARTESIAN_POINT('',(-4.34404409942824,-2.2228707569854,1.02765032876475E-15));
#7306=CARTESIAN_POINT('Origin',(-4.49404409942824,-2.2228707569854,1.04602003075196E-15));
#7307=CARTESIAN_POINT('Origin',(0.017,-2.2228707569854,4.93576459034227E-16));
#7308=CARTESIAN_POINT('Origin',(0.017,-2.412,5.35571587079175E-16));
#7309=CARTESIAN_POINT('',(-4.34404409942824,-2.412,1.0696454568097E-15));
#7310=CARTESIAN_POINT('Origin',(0.017,-1.91212198701301,4.2457637117477E-16));
#7311=CARTESIAN_POINT('',(-4.833,-1.91212198701301,-7.66346970523181E-16));
#7312=CARTESIAN_POINT('',(4.867,-1.91212198701301,-1.69377326411696E-16));
#7313=CARTESIAN_POINT('Origin',(0.017,-1.91212198701301,4.2457637117477E-16));
#7314=CARTESIAN_POINT('Origin',(0.017,-1.91212198701301,4.2457637117477E-16));
#7315=CARTESIAN_POINT('Origin',(-4.333,-1.91212198701301,-6.43571368286278E-16));
#7316=CARTESIAN_POINT('Origin',(0.017,-0.142,3.15303338993544E-17));
#7317=CARTESIAN_POINT('',(4.867,1.628,-9.55442314404417E-16));
#7318=CARTESIAN_POINT('Origin',(0.017,1.628,-3.61488616817951E-16));
#7319=CARTESIAN_POINT('',(4.867,-0.142,-5.62423363687112E-16));
#7320=CARTESIAN_POINT('Origin',(0.017,1.628,-3.61488616817951E-16));
#7321=CARTESIAN_POINT('',(4.367,2.128,6.02104383486322E-17));
#7322=CARTESIAN_POINT('Origin',(4.367,1.628,1.71232740811148E-16));
#7323=CARTESIAN_POINT('Origin',(0.017,2.128,-4.72510919280467E-16));
#7324=CARTESIAN_POINT('Origin',(0.017,2.128,-4.72510919280467E-16));
#7325=CARTESIAN_POINT('',(4.3295,2.128,-1.00063985141276E-15));
#7326=CARTESIAN_POINT('Origin',(0.017,2.128,-4.72510919280467E-16));
#7327=CARTESIAN_POINT('Origin',(0.017,2.328,-5.16919840265473E-16));
#7328=CARTESIAN_POINT('',(4.3295,2.328,-1.04504877239777E-15));
#7329=CARTESIAN_POINT('Origin',(0.017,2.328,-5.16919840265473E-16));
#7330=CARTESIAN_POINT('Origin',(0.017,2.128,-4.72510919280467E-16));
#7331=CARTESIAN_POINT('',(4.3295,2.128,-1.00063985141276E-15));
#7332=CARTESIAN_POINT('Origin',(0.017,2.128,-4.72510919280467E-16));
#7333=CARTESIAN_POINT('',(0.242,2.128,-5.00065472261282E-16));
#7334=CARTESIAN_POINT('Origin',(0.017,2.128,-4.72510919280467E-16));
#7335=CARTESIAN_POINT('Origin',(0.017,2.128,-4.72510919280467E-16));
#7336=CARTESIAN_POINT('',(0.242,2.128,-1.2));
#7337=CARTESIAN_POINT('Origin',(0.017,2.128,-1.2));
#7338=CARTESIAN_POINT('Origin',(0.017,2.128,-4.72510919280467E-16));
#7339=CARTESIAN_POINT('',(-0.899267819554185,2.128,-0.370820393249938));
#7340=CARTESIAN_POINT('Origin',(-1.12426781955418,2.128,-0.370820393249938));
#7341=CARTESIAN_POINT('Origin',(0.017,2.128,-4.72510919280467E-16));
#7342=CARTESIAN_POINT('',(-0.463342302750968,2.128,0.970820393249937));
#7343=CARTESIAN_POINT('Origin',(-0.688342302750968,2.128,0.970820393249937));
#7344=CARTESIAN_POINT('Origin',(0.017,2.128,-4.72510919280467E-16));
#7345=CARTESIAN_POINT('',(0.947342302750968,2.128,0.970820393249937));
#7346=CARTESIAN_POINT('Origin',(0.722342302750968,2.128,0.970820393249937));
#7347=CARTESIAN_POINT('Origin',(0.017,2.128,-4.72510919280467E-16));
#7348=CARTESIAN_POINT('',(1.38326781955418,2.128,-0.370820393249937));
#7349=CARTESIAN_POINT('Origin',(1.15826781955418,2.128,-0.370820393249937));
#7350=CARTESIAN_POINT('Origin',(0.017,-1.412,3.13526982154144E-16));
#7351=CARTESIAN_POINT('',(3.867,-1.412,7.85015999825875E-16));
#7352=CARTESIAN_POINT('Origin',(0.017,-1.412,3.13526982154144E-16));
#7353=CARTESIAN_POINT('Origin',(0.017,-0.142,3.15303338993544E-17));
#7354=CARTESIAN_POINT('',(3.867,1.128,-7.21955332027166E-16));
#7355=CARTESIAN_POINT('',(3.867,-0.142,-4.39958683772377E-16));
#7356=CARTESIAN_POINT('Origin',(0.017,1.128,-2.50466314355435E-16));
#7357=CARTESIAN_POINT('Origin',(1.15826781955418,2.128,-0.370820393249937));
#7358=CARTESIAN_POINT('',(1.17633458188941,1.878,-1.5956871582896));
#7359=CARTESIAN_POINT('',(1.17633458188941,1.128,-1.5956871582896));
#7360=CARTESIAN_POINT('',(1.17633458188941,2.128,-1.5956871582896));
#7361=CARTESIAN_POINT('',(1.89284275783022,1.128,0.609498259054893));
#7362=CARTESIAN_POINT('Origin',(1.15826781955418,1.128,-0.370820393249937));
#7363=CARTESIAN_POINT('',(1.89284275783022,1.878,0.609498259054893));
#7364=CARTESIAN_POINT('',(1.89284275783022,2.128,0.609498259054893));
#7365=CARTESIAN_POINT('Origin',(1.15826781955418,1.878,-0.370820393249937));
#7366=CARTESIAN_POINT('Origin',(0.017,2.128,-1.2));
#7367=CARTESIAN_POINT('',(-1.14233458188941,1.128,-1.5956871582896));
#7368=CARTESIAN_POINT('',(-1.14233458188941,1.878,-1.5956871582896));
#7369=CARTESIAN_POINT('',(-1.14233458188941,2.128,-1.5956871582896));
#7370=CARTESIAN_POINT('Origin',(0.017,1.128,-1.2));
#7371=CARTESIAN_POINT('Origin',(0.017,1.878,-1.2));
#7372=CARTESIAN_POINT('Origin',(0.722342302750968,2.128,0.970820393249937));
#7373=CARTESIAN_POINT('',(0.0169999999999995,1.128,1.97237779846941));
#7374=CARTESIAN_POINT('',(0.0169999999999997,1.878,1.97237779846941));
#7375=CARTESIAN_POINT('',(0.0169999999999997,2.128,1.97237779846941));
#7376=CARTESIAN_POINT('Origin',(0.722342302750968,1.878,0.970820393249937));
#7377=CARTESIAN_POINT('Origin',(0.722342302750968,1.128,0.970820393249937));
#7378=CARTESIAN_POINT('Origin',(0.017,1.128,-2.50466314355435E-16));
#7379=CARTESIAN_POINT('',(-1.85884275783022,1.128,0.609498259054892));
#7380=CARTESIAN_POINT('Origin',(-1.12426781955418,1.128,-0.370820393249937));
#7381=CARTESIAN_POINT('Origin',(-0.688342302750968,1.128,0.970820393249937));
#7382=CARTESIAN_POINT('Origin',(-1.12426781955418,2.128,-0.370820393249938));
#7383=CARTESIAN_POINT('',(-1.85884275783022,1.878,0.609498259054892));
#7384=CARTESIAN_POINT('Origin',(-1.12426781955418,1.878,-0.370820393249937));
#7385=CARTESIAN_POINT('',(-1.85884275783022,2.128,0.609498259054892));
#7386=CARTESIAN_POINT('Origin',(-1.12426781955418,1.878,-0.370820393249937));
#7387=CARTESIAN_POINT('Origin',(-0.688342302750968,1.878,0.970820393249937));
#7388=CARTESIAN_POINT('',(1.38326781955418,1.878,-0.370820393249937));
#7389=CARTESIAN_POINT('Origin',(1.15826781955418,1.878,-0.370820393249937));
#7390=CARTESIAN_POINT('',(0.947342302750968,1.878,0.970820393249937));
#7391=CARTESIAN_POINT('Origin',(0.722342302750968,1.878,0.970820393249937));
#7392=CARTESIAN_POINT('',(-0.463342302750968,1.878,0.970820393249937));
#7393=CARTESIAN_POINT('Origin',(-0.688342302750968,1.878,0.970820393249937));
#7394=CARTESIAN_POINT('',(-0.899267819554185,1.878,-0.370820393249937));
#7395=CARTESIAN_POINT('Origin',(-1.12426781955418,1.878,-0.370820393249937));
#7396=CARTESIAN_POINT('',(0.242,1.878,-1.2));
#7397=CARTESIAN_POINT('Origin',(0.017,1.878,-1.2));
#7398=CARTESIAN_POINT('',(0.242,1.878,-4.44554321030024E-16));
#7399=CARTESIAN_POINT('Origin',(0.017,1.878,-4.16999768049209E-16));
#7400=CARTESIAN_POINT('Origin',(-0.688342302750968,2.128,0.970820393249937));
#7401=CARTESIAN_POINT('Origin',(1.15826781955418,2.128,-0.370820393249937));
#7402=CARTESIAN_POINT('',(1.38326781955418,2.128,-0.370820393249937));
#7403=CARTESIAN_POINT('Origin',(0.722342302750968,2.128,0.970820393249937));
#7404=CARTESIAN_POINT('',(0.947342302750968,2.128,0.970820393249937));
#7405=CARTESIAN_POINT('Origin',(-0.688342302750968,2.128,0.970820393249937));
#7406=CARTESIAN_POINT('',(-0.463342302750968,2.128,0.970820393249937));
#7407=CARTESIAN_POINT('Origin',(-1.12426781955418,2.128,-0.370820393249938));
#7408=CARTESIAN_POINT('',(-0.899267819554184,2.128,-0.370820393249938));
#7409=CARTESIAN_POINT('Origin',(0.017,2.128,-1.2));
#7410=CARTESIAN_POINT('',(0.242,2.128,-1.2));
#7411=CARTESIAN_POINT('Origin',(0.017,2.128,-4.72510919280467E-16));
#7412=CARTESIAN_POINT('',(0.242,2.128,-4.44956366299651E-16));
#7413=UNCERTAINTY_MEASURE_WITH_UNIT(LENGTH_MEASURE(0.01),#7417,
'DISTANCE_ACCURACY_VALUE',
'Maximum model space distance between geometric entities at asserted c
onnectivities');
#7414=UNCERTAINTY_MEASURE_WITH_UNIT(LENGTH_MEASURE(0.01),#7417,
'DISTANCE_ACCURACY_VALUE',
'Maximum model space distance between geometric entities at asserted c
onnectivities');
#7415=(
GEOMETRIC_REPRESENTATION_CONTEXT(3)
GLOBAL_UNCERTAINTY_ASSIGNED_CONTEXT((#7413))
GLOBAL_UNIT_ASSIGNED_CONTEXT((#7417,#7419,#7420))
REPRESENTATION_CONTEXT('','3D')
);
#7416=(
GEOMETRIC_REPRESENTATION_CONTEXT(3)
GLOBAL_UNCERTAINTY_ASSIGNED_CONTEXT((#7414))
GLOBAL_UNIT_ASSIGNED_CONTEXT((#7417,#7419,#7420))
REPRESENTATION_CONTEXT('','3D')
);
#7417=(
LENGTH_UNIT()
NAMED_UNIT(*)
SI_UNIT(.MILLI.,.METRE.)
);
#7418=(
LENGTH_UNIT()
NAMED_UNIT(*)
SI_UNIT(.CENTI.,.METRE.)
);
#7419=(
NAMED_UNIT(*)
PLANE_ANGLE_UNIT()
SI_UNIT($,.RADIAN.)
);
#7420=(
NAMED_UNIT(*)
SI_UNIT($,.STERADIAN.)
SOLID_ANGLE_UNIT()
);
#7421=SHAPE_DEFINITION_REPRESENTATION(#7422,#7423);
#7422=PRODUCT_DEFINITION_SHAPE('',$,#7425);
#7423=SHAPE_REPRESENTATION('',(#2711),#7415);
#7424=PRODUCT_DEFINITION_CONTEXT('part definition',#7429,'design');
#7425=PRODUCT_DEFINITION('AOM-4544P-R','AOM-4544P-R',#7426,#7424);
#7426=PRODUCT_DEFINITION_FORMATION('',$,#7431);
#7427=PRODUCT_RELATED_PRODUCT_CATEGORY('AOM-4544P-R','AOM-4544P-R',(#7431));
#7428=APPLICATION_PROTOCOL_DEFINITION('international standard',
'automotive_design',2009,#7429);
#7429=APPLICATION_CONTEXT(
'Core Data for Automotive Mechanical Design Process');
#7430=PRODUCT_CONTEXT('part definition',#7429,'mechanical');
#7431=PRODUCT('AOM-4544P-R','AOM-4544P-R',$,(#7430));
#7432=PRESENTATION_STYLE_ASSIGNMENT((#7438));
#7433=PRESENTATION_STYLE_ASSIGNMENT((#7439));
#7434=PRESENTATION_STYLE_ASSIGNMENT((#7440));
#7435=PRESENTATION_STYLE_ASSIGNMENT((#7441));
#7436=PRESENTATION_STYLE_ASSIGNMENT((#7442));
#7437=PRESENTATION_STYLE_ASSIGNMENT((#7443));
#7438=SURFACE_STYLE_USAGE(.BOTH.,#7454);
#7439=SURFACE_STYLE_USAGE(.BOTH.,#7455);
#7440=SURFACE_STYLE_USAGE(.BOTH.,#7456);
#7441=SURFACE_STYLE_USAGE(.BOTH.,#7457);
#7442=SURFACE_STYLE_USAGE(.BOTH.,#7458);
#7443=SURFACE_STYLE_USAGE(.BOTH.,#7459);
#7444=SURFACE_STYLE_RENDERING_WITH_PROPERTIES($,#7478,(#7449));
#7445=SURFACE_STYLE_RENDERING_WITH_PROPERTIES($,#7479,(#7450));
#7446=SURFACE_STYLE_RENDERING_WITH_PROPERTIES($,#7480,(#7451));
#7447=SURFACE_STYLE_RENDERING_WITH_PROPERTIES($,#7481,(#7452));
#7448=SURFACE_STYLE_RENDERING_WITH_PROPERTIES($,#7483,(#7453));
#7449=SURFACE_STYLE_TRANSPARENT(0.);
#7450=SURFACE_STYLE_TRANSPARENT(0.);
#7451=SURFACE_STYLE_TRANSPARENT(0.);
#7452=SURFACE_STYLE_TRANSPARENT(0.);
#7453=SURFACE_STYLE_TRANSPARENT(0.);
#7454=SURFACE_SIDE_STYLE('',(#7460,#7444));
#7455=SURFACE_SIDE_STYLE('',(#7461,#7445));
#7456=SURFACE_SIDE_STYLE('',(#7462,#7446));
#7457=SURFACE_SIDE_STYLE('',(#7463,#7447));
#7458=SURFACE_SIDE_STYLE('',(#7464));
#7459=SURFACE_SIDE_STYLE('',(#7465,#7448));
#7460=SURFACE_STYLE_FILL_AREA(#7466);
#7461=SURFACE_STYLE_FILL_AREA(#7467);
#7462=SURFACE_STYLE_FILL_AREA(#7468);
#7463=SURFACE_STYLE_FILL_AREA(#7469);
#7464=SURFACE_STYLE_FILL_AREA(#7470);
#7465=SURFACE_STYLE_FILL_AREA(#7471);
#7466=FILL_AREA_STYLE('',(#7472));
#7467=FILL_AREA_STYLE('',(#7473));
#7468=FILL_AREA_STYLE('',(#7474));
#7469=FILL_AREA_STYLE('',(#7475));
#7470=FILL_AREA_STYLE('',(#7476));
#7471=FILL_AREA_STYLE('',(#7477));
#7472=FILL_AREA_STYLE_COLOUR('',#7478);
#7473=FILL_AREA_STYLE_COLOUR('',#7479);
#7474=FILL_AREA_STYLE_COLOUR('',#7480);
#7475=FILL_AREA_STYLE_COLOUR('',#7481);
#7476=FILL_AREA_STYLE_COLOUR('',#7482);
#7477=FILL_AREA_STYLE_COLOUR('',#7483);
#7478=COLOUR_RGB('',0.956862745098039,0.956862745098039,0.956862745098039);
#7479=COLOUR_RGB('',1.,1.,1.);
#7480=COLOUR_RGB('',0.968627450980392,0.968627450980392,0.898039215686275);
#7481=COLOUR_RGB('',0.737254901960784,0.313725490196078,0.184313725490196);
#7482=COLOUR_RGB('',0.133333333333333,0.117647058823529,0.113725490196078);
#7483=COLOUR_RGB('',0.,0.,0.);
ENDSEC;
END-ISO-10303-21;
